timestamp_ns,gyro_x_rad_s,gyro_y_rad_s,gyro_z_rad_s,linacc_x_m_s2,linacc_y_m_s2,linacc_z_m_s2
7142486470000,0.158203125,-0.095703125,-0.033203125,0.23046875,0.01953125,0.390625
7142489053000,0.173828125,-0.08984375,-0.0234375,0.25,-0.06640625,0.3984375
7142494086000,0.1953125,-0.068359375,-0.041015625,0.25,-0.06640625,0.3984375
7142496854000,0.19921875,-0.060546875,-0.044921875,0.28515625,-0.06640625,0.32421875
7142501503000,0.1953125,-0.05078125,-0.041015625,0.28515625,-0.05859375,0.32421875
7142504049000,0.19140625,-0.048828125,-0.03515625,0.31640625,-0.05078125,0.28515625
7142506367000,0.185546875,-0.03125,-0.03515625,0.31640625,-0.08984375,0.2578125
7142508930000,0.18359375,-0.03125,-0.03125,0.30859375,-0.08984375,0.2578125
7142511542000,0.18359375,-0.02734375,-0.029296875,0.31640625,-0.1171875,0.2265625
7142513881000,0.1640625,-0.02734375,-0.025390625,0.28515625,-0.1171875,0.23828125
7142516498000,0.15234375,-0.015625,-0.0234375,0.28515625,-0.0703125,0.19921875
7142518818000,0.1484375,-0.021484375,-0.013671875,0.28515625,-0.05078125,0.19921875
7142521576000,0.130859375,-0.005859375,-0.01171875,0.28515625,-0.05078125,0.19140625
7142524087000,0.12109375,-0.009765625,-0.009765625,0.32421875,-0.08984375,0.18359375
7142529003000,0.08984375,-0.013671875,0.001953125,0.32421875,-0.08984375,0.19140625
7142531808000,0.078125,-0.009765625,0.017578125,0.3828125,-0.1015625,0.15234375
7142533918000,0.064453125,0.0078125,0.02734375,0.390625,-0.16796875,0.14453125
7142536447000,0.044921875,0.00390625,0.052734375,0.390625,-0.1953125,0.0859375
7142538869000,0.064453125,0.0078125,0.041015625,0.36328125,-0.20703125,0.1015625
7142543768000,0.068359375,0.0078125,0.046875,0.36328125,-0.21484375,0.09375
7142546280000,0.0625,0.0078125,0.0625,0.34375,-0.203125,0.05859375
7142548867000,0.068359375,0.0,0.0703125,0.36328125,-0.15625,0.06640625
7142551376000,0.076171875,0.005859375,0.072265625,0.36328125,-0.15625,0.06640625
7142553915000,0.078125,0.013671875,0.091796875,0.3828125,-0.13671875,0.11328125
7142556519000,0.08203125,-0.005859375,0.083984375,0.421875,-0.1171875,0.12109375
7142558931000,0.0859375,0.013671875,0.115234375,0.4765625,-0.1640625,0.11328125
7142563897000,0.091796875,0.009765625,0.111328125,0.46875,-0.171875,0.12109375
7142566723000,0.09765625,0.001953125,0.134765625,0.49609375,-0.125,0.171875
7142568964000,0.107421875,0.015625,0.126953125,0.4765625,-0.08203125,0.20703125
7142571261000,0.111328125,0.015625,0.1484375,0.4765625,-0.08203125,0.20703125
7142573786000,0.115234375,0.029296875,0.13671875,0.48828125,-0.04296875,0.171875
7142576312000,0.126953125,0.03125,0.123046875,0.4609375,0.015625,0.21875
7142578815000,0.12890625,0.0390625,0.142578125,0.43359375,0.0625,0.23828125
7142583840000,0.154296875,0.060546875,0.134765625,0.43359375,0.0546875,0.23828125
7142586702000,0.16015625,0.064453125,0.13671875,0.453125,0.1015625,0.25390625
7142588662000,0.173828125,0.07421875,0.12890625,0.453125,0.09375,0.25390625
7142591338000,0.1875,0.078125,0.126953125,0.453125,0.06640625,0.2265625
7142593878000,0.169921875,0.08203125,0.12890625,0.43359375,0.125,0.1875
7142598810000,0.19140625,0.103515625,0.126953125,0.43359375,0.1171875,0.1875
7142601388000,0.19921875,0.1015625,0.123046875,0.3359375,0.1171875,0.1640625
7142603697000,0.2109375,0.091796875,0.1171875,0.30859375,0.10546875,0.13671875
7142606254000,0.21875,0.11328125,0.123046875,0.30859375,0.09765625,0.13671875
7142608632000,0.232421875,0.111328125,0.123046875,0.30859375,0.0390625,0.1171875
7142611245000,0.24609375,0.111328125,0.11328125,0.328125,0.01171875,0.06640625
7142613917000,0.248046875,0.123046875,0.126953125,0.328125,0.00390625,0.07421875
7142616320000,0.263671875,0.12109375,0.123046875,0.31640625,0.03125,0.01953125
7142618780000,0.267578125,0.130859375,0.12890625,0.328125,0.08203125,-0.01953125
7142621281000,0.259765625,0.12890625,0.126953125,0.26953125,0.140625,-0.09765625
7142623686000,0.267578125,0.12890625,0.142578125,0.26171875,0.140625,-0.09765625
7142626233000,0.287109375,0.13671875,0.150390625,0.23046875,0.20703125,-0.12109375
7142628778000,0.271484375,0.1328125,0.14453125,0.23046875,0.265625,-0.08984375
7142631237000,0.26171875,0.134765625,0.15625,0.22265625,0.2578125,-0.08984375
7142633786000,0.265625,0.134765625,0.15234375,0.2421875,0.36328125,-0.1875
7142638677000,0.248046875,0.126953125,0.162109375,0.18359375,0.421875,-0.31640625
7142641186000,0.24609375,0.130859375,0.13671875,0.09765625,0.44140625,-0.37109375
7142646138000,0.236328125,0.111328125,0.12890625,0.09765625,0.43359375,-0.36328125
7142648981000,0.220703125,0.125,0.12890625,0.0703125,0.453125,-0.38671875
7142651151000,0.212890625,0.111328125,0.099609375,0.03125,0.453125,-0.39453125
7142653633000,0.197265625,0.107421875,0.1015625,0.03125,0.453125,-0.39453125
7142656194000,0.189453125,0.095703125,0.09375,0.04296875,0.38671875,-0.34765625
7142660993000,0.146484375,0.09375,0.072265625,0.04296875,0.38671875,-0.34765625
7142663663000,0.140625,0.08984375,0.072265625,0.05859375,0.3515625,-0.33984375
7142666267000,0.1171875,0.09375,0.044921875,0.05078125,0.34375,-0.29296875
7142668651000,0.1171875,0.08984375,0.05078125,0.04296875,0.34375,-0.29296875
7142671228000,0.115234375,0.08984375,0.041015625,0.04296875,0.29296875,-0.265625
7142673638000,0.111328125,0.0859375,0.0234375,0.04296875,0.29296875,-0.265625
7142676147000,0.115234375,0.08203125,0.01953125,-0.0078125,0.1328125,-0.2578125
7142681136000,0.138671875,0.07421875,0.00390625,-0.0078125,0.1328125,-0.25
7142684089000,0.166015625,0.068359375,-0.005859375,-0.046875,0.0546875,-0.3046875
7142686001000,0.1875,0.056640625,-0.017578125,-0.12109375,0.02734375,-0.32421875
7142688520000,0.21484375,0.052734375,-0.033203125,-0.12109375,0.02734375,-0.32421875
7142691066000,0.240234375,0.029296875,-0.04296875,-0.16796875,-0.0703125,-0.31640625
7142693617000,0.279296875,0.029296875,-0.0546875,-0.20703125,-0.13671875,-0.30859375
7142696100000,0.310546875,0.015625,-0.0703125,-0.20703125,-0.17578125,-0.30859375
7142700974000,0.38671875,0.0078125,-0.08203125,-0.21484375,-0.17578125,-0.30859375
7142703624000,0.427734375,0.009765625,-0.12109375,-0.2265625,-0.20703125,-0.34765625
7142705880000,0.478515625,0.0,-0.138671875,-0.30078125,-0.2265625,-0.296875
7142708465000,0.505859375,-0.013671875,-0.138671875,-0.30078125,-0.21875,-0.296875
7142710807000,0.552734375,-0.017578125,-0.162109375,-0.33984375,-0.27734375,-0.22265625
7142713543000,0.578125,-0.02734375,-0.173828125,-0.37890625,-0.2890625,-0.18359375
7142716045000,0.607421875,-0.0390625,-0.193359375,-0.3984375,-0.2890625,-0.15625
7142718351000,0.6484375,-0.033203125,-0.212890625,-0.37890625,-0.2734375,-0.1171875
7142721006000,0.671875,-0.029296875,-0.220703125,-0.37890625,-0.265625,-0.1171875
7142723550000,0.693359375,-0.033203125,-0.224609375,-0.41796875,-0.15234375,-0.0703125
7142728430000,0.74609375,-0.041015625,-0.240234375,-0.41796875,-0.14453125,-0.0703125
7142731306000,0.76171875,-0.044921875,-0.251953125,-0.50390625,-0.08984375,0.07421875
7142733395000,0.7578125,-0.0546875,-0.2578125,-0.5234375,-0.03125,0.1328125
7142735985000,0.78125,-0.0625,-0.275390625,-0.55078125,-0.03515625,0.19921875
7142738313000,0.791015625,-0.06640625,-0.279296875,-0.55859375,-0.03515625,0.23828125
7142743520000,0.8125,-0.09375,-0.30078125,-0.55859375,-0.01953125,0.23046875
7142745783000,0.83203125,-0.099609375,-0.30859375,-0.63671875,-0.00390625,0.34375
7142748325000,0.837890625,-0.111328125,-0.341796875,-0.6484375,-0.046875,0.48828125
7142750795000,0.8515625,-0.125,-0.345703125,-0.6484375,-0.0390625,0.48828125
7142753378000,0.873046875,-0.125,-0.375,-0.67578125,-0.05078125,0.60546875
7142756018000,0.892578125,-0.126953125,-0.38671875,-0.65625,-0.109375,0.71875
7142758321000,0.919921875,-0.138671875,-0.416015625,-0.6875,-0.19921875,0.81640625
7142763329000,0.9765625,-0.169921875,-0.453125,-0.6875,-0.17578125,0.81640625
7142766150000,1.025390625,-0.173828125,-0.466796875,-0.71484375,-0.2734375,0.85546875
7142768317000,1.05859375,-0.1796875,-0.4765625,-0.71484375,-0.296875,0.953125
7142770805000,1.083984375,-0.1796875,-0.5,-0.71484375,-0.28125,0.953125
7142773340000,1.11328125,-0.169921875,-0.505859375,-0.70703125,-0.37109375,1.04296875
7142775829000,1.134765625,-0.18359375,-0.515625,-0.7265625,-0.44140625,1.203125
7142778264000,1.140625,-0.181640625,-0.505859375,-0.66796875,-0.51171875,1.4453125
7142783325000,1.138671875,-0.1953125,-0.517578125,-0.66015625,-0.48828125,1.4375
7142786167000,1.142578125,-0.197265625,-0.50390625,-0.6328125,-0.54296875,1.65625
7142788321000,1.142578125,-0.22265625,-0.50390625,-0.57421875,-0.58203125,1.91015625
7142790886000,1.16015625,-0.25,-0.486328125,-0.48828125,-0.5859375,2.015625
7142793271000,1.181640625,-0.279296875,-0.48828125,-0.48828125,-0.5703125,2.015625
7142795805000,1.22265625,-0.302734375,-0.46484375,-0.44921875,-0.6484375,2.0546875
7142798223000,1.2734375,-0.314453125,-0.48046875,-0.44140625,-0.671875,2.171875
7142800768000,1.341796875,-0.337890625,-0.47265625,-0.375,-0.66796875,2.35546875
7142803325000,1.416015625,-0.330078125,-0.470703125,-0.375,-0.65234375,2.34765625
7142805715000,1.484375,-0.333984375,-0.494140625,-0.23046875,-0.5390625,2.66796875
7142810758000,1.619140625,-0.283203125,-0.482421875,-0.22265625,-0.5,2.65234375
7142813550000,1.6796875,-0.263671875,-0.453125,0.484375,-0.0234375,3.046875
7142818259000,1.833984375,-0.296875,-0.5234375,0.140625,-0.43359375,3.328125
7142820969000,1.970703125,-0.2890625,-0.58984375,0.0078125,-0.703125,3.30078125
7142823276000,2.08984375,-0.240234375,-0.64453125,0.140625,-0.87890625,3.25
7142825829000,2.2109375,-0.2109375,-0.716796875,0.140625,-0.85546875,3.2421875
7142828081000,2.365234375,-0.1640625,-0.759765625,0.1875,-0.96484375,3.21875
7142830600000,2.490234375,-0.14453125,-0.8203125,0.3515625,-1.03125,3.15234375
7142833132000,2.640625,-0.076171875,-0.87890625,0.3515625,-1.0078125,3.15234375
7142835595000,2.76171875,-0.03125,-0.931640625,0.70703125,-0.90625,3.125
7142838222000,2.88671875,0.021484375,-0.955078125,0.8125,-0.6953125,3.21875
7142840681000,2.994140625,0.06640625,-0.99609375,0.95703125,-0.5546875,3.31640625
7142845681000,3.13671875,0.166015625,-1.041015625,0.94921875,-0.484375,3.30859375
7142848012000,3.1875,0.216796875,-1.0625,1.15625,-0.3359375,3.36328125
7142850549000,3.228515625,0.287109375,-1.0859375,1.359375,-0.26953125,3.36328125
7142853075000,3.234375,0.353515625,-1.1171875,1.359375,-0.23828125,3.37109375
7142855715000,3.244140625,0.43359375,-1.1171875,1.8203125,-0.2265625,3.0859375
7142858165000,3.234375,0.51171875,-1.130859375,1.8203125,-0.1953125,3.1015625
7142860515000,3.208984375,0.578125,-1.142578125,1.9921875,-0.05078125,3.0234375
7142865676000,3.130859375,0.759765625,-1.1328125,1.984375,0.01953125,3.046875
7142868458000,3.068359375,0.849609375,-1.12109375,2.12890625,0.15625,3.1171875
7142870591000,2.95703125,0.96484375,-1.10546875,2.2734375,0.33203125,3.2578125
7142873167000,2.83203125,1.068359375,-1.08203125,2.53125,0.57421875,3.3203125
7142875586000,2.701171875,1.216796875,-1.056640625,2.7734375,0.8046875,3.30859375
7142878103000,2.54296875,1.3671875,-1.03515625,2.765625,0.8359375,3.33984375
7142880361000,2.359375,1.544921875,-1.017578125,2.9375,1.08984375,3.19921875
7142882967000,2.150390625,1.724609375,-0.994140625,3.04296875,1.38671875,3.01953125
7142885619000,1.9140625,1.9375,-0.966796875,3.03515625,1.41796875,3.05078125
7142888056000,1.66796875,2.169921875,-0.95703125,3.09765625,1.7109375,2.68359375
7142890543000,1.388671875,2.41015625,-0.9375,3.2890625,2.01953125,2.203125
7142893105000,1.076171875,2.662109375,-0.927734375,3.28125,2.04296875,2.265625
7142897063000,0.705078125,2.908203125,-0.900390625,3.46875,2.32421875,1.58984375
7142903055000,-0.662109375,3.697265625,-0.794921875,3.515625,2.98046875,0.2890625
7142908801000,-1.802734375,4.240234375,-0.693359375,3.3671875,3.359375,-0.51953125
7142916616000,-3.77734375,4.962890625,-0.486328125,2.79296875,4.1328125,-2.9453125
7142918058000,-4.462890625,5.14453125,-0.3984375,2.2421875,4.51953125,-4.1640625
7142920510000,-5.1640625,5.283203125,-0.3046875,2.2109375,4.50390625,-4.03125
7142923015000,-5.859375,5.396484375,-0.20703125,1.81640625,4.84375,-5.046875
7142927935000,-7.166015625,5.5703125,-0.05078125,1.74609375,4.7734375,-4.7578125
7142930749000,-7.763671875,5.625,0.0,1.2109375,5.1328125,-5.54296875
7142932817000,-8.27734375,5.65625,0.052734375,0.78515625,5.51953125,-6.42578125
7142935438000,-8.68359375,5.650390625,0.09765625,0.4140625,5.75390625,-7.50390625
7142938031000,-9.037109375,5.6328125,0.119140625,0.078125,5.92578125,-8.60546875
7142940439000,-9.26953125,5.55078125,0.140625,0.0234375,5.84765625,-8.45703125
7142943031000,-9.3828125,5.427734375,0.134765625,-0.3984375,5.94140625,-9.3125
7142945423000,-9.416015625,5.29296875,0.14453125,-0.8203125,5.6953125,-9.6875
7142948003000,-9.38671875,5.099609375,0.087890625,-0.875,5.6015625,-9.5546875
7142950259000,-9.267578125,4.78515625,0.00390625,-1.4765625,5.4296875,-9.875
7142955554000,-8.837890625,4.044921875,-0.193359375,-1.5703125,5.2421875,-9.6640625
7142957887000,-8.552734375,3.625,-0.3125,-2.17578125,4.6953125,-9.64453125
7142962885000,-7.970703125,2.779296875,-0.5390625,-2.24609375,4.53125,-9.50390625
7142965650000,-7.669921875,2.388671875,-0.654296875,-2.046875,4.13671875,-9.328125
7142967879000,-7.3515625,2.03125,-0.7734375,-1.70703125,3.6796875,-9.19921875
7142970319000,-7.05859375,1.705078125,-0.8515625,-1.73046875,3.625,-9.16015625
7142972829000,-6.78515625,1.408203125,-0.953125,-1.421875,3.16015625,-9.03125
7142975258000,-6.482421875,1.1328125,-1.021484375,-1.359375,2.5703125,-8.8359375
7142977806000,-6.203125,0.880859375,-1.099609375,-1.42578125,1.8046875,-8.4921875
7142982716000,-5.650390625,0.359375,-1.216796875,-1.51953125,0.9921875,-8.015625
7142990218000,-4.857421875,-0.41015625,-1.3046875,-1.7890625,-1.00390625,-6.66015625
7142997808000,-3.8671875,-1.21484375,-1.193359375,-2.16015625,-3.27734375,-5.53125
7143000325000,-3.48828125,-1.48046875,-1.107421875,-2.2421875,-4.26171875,-4.69921875
7143002669000,-3.052734375,-1.7421875,-0.990234375,-2.21875,-4.28515625,-4.74609375
7143005325000,-2.650390625,-2.0078125,-0.8515625,-2.0703125,-5.00390625,-3.671875
7143010275000,-1.798828125,-2.45703125,-0.556640625,-2.0234375,-5.01953125,-3.78125
7143013069000,-1.390625,-2.634765625,-0.3984375,-1.875,-5.42578125,-2.5703125
7143017768000,-0.607421875,-2.912109375,-0.091796875,-1.6875,-5.625,-1.31640625
7143020487000,-0.240234375,-3.0546875,0.0625,-1.59765625,-5.60546875,0.03125
7143022611000,0.09765625,-3.14453125,0.1796875,-1.546875,-5.55859375,1.2890625
7143025213000,0.421875,-3.234375,0.326171875,-1.44921875,-5.625,2.33984375
7143027693000,0.740234375,-3.30078125,0.455078125,-1.41796875,-5.69921875,3.3125
7143030127000,1.052734375,-3.365234375,0.546875,-1.38671875,-5.69921875,3.234375
7143032792000,1.326171875,-3.423828125,0.673828125,-1.046875,-5.2109375,4.21875
7143037754000,1.79296875,-3.47265625,0.919921875,-0.9921875,-5.21875,4.0703125
7143045160000,2.453125,-3.560546875,1.1953125,-1.05859375,-5.7109375,5.37890625
7143052501000,3.052734375,-3.36328125,1.392578125,-0.12109375,-5.75390625,6.17578125
7143060028000,3.60546875,-3.046875,1.541015625,1.09375,-5.421875,7.43359375
7143065188000,3.9140625,-2.802734375,1.6484375,1.125,-5.4453125,7.30859375
7143067622000,4.064453125,-2.673828125,1.68359375,1.58984375,-5.25,7.40625
7143070182000,4.1953125,-2.529296875,1.724609375,2.046875,-5.02734375,7.265625
7143072559000,4.35546875,-2.375,1.728515625,2.40625,-4.86328125,7.0078125
7143075134000,4.501953125,-2.208984375,1.736328125,2.69140625,-4.58203125,6.73828125
7143077676000,4.65234375,-2.037109375,1.73046875,2.69921875,-4.59765625,6.69921875
7143079910000,4.822265625,-1.857421875,1.703125,3.03515625,-4.30078125,6.3828125
7143082519000,5.009765625,-1.658203125,1.6484375,3.3125,-3.84375,6.03515625
7143085147000,5.158203125,-1.44140625,1.58203125,3.3203125,-3.8515625,6.01171875
7143087483000,5.33203125,-1.216796875,1.484375,3.671875,-3.31640625,5.58203125
7143090060000,5.48046875,-0.96484375,1.376953125,3.90234375,-2.703125,5.078125
7143092519000,5.671875,-0.7265625,1.23828125,3.90234375,-2.703125,5.0703125
7143096689000,5.8515625,-0.462890625,1.083984375,4.24609375,-2.0625,4.515625
7143102538000,6.41796875,0.216796875,0.537109375,4.11328125,-1.0390625,2.90625
7143108268000,6.75,0.5703125,0.134765625,3.703125,-0.27734375,2.1953125
7143119980000,7.154296875,0.93359375,-0.81640625,2.65234375,1.71484375,0.0859375
7143122438000,7.12890625,1.00390625,-1.255859375,2.453125,2.3515625,-0.609375
7143127521000,6.94140625,1.03515625,-1.642578125,2.4296875,2.515625,-0.5390625
7143129918000,6.8203125,1.0546875,-1.771484375,2.25,2.9375,-1.12109375
7143132315000,6.623046875,1.0859375,-1.939453125,2.2109375,3.234375,-1.578125
7143134919000,6.38671875,1.107421875,-2.0390625,2.26953125,3.546875,-1.796875
7143137449000,6.08203125,1.1875,-2.12109375,2.3671875,3.7734375,-2.1171875
7143143349000,5.3359375,1.3671875,-2.205078125,2.4765625,4.19140625,-2.37109375
7143149881000,3.798828125,1.7890625,-2.140625,2.8515625,4.61328125,-3.21875
7143157445000,1.919921875,2.306640625,-1.904296875,1.875,4.56640625,-4.5234375
7143162383000,0.5859375,2.69921875,-1.740234375,1.578125,4.79296875,-5.34375
7143164797000,-0.1015625,2.90234375,-1.650390625,1.05859375,4.9921875,-6.140625
7143167312000,-0.779296875,3.080078125,-1.5859375,1.02734375,5.0234375,-6.0703125
7143169884000,-1.44921875,3.23046875,-1.509765625,0.2265625,5.36328125,-6.52734375
7143172298000,-2.12109375,3.3359375,-1.431640625,-0.6640625,5.58203125,-6.82421875
7143177223000,-3.400390625,3.49609375,-1.37109375,-0.734375,5.59765625,-6.66015625
7143179820000,-3.96875,3.529296875,-1.37109375,-1.62890625,5.60546875,-6.82421875
7143182387000,-4.484375,3.529296875,-1.373046875,-1.92578125,5.54296875,-6.87109375
7143184764000,-4.970703125,3.5234375,-1.376953125,-1.96484375,5.52734375,-6.78515625
7143187273000,-5.392578125,3.48046875,-1.373046875,-2.0625,5.28125,-7.06640625
7143189928000,-5.74609375,3.427734375,-1.3828125,-2.1015625,5.25,-6.98046875
7143192179000,-6.0234375,3.310546875,-1.375,-2.20703125,4.96875,-7.484375
7143194847000,-6.228515625,3.19140625,-1.357421875,-2.265625,4.57421875,-8.21484375
7143197206000,-6.361328125,3.02734375,-1.333984375,-2.375,4.125,-8.90234375
7143204724000,-6.40625,2.3984375,-1.26953125,-2.91796875,3.42578125,-10.0703125
7143212218000,-5.9765625,1.591796875,-1.224609375,-3.484375,3.1015625,-10.32421875
7143221504000,-5.466796875,0.63671875,-1.251953125,-4.43359375,2.30078125,-9.07421875
7143224700000,-5.20703125,0.015625,-1.25390625,-4.39453125,1.828125,-8.421875
7143227310000,-5.091796875,-0.26953125,-1.255859375,-4.39453125,1.14453125,-7.875
7143229565000,-4.98046875,-0.564453125,-1.25,-4.39453125,1.11328125,-7.8828125
7143232246000,-4.8515625,-0.849609375,-1.232421875,-4.3671875,0.25,-7.28515625
7143237010000,-4.548828125,-1.375,-1.134765625,-4.34375,0.1796875,-7.33203125
7143244602000,-4.0703125,-2.1328125,-0.865234375,-4.234375,-1.54296875,-5.66796875
7143252168000,-3.6484375,-2.755859375,-0.439453125,-3.6484375,-3.296875,-3.2734375
7143259596000,-3.166015625,-3.189453125,0.056640625,-2.97265625,-6.0,0.27734375
7143264483000,-2.6796875,-3.3671875,0.4140625,-2.90234375,-6.0703125,0.12890625
7143267124000,-2.369140625,-3.423828125,0.5859375,-2.9296875,-6.80859375,0.875
7143269462000,-2.04296875,-3.49609375,0.755859375,-2.95703125,-7.25,1.5234375
7143272066000,-1.68359375,-3.5625,0.943359375,-2.8203125,-7.51171875,2.1484375
7143274707000,-1.3125,-3.6328125,1.095703125,-2.6484375,-7.6171875,2.76171875
7143279548000,-0.591796875,-3.80859375,1.396484375,-2.5859375,-7.703125,2.59765625
7143282506000,-0.2421875,-3.896484375,1.533203125,-2.27734375,-7.6171875,3.26953125
7143284655000,0.05859375,-3.974609375,1.646484375,-1.9296875,-7.37109375,3.98828125
7143286989000,0.333984375,-4.02734375,1.744140625,-1.90625,-7.41015625,3.90234375
7143289503000,0.58984375,-4.060546875,1.814453125,-1.58984375,-7.19921875,4.5078125
7143291859000,0.8515625,-4.083984375,1.876953125,-1.3359375,-6.953125,5.1328125
7143294679000,1.08203125,-4.111328125,1.923828125,-0.99609375,-6.80078125,5.6328125
7143299433000,1.51953125,-4.087890625,1.9765625,-0.93359375,-6.87109375,5.453125
7143303771000,1.71875,-4.0390625,1.974609375,-0.03125,-6.6328125,6.2109375
7143311551000,2.201171875,-3.751953125,1.99609375,0.8359375,-6.6484375,7.09375
7143319414000,2.505859375,-3.431640625,2.0234375,1.75390625,-6.609375,7.671875
7143323294000,2.630859375,-3.162109375,2.06640625,2.3515625,-6.45703125,7.87890625
7143326984000,2.716796875,-2.802734375,2.16015625,2.375,-6.52734375,7.75390625
7143329442000,2.70703125,-2.626953125,2.212890625,3.21484375,-5.66796875,7.9765625
7143331838000,2.763671875,-2.509765625,2.234375,2.94921875,-5.92578125,7.77734375
7143334520000,2.80859375,-2.373046875,2.21875,3.55859375,-5.546875,7.1953125
7143336935000,2.859375,-2.197265625,2.21875,3.8828125,-4.953125,6.46875
7143342868000,3.029296875,-1.875,2.162109375,4.06640625,-4.17578125,5.83203125
7143349415000,3.30078125,-1.4609375,1.94921875,4.515625,-2.171875,5.07421875
7143356953000,3.423828125,-1.12890625,1.568359375,5.0625,-0.5546875,4.28515625
7143361946000,3.50390625,-0.916015625,1.177734375,5.0546875,-0.59375,4.26953125
7143364326000,3.548828125,-0.82421875,0.947265625,5.34375,0.80859375,2.98046875
7143366817000,3.623046875,-0.73046875,0.708984375,5.34375,0.80859375,2.98046875
7143369391000,3.72265625,-0.62890625,0.43359375,5.62109375,1.625,2.01171875
7143371802000,3.826171875,-0.517578125,0.1640625,5.70703125,2.53125,1.08984375
7143376826000,4.072265625,-0.36328125,-0.3671875,5.70703125,2.5703125,1.09765625
7143381877000,4.28515625,-0.23046875,-0.8828125,5.6484375,3.265625,0.4140625
7143384614000,4.326171875,-0.087890625,-1.123046875,5.921875,3.84765625,-0.3203125
7143386791000,4.322265625,0.083984375,-1.31640625,6.26953125,4.32421875,-0.7421875
7143389347000,4.26171875,0.294921875,-1.46875,6.609375,5.03515625,-0.99609375
7143391698000,4.123046875,0.53515625,-1.615234375,6.609375,5.08984375,-0.97265625
7143394353000,3.916015625,0.783203125,-1.72265625,6.55078125,5.76171875,-1.24609375
7143396753000,3.63671875,1.0703125,-1.8046875,5.9296875,6.3359375,-1.6015625
7143404132000,2.369140625,2.0234375,-1.966796875,4.51171875,7.38671875,-2.7890625
7143409263000,1.123046875,2.716796875,-1.958984375,4.06640625,8.19140625,-3.125
7143421022000,-1.970703125,3.916015625,-1.80859375,2.49609375,9.3828125,-5.16015625
7143424040000,-3.515625,4.466796875,-1.638671875,2.44921875,9.4296875,-4.97265625
7143426745000,-4.21484375,4.748046875,-1.517578125,2.58984375,9.63671875,-6.46875
7143429255000,-4.849609375,4.99609375,-1.41796875,2.703125,9.6953125,-8.37890625
7143431621000,-5.384765625,5.224609375,-1.328125,2.671875,9.6953125,-8.27734375
7143434186000,-5.826171875,5.419921875,-1.251953125,2.28515625,9.71484375,-10.3828125
7143436632000,-6.1796875,5.55078125,-1.197265625,1.203125,9.86328125,-12.5234375
7143439202000,-6.43359375,5.544921875,-1.208984375,-0.47265625,10.01171875,-14.19921875
7143444131000,-6.751953125,5.1875,-1.341796875,-0.55078125,9.95703125,-13.98828125
7143446591000,-6.822265625,4.888671875,-1.490234375,-2.01171875,9.8203125,-15.09375
7143449110000,-6.828125,4.5390625,-1.654296875,-2.9453125,9.625,-15.609375
7143451603000,-6.779296875,4.138671875,-1.83984375,-2.984375,9.6015625,-15.5234375
7143454323000,-6.701171875,3.712890625,-2.044921875,-3.42578125,9.0703125,-16.07421875
7143456537000,-6.548828125,3.2890625,-2.216796875,-3.44921875,9.0625,-16.01171875
7143459137000,-6.361328125,2.830078125,-2.4140625,-3.3203125,8.796875,-15.9296875
7143461617000,-6.150390625,2.388671875,-2.5703125,-2.98828125,8.34765625,-15.6328125
7143464080000,-5.89453125,1.931640625,-2.740234375,-3.00390625,8.33984375,-15.59375
7143466632000,-5.62890625,1.5078125,-2.873046875,-2.734375,7.72265625,-15.00390625
7143471510000,-5.076171875,0.697265625,-3.140625,-2.734375,7.75390625,-14.98046875
7143474362000,-4.78515625,0.314453125,-3.271484375,-2.62109375,5.6640625,-12.1171875
7143479759000,-4.359375,-0.3984375,-3.484375,-2.56640625,4.29296875,-9.99609375
7143487502000,-3.966796875,-1.1796875,-3.71484375,-2.20703125,0.73046875,-6.4140625
7143495630000,-3.69140625,-1.69140625,-3.654296875,-2.44921875,-2.8046875,-3.984375
7143499016000,-3.455078125,-1.96484375,-3.4453125,-2.40234375,-4.58984375,-2.765625
7143501760000,-3.328125,-2.09375,-3.291015625,-2.20703125,-6.4375,-1.5390625
7143506571000,-3.0859375,-2.30859375,-2.9140625,-2.16796875,-6.3515625,-1.6484375
7143509134000,-2.966796875,-2.40625,-2.697265625,-2.125,-7.94921875,-0.2265625
7143511519000,-2.84765625,-2.47265625,-2.462890625,-1.9296875,-9.31640625,1.1171875
7143514413000,-2.740234375,-2.51171875,-2.2109375,-1.8125,-10.47265625,2.5625
7143521508000,-2.314453125,-2.572265625,-1.4296875,-1.4921875,-12.23828125,5.28125
7143528893000,-1.83984375,-2.462890625,-0.623046875,-1.23046875,-12.84765625,6.23828125
7143538290000,-1.2734375,-2.2265625,0.125,-0.28515625,-14.546875,8.38671875
7143541387000,-0.849609375,-2.068359375,0.5703125,-0.26171875,-14.578125,8.27734375
7143543769000,-0.599609375,-2.021484375,0.791015625,-0.20703125,-15.08203125,8.6875
7143546430000,-0.333984375,-1.99609375,0.984375,-0.09375,-15.59375,8.95703125
7143548914000,-0.025390625,-1.9609375,1.1796875,-0.0859375,-15.625,8.90234375
7143551455000,0.298828125,-1.939453125,1.35546875,0.19921875,-15.88671875,9.23828125
7143553933000,0.6484375,-1.916015625,1.51953125,0.63671875,-15.77734375,9.66015625
7143556328000,1.021484375,-1.892578125,1.6953125,1.6796875,-15.15625,10.1796875
7143561449000,1.72265625,-1.763671875,2.0078125,1.6953125,-15.234375,10.09375
7143563859000,2.080078125,-1.720703125,2.123046875,2.24609375,-15.08984375,10.7109375
7143566276000,2.4453125,-1.6484375,2.240234375,3.2890625,-14.46875,11.09375
7143568740000,2.814453125,-1.5625,2.33984375,3.2890625,-14.5078125,11.0546875
7143571300000,3.16015625,-1.458984375,2.408203125,4.25390625,-13.54296875,11.234375
7143573837000,3.498046875,-1.322265625,2.49609375,5.0078125,-12.41015625,11.35546875
7143576283000,3.822265625,-1.169921875,2.55078125,5.78515625,-11.16796875,11.25390625
7143581136000,4.40234375,-0.798828125,2.609375,5.78515625,-11.23828125,11.21484375
7143584130000,4.666015625,-0.611328125,2.603515625,6.4453125,-10.01953125,10.82421875
7143586288000,4.927734375,-0.419921875,2.595703125,6.97265625,-8.61328125,9.921875
7143588844000,5.19140625,-0.23828125,2.546875,7.359375,-6.96875,8.50390625
7143591404000,5.416015625,-0.056640625,2.494140625,7.3515625,-7.0078125,8.51171875
7143593679000,5.66796875,0.115234375,2.41796875,7.5703125,-5.26171875,6.7578125
7143596320000,5.876953125,0.267578125,2.296875,7.69921875,-3.484375,4.97265625
7143603854000,6.37109375,0.583984375,1.79296875,7.3046875,0.328125,2.46484375
7143611226000,6.5390625,0.720703125,1.009765625,6.984375,1.90625,1.48046875
7143618761000,6.478515625,0.87109375,0.046875,6.6796875,5.7109375,-1.65234375
7143623762000,6.283203125,1.0234375,-0.6328125,6.69140625,6.97265625,-2.359375
7143626260000,6.111328125,1.138671875,-0.984375,6.8359375,8.1171875,-3.01171875
7143628712000,5.912109375,1.275390625,-1.3125,6.828125,8.1875,-2.97265625
7143631304000,5.61328125,1.451171875,-1.609375,7.0390625,9.203125,-3.48046875
7143633731000,5.248046875,1.66015625,-1.85546875,6.99609375,9.7421875,-4.1015625
7143638899000,4.283203125,2.140625,-2.240234375,6.8359375,10.01171875,-4.85546875
7143643636000,3.02734375,2.689453125,-2.412109375,6.7265625,9.9453125,-5.88671875
7143651232000,0.837890625,3.73828125,-2.423828125,6.48828125,10.1171875,-7.23828125
7143658585000,-1.482421875,4.873046875,-2.248046875,4.60546875,10.9921875,-13.234375
7143663402000,-2.234375,5.126953125,-2.19921875,3.67578125,11.07421875,-15.22265625
7143666055000,-3.5703125,5.5,-2.1796875,2.8359375,10.99609375,-17.5
7143671176000,-4.537109375,5.59375,-2.240234375,2.71875,11.01171875,-17.2421875
7143673815000,-4.900390625,5.53125,-2.302734375,0.7421875,10.6640625,-22.38671875
7143679159000,-5.244140625,5.125,-2.521484375,-0.3828125,10.71484375,-24.05859375
7143686956000,-5.193359375,3.912109375,-3.00390625,-2.25390625,10.578125,-25.83984375
7143695129000,-4.8671875,2.5234375,-3.587890625,-3.09765625,9.73046875,-24.61328125
7143698577000,-4.61328125,1.640625,-3.939453125,-3.37109375,9.20703125,-23.171875
7143700992000,-4.51171875,1.1953125,-4.095703125,-3.51171875,8.59375,-21.28125
7143706133000,-4.298828125,0.287109375,-4.328125,-3.54296875,8.65625,-21.2421875
7143708934000,-4.201171875,-0.158203125,-4.40625,-3.6484375,7.82421875,-19.0234375
7143711050000,-4.142578125,-0.5703125,-4.4453125,-3.59375,6.7421875,-16.3125
7143713439000,-4.095703125,-0.951171875,-4.45703125,-3.3359375,5.5078125,-13.2265625
7143715994000,-4.07421875,-1.27734375,-4.462890625,-3.0390625,4.3125,-10.01171875
7143718487000,-4.080078125,-1.58203125,-4.421875,-3.03125,4.3515625,-10.03515625
7143720972000,-4.138671875,-1.8125,-4.34375,-2.6640625,2.93359375,-7.1640625
7143725940000,-4.251953125,-2.126953125,-4.1484375,-2.6328125,3.00390625,-7.2265625
7143728794000,-4.298828125,-2.201171875,-4.03125,-2.4765625,1.484375,-4.91796875
7143730995000,-4.328125,-2.224609375,-3.90234375,-2.6328125,-0.09375,-3.1953125
7143733435000,-4.34375,-2.232421875,-3.775390625,-2.87890625,-1.890625,-1.8359375
7143735850000,-4.36328125,-2.23828125,-3.630859375,-3.046875,-3.69921875,-0.6796875
7143738427000,-4.38671875,-2.251953125,-3.48828125,-3.03125,-3.68359375,-0.7109375
7143740809000,-4.380859375,-2.265625,-3.337890625,-3.2734375,-5.5625,0.19921875
7143743386000,-4.34375,-2.298828125,-3.171875,-3.55859375,-7.3125,0.8984375
7143745961000,-4.28125,-2.31640625,-3.009765625,-3.53515625,-7.3046875,0.859375
7143748419000,-4.197265625,-2.353515625,-2.84375,-3.73828125,-8.90625,1.4453125
7143753550000,-3.95703125,-2.4453125,-2.498046875,-3.69921875,-8.890625,1.359375
7143760667000,-3.43359375,-2.6171875,-1.931640625,-3.765625,-11.9140625,2.96875
7143768312000,-2.8359375,-2.890625,-1.279296875,-3.75390625,-14.56640625,4.94140625
7143775785000,-2.1640625,-3.072265625,-0.51953125,-3.02734375,-17.1875,6.89453125
7143780596000,-1.701171875,-3.16796875,0.015625,-2.96484375,-17.21875,6.76171875
7143783425000,-1.4921875,-3.228515625,0.31640625,-2.54296875,-17.1484375,7.6015625
7143785753000,-1.234375,-3.375,0.56640625,-3.10546875,-18.26171875,8.1484375
7143788154000,-0.96484375,-3.482421875,0.787109375,-3.07421875,-18.28515625,8.078125
7143790863000,-0.6875,-3.58984375,1.025390625,-2.515625,-19.0078125,8.66015625
7143793314000,-0.40625,-3.66015625,1.248046875,-1.6796875,-19.44921875,9.55859375
7143795711000,-0.134765625,-3.728515625,1.49609375,-0.796875,-19.8515625,10.61328125
7143798456000,0.150390625,-3.744140625,1.7265625,0.32421875,-19.81640625,11.8203125
7143800893000,0.412109375,-3.724609375,1.94921875,0.36328125,-19.85546875,11.7265625
7143803262000,0.6484375,-3.658203125,2.177734375,1.23046875,-19.7578125,12.76953125
7143808240000,1.1796875,-3.455078125,2.591796875,1.29296875,-19.84375,12.59765625
7143811002000,1.44140625,-3.3203125,2.779296875,2.30859375,-19.41015625,13.59375
7143815812000,1.9296875,-2.87890625,3.138671875,3.4765625,-18.80078125,14.34375
7143818437000,2.154296875,-2.669921875,3.287109375,4.48828125,-17.84375,15.08984375
7143820745000,2.4140625,-2.455078125,3.390625,5.48046875,-16.67578125,15.875
7143823239000,2.646484375,-2.22265625,3.4921875,5.51171875,-16.73828125,15.8125
7143825678000,2.8828125,-1.98046875,3.55859375,6.4765625,-15.28515625,16.50390625
7143828250000,3.09375,-1.7109375,3.625,7.5,-13.77734375,17.0390625
7143830781000,3.33984375,-1.412109375,3.65234375,7.5078125,-13.83984375,17.0
7143833436000,3.58984375,-1.087890625,3.65234375,8.3671875,-12.5859375,16.9765625
7143835633000,3.857421875,-0.734375,3.61328125,9.21875,-11.30078125,16.390625
7143838021000,4.158203125,-0.416015625,3.517578125,9.83203125,-9.734375,15.17578125
7143843237000,4.884765625,0.2890625,3.23828125,10.0625,-8.11328125,13.27734375
7143855189000,6.59765625,1.220703125,2.138671875,9.21875,-3.4296875,6.92578125
7143862984000,7.62890625,1.42578125,1.095703125,9.33984375,-0.296875,3.4296875
7143863124000,7.892578125,1.515625,0.748046875,9.32421875,-0.265625,3.4765625
7143865553000,8.10546875,1.62890625,0.390625,9.109375,1.05859375,1.8984375
7143870483000,8.41015625,1.833984375,-0.36328125,9.0859375,1.16796875,2.0
7143873061000,8.515625,1.900390625,-0.76171875,7.40234375,2.78515625,-1.4765625
7143877949000,8.646484375,1.927734375,-1.51953125,7.37109375,2.95703125,-1.3828125
7143880532000,8.642578125,1.876953125,-1.87109375,6.31640625,3.52734375,-3.109375
7143883154000,8.59375,1.779296875,-2.185546875,5.671875,3.95703125,-4.62109375
7143885507000,8.513671875,1.6953125,-2.4375,5.65625,4.06640625,-4.58203125
7143887996000,8.37109375,1.62109375,-2.654296875,5.5625,4.46875,-5.7578125
7143890521000,8.158203125,1.578125,-2.82421875,5.64453125,4.70703125,-6.8359375
7143893131000,7.94140625,1.578125,-2.943359375,5.65625,5.04296875,-8.01953125
7143897918000,7.369140625,1.689453125,-3.078125,5.625,5.30859375,-7.97265625
7143900786000,7.01953125,1.759765625,-3.12109375,5.19921875,5.79296875,-9.1953125
7143903141000,6.6171875,1.857421875,-3.111328125,4.5625,6.29296875,-10.5859375
7143905520000,6.16015625,1.947265625,-3.10546875,3.9296875,6.66796875,-11.82421875
7143908062000,5.63671875,2.046875,-3.07421875,3.90625,6.78515625,-11.79296875
7143910563000,5.046875,2.177734375,-3.03515625,3.28125,6.9921875,-12.87109375
7143912956000,4.384765625,2.3046875,-3.009765625,2.80859375,7.16796875,-14.08984375
7143915538000,3.708984375,2.455078125,-2.94921875,2.453125,7.27734375,-15.71484375
7143917989000,2.96875,2.640625,-2.8828125,2.421875,7.37109375,-15.68359375
7143920486000,2.234375,2.818359375,-2.80078125,2.19140625,7.1875,-17.83984375
7143925459000,0.80078125,3.140625,-2.65234375,2.10546875,7.3359375,-17.72265625
7143928215000,0.125,3.298828125,-2.591796875,1.625,6.9765625,-19.88671875
7143930358000,-0.5546875,3.416015625,-2.5546875,1.00390625,6.6328125,-22.23828125
7143932958000,-1.1796875,3.521484375,-2.52734375,0.265625,6.296875,-24.57421875
7143935344000,-1.78125,3.55859375,-2.51953125,-0.7265625,5.98828125,-26.59375
7143937922000,-2.32421875,3.544921875,-2.537109375,-0.7734375,6.02734375,-26.5
7143940256000,-2.84375,3.494140625,-2.58203125,-1.97265625,5.8203125,-27.9296875
7143942908000,-3.302734375,3.404296875,-2.638671875,-3.109375,5.73046875,-28.54296875
7143945421000,-3.67578125,3.27734375,-2.72265625,-3.1640625,5.75390625,-28.44921875
7143947880000,-4.013671875,3.107421875,-2.818359375,-4.0234375,5.7109375,-28.6328125
7143952969000,-4.453125,2.60546875,-3.02734375,-4.125,5.734375,-28.453125
7143960325000,-4.77734375,1.595703125,-3.337890625,-4.58203125,5.90625,-26.7578125
7143967707000,-4.771484375,0.431640625,-3.56640625,-4.12109375,5.3828125,-23.65234375
7143975250000,-4.55859375,-0.83203125,-3.595703125,-4.578125,3.7265625,-16.74609375
7143977823000,-4.5,-1.259765625,-3.54296875,-4.4765625,2.8984375,-13.96875
7143980210000,-4.435546875,-1.6640625,-3.521484375,-4.4765625,2.9140625,-13.96875
7143982928000,-4.369140625,-2.041015625,-3.423828125,-4.09765625,2.03515625,-11.19140625
7143987694000,-4.306640625,-2.673828125,-3.2578125,-4.08203125,2.05078125,-11.22265625
7143990362000,-4.310546875,-2.89453125,-3.13671875,-3.52734375,1.2265625,-8.41796875
7143992616000,-4.30859375,-3.060546875,-3.02734375,-2.8984375,0.21875,-5.60546875
7143995178000,-4.345703125,-3.150390625,-2.91796875,-2.359375,-1.01953125,-3.0234375
7144002743000,-4.443359375,-3.142578125,-2.5234375,-2.06640625,-4.0546875,1.234375
7144010219000,-4.369140625,-2.96484375,-2.060546875,-2.51953125,-7.546875,3.66015625
7144017754000,-3.9453125,-2.78125,-1.443359375,-2.9453125,-10.14453125,5.375
7144022661000,-3.576171875,-2.708984375,-0.97265625,-2.8984375,-10.18359375,5.3046875
7144025242000,-3.39453125,-2.6953125,-0.712890625,-2.85546875,-10.87890625,6.125
7144027654000,-3.240234375,-2.6875,-0.451171875,-2.796875,-11.24609375,6.8984375
7144030114000,-3.091796875,-2.671875,-0.171875,-2.7734375,-11.27734375,6.859375
7144032596000,-2.978515625,-2.697265625,0.072265625,-2.7890625,-11.60546875,8.171875
7144035203000,-2.900390625,-2.72265625,0.326171875,-2.7578125,-11.63671875,8.1328125
7144037706000,-2.81640625,-2.75390625,0.560546875,-2.61328125,-11.7890625,8.72265625
7144042764000,-2.654296875,-2.853515625,0.99609375,-2.55078125,-11.875,8.63671875
7144045539000,-2.55859375,-2.904296875,1.193359375,-2.3671875,-12.1875,8.82421875
7144047652000,-2.412109375,-2.94921875,1.384765625,-2.12890625,-12.42578125,8.921875
7144050003000,-2.26171875,-3.01953125,1.56640625,-2.09765625,-12.48046875,8.8671875
7144052558000,-2.1171875,-3.072265625,1.740234375,-1.29296875,-12.859375,9.921875
7144055045000,-1.96875,-3.126953125,1.90625,-1.24609375,-12.9140625,9.875
7144057619000,-1.8125,-3.1875,2.099609375,-0.74609375,-12.9140625,10.37890625
7144060103000,-1.681640625,-3.216796875,2.24609375,-0.2109375,-12.76953125,10.890625
7144062604000,-1.501953125,-3.232421875,2.41796875,-0.171875,-12.83984375,10.828125
7144065160000,-1.357421875,-3.25,2.591796875,0.421875,-12.6015625,11.24609375
7144070074000,-1.04296875,-3.216796875,2.88671875,0.5,-12.7421875,11.11328125
7144072819000,-0.859375,-3.189453125,3.00390625,1.62890625,-11.9375,11.3984375
7144078005000,-0.453125,-3.10546875,3.251953125,2.2421875,-11.37890625,11.390625
7144085908000,0.171875,-2.9921875,3.4140625,3.2734375,-9.984375,11.70703125
7144097390000,1.08984375,-2.5703125,3.29296875,4.41015625,-8.68359375,12.5
7144100108000,1.322265625,-2.443359375,3.220703125,5.34375,-7.04296875,12.46484375
7144105009000,1.939453125,-2.189453125,3.044921875,5.3828125,-7.17578125,12.34765625
7144107709000,2.29296875,-2.056640625,2.943359375,5.73046875,-6.39453125,11.76953125
7144110005000,2.669921875,-1.9375,2.82421875,6.23828125,-5.64453125,11.1953125
7144112394000,3.048828125,-1.828125,2.701171875,6.90234375,-4.66015625,10.79296875
7144114870000,3.4140625,-1.73828125,2.55859375,7.71484375,-3.421875,10.44140625
7144117467000,3.744140625,-1.62109375,2.396484375,7.72265625,-3.453125,10.39453125
7144119960000,4.001953125,-1.478515625,2.265625,8.6484375,-1.73046875,10.046875
7144124911000,4.392578125,-1.21875,1.955078125,8.6640625,-1.77734375,9.9765625
7144127720000,4.572265625,-1.08203125,1.771484375,8.69140625,-0.75,9.32421875
7144129884000,4.7265625,-0.931640625,1.56640625,9.0625,0.22265625,8.2265625
7144132482000,4.88671875,-0.771484375,1.3515625,9.30859375,1.23828125,6.796875
7144135053000,5.017578125,-0.59765625,1.140625,9.35546875,2.1875,5.2890625
7144137412000,5.166015625,-0.44921875,0.923828125,9.35546875,2.1953125,5.265625
7144139952000,5.26171875,-0.330078125,0.689453125,9.05859375,2.7109375,4.0
7144142420000,5.361328125,-0.23046875,0.4140625,8.88671875,3.30859375,2.68359375
7144144922000,5.419921875,-0.11328125,0.13671875,8.88671875,3.33203125,2.67578125
7144147397000,5.451171875,0.0,-0.19921875,8.72265625,3.85546875,1.23828125
7144152293000,5.478515625,0.267578125,-0.921875,8.72265625,3.94140625,1.22265625
7144159846000,5.5703125,0.681640625,-2.134765625,7.80078125,4.96875,-2.44140625
7144167295000,5.744140625,0.62109375,-3.353515625,5.72265625,6.16796875,-6.19921875
7144174734000,5.798828125,0.251953125,-4.46875,3.3515625,5.10546875,-10.96484375
7144177221000,5.7109375,0.103515625,-4.798828125,2.68359375,3.50390625,-12.09765625
7144179805000,5.5625,-0.025390625,-5.1015625,2.66796875,3.65234375,-12.12109375
7144182293000,5.328125,-0.126953125,-5.3671875,1.953125,1.578125,-13.203125
7144187375000,4.681640625,-0.255859375,-5.716796875,1.90625,1.890625,-13.2578125
7144189641000,4.267578125,-0.322265625,-5.78125,0.8984375,-0.38671875,-14.04296875
7144192269000,3.7890625,-0.38671875,-5.779296875,-0.30859375,-2.90234375,-14.16015625
7144194874000,3.271484375,-0.458984375,-5.681640625,-1.51953125,-5.734375,-14.23046875
7144202280000,1.646484375,-0.646484375,-4.91796875,-3.8515625,-12.2890625,-14.27734375
7144209658000,0.138671875,-0.931640625,-3.375,-5.65234375,-19.0625,-13.32421875
7144217374000,-0.970703125,-1.359375,-1.251953125,-6.44921875,-23.9140625,-11.74609375
7144221979000,-1.3203125,-1.666015625,0.267578125,-6.44921875,-23.8984375,-11.79296875
7144224579000,-1.392578125,-1.83984375,1.02734375,-6.39453125,-25.0546875,-10.359375
7144227174000,-1.390625,-2.001953125,1.763671875,-5.9296875,-25.37109375,-8.67578125
7144229629000,-1.3125,-2.154296875,2.447265625,-5.90625,-25.41796875,-8.71484375
7144232282000,-1.205078125,-2.279296875,3.11328125,-4.08203125,-23.609375,-4.828125
7144234769000,-1.0390625,-2.388671875,3.748046875,-4.04296875,-23.6953125,-4.875
7144237192000,-0.8515625,-2.427734375,4.337890625,-2.81640625,-21.9140625,-2.921875
7144242044000,-0.515625,-2.369140625,5.34765625,-2.72265625,-22.140625,-3.0234375
7144244965000,-0.345703125,-2.28125,5.693359375,-1.75390625,-20.296875,-1.23828125
7144247106000,-0.1640625,-2.158203125,5.998046875,-0.82421875,-18.69921875,0.11328125
7144249662000,0.015625,-1.986328125,6.20703125,0.27734375,-16.77734375,1.21484375
7144252007000,0.158203125,-1.7734375,6.392578125,0.95703125,-14.82421875,2.0859375
7144254532000,0.28125,-1.568359375,6.5390625,0.99609375,-14.98828125,2.046875
7144256975000,0.3671875,-1.390625,6.66015625,1.7265625,-13.01171875,2.59375
7144264613000,0.36328125,-0.904296875,7.017578125,3.16015625,-9.85546875,2.9765625
7144269667000,0.2890625,-0.650390625,7.291015625,3.74609375,-8.84375,3.04296875
7144279588000,0.125,-0.33203125,7.896484375,5.91796875,-6.31640625,2.71875
7144284516000,0.0078125,-0.2734375,8.212890625,6.546875,-5.5390625,2.26171875
7144286989000,-0.0625,-0.26171875,8.396484375,6.9296875,-4.05859375,1.6875
7144289568000,-0.1015625,-0.255859375,8.546875,6.9140625,-4.27734375,1.6796875
7144293404000,-0.181640625,-0.291015625,8.705078125,7.2890625,-2.0390625,1.3046875
7144296844000,-0.359375,-0.43359375,9.001953125,7.2421875,-2.46875,1.28125
7144301025000,-0.44921875,-0.537109375,9.138671875,8.453125,2.54296875,1.0
7144308860000,-0.55078125,-0.841796875,9.328125,9.6015625,7.203125,-0.3671875
7144316686000,-0.396484375,-1.244140625,9.056640625,9.37890625,11.77734375,-1.421875
7144320574000,-0.150390625,-1.6015625,8.578125,9.47265625,13.46875,-1.484375
7144324313000,0.1171875,-1.95703125,7.95703125,9.34765625,13.09375,-1.5703125
7144327028000,0.2265625,-2.0703125,7.578125,10.29296875,15.34765625,-0.83984375
7144329570000,0.3515625,-2.177734375,7.15234375,10.7890625,17.65625,0.01171875
7144331855000,0.48046875,-2.296875,6.703125,11.14453125,19.5859375,0.64453125
7144334578000,0.546875,-2.337890625,6.306640625,13.79296875,21.97265625,2.3125
7144339375000,0.552734375,-2.111328125,5.458984375,13.59375,23.48046875,2.97265625
7144346854000,0.552734375,-1.705078125,3.818359375,14.55859375,25.703125,4.3203125
7144354383000,0.22265625,-0.998046875,1.900390625,13.7734375,26.72265625,4.96875
7144359291000,0.037109375,-0.548828125,0.384765625,13.75,26.68359375,4.9375
7144361702000,-0.095703125,-0.3359375,-0.388671875,13.29296875,26.578125,5.63671875
7144364381000,-0.2109375,-0.150390625,-1.138671875,13.30078125,26.5859375,5.62890625
7144366766000,-0.3359375,0.03515625,-1.845703125,13.78515625,26.078125,5.9765625
7144369324000,-0.455078125,0.21484375,-2.47265625,14.25,25.11328125,6.2265625
7144374282000,-0.689453125,0.640625,-3.564453125,14.328125,25.24609375,6.2421875
7144376819000,-0.80859375,0.87890625,-4.060546875,14.43359375,23.9453125,6.5
7144379333000,-0.896484375,1.119140625,-4.541015625,14.27734375,22.38671875,6.36328125
7144381843000,-0.974609375,1.37109375,-4.96484375,14.33203125,22.49609375,6.37890625
7144384227000,-1.0078125,1.615234375,-5.3671875,14.2734375,20.81640625,5.80859375
7144386798000,-1.052734375,1.89453125,-5.736328125,14.3359375,20.94140625,5.83984375
7144389238000,-1.072265625,2.14453125,-6.099609375,14.16015625,19.1640625,5.15234375
7144391855000,-1.119140625,2.40625,-6.42578125,13.6484375,17.21484375,4.50390625
7144394300000,-1.171875,2.654296875,-6.736328125,13.0703125,15.41015625,3.88671875
7144401717000,-1.388671875,3.34765625,-7.525390625,11.66015625,11.9296875,2.546875
7144409207000,-1.525390625,3.880859375,-8.11328125,10.16796875,8.3125,0.46875
7144416847000,-1.443359375,4.1953125,-8.443359375,8.16796875,3.2890625,-3.35546875
7144421594000,-1.29296875,4.205078125,-8.57421875,8.23046875,3.6796875,-3.16796875
7144424248000,-1.21875,4.091796875,-8.57421875,6.30078125,0.7109375,-5.1328125
7144426756000,-1.130859375,3.916015625,-8.53125,4.11328125,-2.046875,-7.00390625
7144429112000,-0.990234375,3.712890625,-8.4609375,4.12890625,-1.859375,-6.92578125
7144431741000,-0.80078125,3.46875,-8.3828125,0.6484375,-8.24609375,-11.65625
7144434167000,-0.564453125,3.20703125,-8.275390625,0.65625,-8.05078125,-11.578125
7144436681000,-0.25,2.921875,-8.16796875,-1.23828125,-11.51171875,-13.671875
7144441573000,0.357421875,2.201171875,-7.939453125,-1.23828125,-11.12890625,-13.5390625
7144444428000,0.634765625,1.767578125,-7.78515625,-3.421875,-14.22265625,-14.82421875
7144446524000,0.890625,1.33203125,-7.603515625,-5.8046875,-17.19140625,-15.51171875
7144449107000,1.134765625,0.875,-7.39453125,-8.1640625,-20.13671875,-15.66796875
7144451497000,1.3359375,0.392578125,-7.15625,-10.19140625,-22.6640625,-15.078125
7144454095000,1.5,-0.083984375,-6.87109375,-10.19921875,-22.4921875,-15.0703125
7144456722000,1.634765625,-0.5546875,-6.517578125,-11.26953125,-24.83203125,-13.7578125
7144464095000,1.6953125,-1.720703125,-5.03515625,-11.26171875,-28.578125,-10.10546875
7144469143000,1.533203125,-2.10546875,-3.673828125,-10.8203125,-29.9765625,-7.96484375
7144480883000,0.89453125,-2.650390625,-0.375,-8.55859375,-31.3203125,-2.96875
7144483902000,0.53515625,-2.6484375,1.37890625,-7.421875,-30.64453125,-1.46484375
7144486514000,0.33984375,-2.591796875,2.19921875,-6.18359375,-29.4296875,-0.171875
7144489105000,0.138671875,-2.521484375,3.015625,-6.16796875,-29.484375,-0.2265625
7144492672000,-0.052734375,-2.447265625,3.798828125,-5.078125,-27.64453125,0.5625
7144496397000,-0.36328125,-2.302734375,5.169921875,-5.0234375,-27.85546875,0.453125
7144498994000,-0.47265625,-2.255859375,5.76171875,-4.08203125,-25.6953125,0.72265625
7144501570000,-0.552734375,-2.22265625,6.28125,-3.16796875,-23.46875,0.8125
7144503987000,-0.62890625,-2.2265625,6.74609375,-2.13671875,-21.203125,0.94921875
7144506543000,-0.68359375,-2.244140625,7.140625,-2.12109375,-21.3671875,0.90234375
7144509084000,-0.728515625,-2.26953125,7.484375,-1.109375,-19.16015625,1.0390625
7144511363000,-0.736328125,-2.333984375,7.7734375,-0.078125,-16.8984375,1.328125
7144513879000,-0.73046875,-2.41015625,8.041015625,0.88671875,-14.61328125,1.70703125
7144516419000,-0.712890625,-2.482421875,8.27734375,0.89453125,-14.80859375,1.65234375
7144518930000,-0.638671875,-2.57421875,8.474609375,1.91796875,-12.63671875,2.17578125
7144521472000,-0.583984375,-2.677734375,8.640625,2.953125,-10.59375,2.76171875
7144523972000,-0.501953125,-2.77734375,8.7734375,2.953125,-10.796875,2.69921875
7144526531000,-0.38671875,-2.865234375,8.876953125,4.09765625,-8.71484375,3.015625
7144531334000,-0.146484375,-2.9765625,9.005859375,4.05078125,-9.14453125,2.8828125
7144538930000,0.048828125,-2.912109375,9.01171875,6.69140625,-5.29296875,3.640625
7144546409000,-0.240234375,-2.498046875,8.8203125,8.96875,-1.64453125,5.23828125
7144553873000,-0.73046875,-1.732421875,8.453125,11.76953125,4.2578125,7.0
7144558851000,-0.875,-1.1015625,8.025390625,11.62890625,3.8828125,6.921875
7144561480000,-0.869140625,-0.779296875,7.765625,12.4375,5.6953125,6.7265625
7144563742000,-0.802734375,-0.46875,7.412109375,12.875,7.62109375,6.26953125
7144566390000,-0.7109375,-0.146484375,7.044921875,12.796875,7.46484375,6.25390625
7144568954000,-0.587890625,0.1015625,6.615234375,12.86328125,9.55859375,5.77734375
7144571448000,-0.421875,0.28125,6.11328125,12.3125,11.20703125,5.04296875
7144573777000,-0.189453125,0.455078125,5.55078125,12.078125,12.84765625,3.96875
7144581293000,0.607421875,0.865234375,3.71875,11.1640625,15.73828125,2.77734375
7144586346000,1.166015625,0.86328125,2.185546875,10.26171875,16.2578125,2.62890625
7144598202000,2.3203125,0.70703125,-1.0,11.5390625,19.3203125,2.25
7144601089000,2.865234375,0.552734375,-2.609375,11.5859375,19.3828125,2.3359375
7144603656000,3.0703125,0.466796875,-3.41015625,11.88671875,19.83984375,2.56640625
7144606195000,3.259765625,0.39453125,-4.2265625,12.0390625,20.03125,3.42578125
7144608676000,3.412109375,0.35546875,-5.046875,12.0859375,20.125,3.47265625
7144611208000,3.544921875,0.349609375,-5.853515625,12.27734375,20.0,4.19921875
7144613695000,3.654296875,0.36328125,-6.634765625,12.6640625,19.69140625,4.7890625
7144616134000,3.79296875,0.4296875,-7.4296875,13.51171875,19.28515625,5.0859375
7144621141000,4.021484375,0.6015625,-8.802734375,13.67578125,19.64453125,5.1875
7144623983000,4.111328125,0.70703125,-9.37890625,14.5703125,18.984375,5.35546875
7144626117000,4.185546875,0.80078125,-9.89453125,14.96875,17.7265625,5.59765625
7144628643000,4.265625,0.875,-10.357421875,15.0546875,17.9609375,5.66015625
7144631197000,4.306640625,0.9453125,-10.75390625,14.36328125,13.7265625,5.1015625
7144633539000,4.3359375,1.0234375,-11.068359375,14.43359375,13.9765625,5.15625
7144636229000,4.353515625,1.095703125,-11.3046875,13.66015625,11.47265625,4.203125
7144641023000,4.365234375,1.220703125,-11.564453125,13.77734375,12.02734375,4.296875
7144643939000,4.318359375,1.267578125,-11.5859375,12.90234375,9.08203125,2.734375
7144646113000,4.330078125,1.328125,-11.54296875,11.83203125,5.8359375,0.578125
7144648496000,4.302734375,1.396484375,-11.439453125,10.234375,2.7578125,-1.78515625
7144651070000,4.275390625,1.46484375,-11.30078125,8.0,-0.66015625,-3.921875
7144653523000,4.19140625,1.53125,-11.111328125,8.015625,-0.39453125,-3.8828125
7144656101000,4.0546875,1.578125,-10.88671875,5.21875,-4.08203125,-6.078125
7144658569000,3.8359375,1.58203125,-10.5625,2.18359375,-7.7421875,-8.15625
7144661113000,3.548828125,1.5546875,-10.208984375,2.17578125,-7.4921875,-8.125
7144663687000,3.208984375,1.53515625,-9.75,-0.92578125,-11.31640625,-10.12109375
7144668522000,2.42578125,1.47265625,-8.615234375,-0.97265625,-10.86328125,-10.04296875
7144671323000,2.015625,1.4140625,-7.919921875,-6.91015625,-18.6328125,-14.38671875
7144676146000,1.138671875,1.263671875,-6.341796875,-6.95703125,-18.3046875,-14.33203125
7144678381000,0.626953125,1.134765625,-5.451171875,-9.3828125,-21.21875,-15.56640625
7144681012000,0.078125,0.931640625,-4.517578125,-11.55078125,-22.77734375,-15.68359375
7144683543000,-0.50390625,0.703125,-3.54296875,-11.56640625,-22.67578125,-15.66796875
7144686065000,-1.091796875,0.45703125,-2.54296875,-12.64453125,-23.10546875,-15.26171875
7144688565000,-1.685546875,0.212890625,-1.537109375,-12.6796875,-22.54296875,-14.80859375
7144690948000,-2.27734375,-0.04296875,-0.515625,-11.80859375,-21.44140625,-14.12109375
7144696003000,-3.41015625,-0.609375,1.4375,-11.80859375,-21.48828125,-14.10546875
7144699821000,-3.955078125,-0.890625,2.353515625,-9.6875,-17.45703125,-11.03125
7144706031000,-5.2421875,-1.603515625,4.484375,-8.5,-12.92578125,-7.30859375
7144715587000,-5.99609375,-2.16796875,5.7109375,-6.23828125,-9.6796875,-4.32421875
7144718408000,-6.173828125,-2.53515625,6.138671875,-5.1171875,-8.69921875,-2.9375
7144721037000,-6.171875,-2.67578125,6.2578125,-4.1015625,-7.84765625,-1.6796875
7144723269000,-6.1171875,-2.830078125,6.3203125,-4.0859375,-8.01171875,-1.734375
7144725950000,-6.0078125,-2.943359375,6.353515625,-3.3125,-7.4453125,-0.45703125
7144730920000,-5.693359375,-3.125,6.259765625,-2.67578125,-7.140625,0.66796875
7144733352000,-5.46875,-3.19921875,6.193359375,-2.0625,-6.73828125,1.79296875
7144735914000,-5.224609375,-3.275390625,6.095703125,-2.0625,-6.89453125,1.71484375
7144738353000,-4.9765625,-3.337890625,5.9921875,-1.31640625,-6.44921875,2.72265625
7144741043000,-4.671875,-3.3984375,5.859375,-0.50390625,-5.9765625,3.52734375
7144743339000,-4.35546875,-3.4375,5.724609375,-0.50390625,-6.1171875,3.44140625
7144745868000,-4.0390625,-3.46484375,5.56640625,0.2734375,-5.73828125,4.34375
7144748377000,-3.712890625,-3.4921875,5.435546875,1.1484375,-5.3125,5.1796875
7144753323000,-3.107421875,-3.505859375,5.12890625,1.125,-5.5703125,4.9921875
7144758293000,-2.55078125,-3.48828125,4.8125,2.8984375,-4.69140625,6.90234375
7144765790000,-1.845703125,-3.318359375,4.408203125,5.265625,-3.51953125,9.03125
7144773316000,-1.23046875,-2.84765625,4.017578125,7.88671875,-1.7734375,11.34765625
7144778102000,-1.037109375,-2.630859375,3.869140625,9.03515625,-0.546875,12.43359375
7144780913000,-0.6484375,-2.091796875,3.494140625,9.9375,0.74609375,13.06640625
7144785849000,-0.15625,-1.43359375,2.978515625,9.890625,0.59765625,12.98046875
7144788639000,0.12109375,-1.091796875,2.634765625,10.4921875,2.24609375,13.2109375
7144790969000,0.416015625,-0.76171875,2.23046875,10.703125,3.73046875,13.0703125
7144793155000,0.734375,-0.470703125,1.765625,10.62890625,5.08203125,12.796875
7144795940000,1.0390625,-0.220703125,1.26953125,10.61328125,6.41015625,12.53515625
7144798223000,1.380859375,0.001953125,0.72265625,10.60546875,6.37890625,12.54296875
7144800761000,1.7265625,0.208984375,0.16796875,10.8046875,7.79296875,12.07421875
7144803309000,2.095703125,0.40234375,-0.4375,11.015625,9.09375,11.55859375
7144805630000,2.47265625,0.568359375,-1.0546875,11.0234375,9.109375,11.58984375
7144808312000,2.853515625,0.72265625,-1.697265625,11.28125,9.9765625,10.80078125
7144813061000,3.591796875,0.927734375,-3.087890625,11.3125,10.078125,10.87890625
7144815870000,3.931640625,1.01171875,-3.794921875,11.4140625,10.4921875,9.9765625
7144818118000,4.177734375,1.10546875,-4.48828125,11.93359375,11.2109375,9.5546875
7144820671000,4.345703125,1.1796875,-5.154296875,11.96484375,11.328125,9.609375
7144823261000,4.41796875,1.25,-5.814453125,11.9765625,11.6171875,9.5390625
7144825699000,4.427734375,1.34375,-6.43359375,11.921875,11.48046875,9.55859375
7144828192000,4.365234375,1.45703125,-6.9921875,11.9609375,11.63671875,9.61328125
7144830769000,4.2109375,1.609375,-7.455078125,12.2578125,10.3046875,9.234375
7144833098000,4.017578125,1.76953125,-7.83203125,12.2890625,10.4765625,9.2890625
7144835735000,3.7421875,1.935546875,-8.095703125,12.85546875,9.24609375,8.52734375
7144840637000,3.150390625,2.32421875,-8.3515625,12.90234375,9.62890625,8.64453125
7144843461000,2.859375,2.5390625,-8.388671875,13.4921875,8.0859375,7.31640625
7144845618000,2.568359375,2.75,-8.3671875,13.4296875,6.2109375,5.64453125
7144848188000,2.314453125,2.958984375,-8.32421875,12.59375,4.3671875,3.953125
7144850543000,2.068359375,3.126953125,-8.267578125,11.34765625,2.359375,2.27734375
7144853081000,1.826171875,3.267578125,-8.166015625,11.35546875,2.5703125,2.34765625
7144855579000,1.556640625,3.33984375,-7.990234375,9.828125,0.34375,0.51953125
7144858036000,1.2578125,3.39453125,-7.80859375,8.41015625,-2.10546875,-1.890625
7144860595000,0.998046875,3.45703125,-7.59375,8.40234375,-1.91015625,-1.8046875
7144863041000,0.728515625,3.484375,-7.33984375,6.76953125,-4.8203125,-5.078125
7144868226000,0.390625,3.548828125,-6.755859375,6.72265625,-4.4765625,-4.90625
7144870857000,0.30078125,3.537109375,-6.435546875,1.4609375,-11.234375,-11.625
7144878281000,0.09765625,3.060546875,-5.201171875,-1.65234375,-13.83203125,-13.515625
7144883758000,-0.021484375,2.53515625,-4.23828125,-7.76953125,-18.91796875,-15.390625
7144895417000,-0.19140625,1.068359375,-2.046875,-11.234375,-22.58984375,-14.234375
7144898040000,-0.310546875,0.376953125,-0.814453125,-11.1796875,-23.2265625,-12.73046875
7144903021000,-0.435546875,-0.3125,0.400390625,-11.1875,-23.21875,-12.72265625
7144905624000,-0.513671875,-0.646484375,1.013671875,-10.76953125,-23.703125,-10.984375
7144908006000,-0.552734375,-0.939453125,1.62109375,-9.94921875,-23.7734375,-9.06640625
7144910546000,-0.62109375,-1.171875,2.23046875,-8.8984375,-23.45703125,-6.734375
7144912759000,-0.671875,-1.333984375,2.828125,-7.59765625,-22.72265625,-4.2578125
7144915398000,-0.75,-1.4296875,3.40625,-7.57421875,-22.79296875,-4.2890625
7144917938000,-0.82421875,-1.466796875,3.974609375,-5.94140625,-21.8828125,-1.9375
7144920457000,-0.923828125,-1.45703125,4.515625,-4.1953125,-20.75,0.20703125
7144923012000,-1.01953125,-1.392578125,5.0390625,-4.1640625,-20.875,0.17578125
7144925309000,-1.146484375,-1.2890625,5.529296875,-2.4375,-19.4609375,2.0
7144930481000,-1.36328125,-1.025390625,6.427734375,-2.390625,-19.765625,1.953125
7144937929000,-1.556640625,-0.517578125,7.591796875,0.69921875,-16.69921875,4.25390625
7144945263000,-1.529296875,0.00390625,8.435546875,3.265625,-13.27734375,5.51171875
7144952826000,-1.3359375,0.5625,8.90625,6.765625,-6.96875,5.75390625
7144957840000,-1.21875,0.87890625,9.06640625,6.734375,-7.421875,5.77734375
7144960332000,-1.1640625,0.994140625,9.078125,7.62890625,-5.08984375,5.5625
7144962872000,-1.12890625,1.091796875,9.091796875,8.43359375,-2.75390625,5.26953125
7144965499000,-1.087890625,1.177734375,9.037109375,9.24609375,-0.40234375,4.765625
7144967843000,-1.07421875,1.275390625,8.982421875,9.21484375,-0.61328125,4.78125
7144970386000,-1.029296875,1.341796875,8.880859375,9.703125,1.79296875,4.09375
7144972744000,-1.005859375,1.400390625,8.759765625,10.0703125,4.3671875,3.3125
7144980271000,-0.8359375,1.453125,8.1796875,10.203125,9.921875,0.9140625
7144987745000,-0.45703125,1.349609375,7.19921875,10.17578125,12.3828125,-0.0390625
7144995515000,-0.12109375,1.1171875,5.755859375,10.21875,19.08984375,-1.0234375
7145000275000,0.18359375,0.90234375,4.529296875,9.9375,20.8828125,-1.45703125
7145002843000,0.3671875,0.810546875,3.87890625,9.74609375,22.58203125,-1.7109375
7145005266000,0.568359375,0.68359375,3.19140625,9.71484375,22.50390625,-1.6875
7145007773000,0.791015625,0.5703125,2.494140625,9.484375,24.01171875,-1.7109375
7145012566000,1.234375,0.2265625,1.083984375,9.453125,23.94921875,-1.671875
7145015362000,1.4453125,0.0703125,0.365234375,9.57421875,25.3125,-1.4453125
7145017822000,1.62109375,-0.091796875,-0.322265625,9.83984375,26.46875,-0.80859375
7145020081000,1.77734375,-0.24609375,-1.041015625,9.84765625,26.484375,-0.80078125
7145022753000,1.8984375,-0.37890625,-1.736328125,10.07421875,27.203125,0.01953125
7145025155000,1.984375,-0.48828125,-2.41796875,10.3359375,27.4609375,1.29296875
7145027657000,1.98046875,-0.560546875,-3.0859375,10.3671875,27.53125,1.30078125
7145030154000,1.953125,-0.5703125,-3.74609375,11.25390625,26.5078125,4.0390625
7145032624000,1.8671875,-0.51171875,-4.361328125,11.30078125,26.609375,4.0546875
7145035136000,1.76953125,-0.41015625,-4.94921875,11.86328125,25.48046875,4.90625
7145040218000,1.490234375,-0.07421875,-6.005859375,11.95703125,25.73828125,4.9296875
7145042961000,1.34375,0.1171875,-6.443359375,12.48046875,24.19921875,5.453125
7145045088000,1.1796875,0.341796875,-6.82421875,12.8046875,22.24609375,5.5
7145047655000,1.044921875,0.552734375,-7.169921875,12.90625,20.08203125,5.08984375
7145050186000,0.86328125,0.74609375,-7.419921875,12.76953125,17.79296875,4.375
7145052471000,0.70703125,0.927734375,-7.658203125,12.81640625,17.95703125,4.3984375
7145055050000,0.53515625,1.072265625,-7.814453125,12.30859375,15.609375,3.55078125
7145057705000,0.353515625,1.193359375,-7.958984375,11.62890625,13.3125,2.3515625
7145060070000,0.1796875,1.275390625,-8.052734375,11.66796875,13.4921875,2.3828125
7145062546000,0.03125,1.341796875,-8.134765625,10.9296875,11.015625,0.9296875
7145065069000,-0.109375,1.3828125,-8.185546875,10.16796875,8.1875,-0.62890625
7145067481000,-0.201171875,1.42578125,-8.224609375,10.19921875,8.3828125,-0.58984375
7145071538000,-0.28125,1.431640625,-8.255859375,9.3828125,5.25390625,-2.1796875
7145077791000,-0.333984375,1.388671875,-8.3359375,6.62890625,-1.37109375,-6.30078125
7145087198000,-0.103515625,1.072265625,-8.296875,2.578125,-9.171875,-11.90234375
7145094941000,0.5,0.34375,-8.126953125,-2.859375,-16.9921875,-14.75
7145098809000,0.91796875,-0.3984375,-7.884765625,-5.66796875,-19.95703125,-14.328125
7145102563000,1.212890625,-1.291015625,-7.44140625,-5.68359375,-19.58984375,-14.375
7145105152000,1.314453125,-1.796875,-7.146484375,-7.94140625,-22.44921875,-13.0546875
7145107471000,1.408203125,-2.28515625,-6.78515625,-9.43359375,-25.328125,-10.9921875
7145110117000,1.4453125,-2.76953125,-6.353515625,-9.49609375,-26.890625,-7.94921875
7145112451000,1.42578125,-3.197265625,-5.81640625,-9.73046875,-29.19140625,-4.8671875
7145118357000,1.41796875,-3.892578125,-4.634765625,-8.6953125,-30.91796875,-2.0625
7145124810000,1.349609375,-4.140625,-2.5625,-6.44921875,-33.44921875,4.17578125
7145133954000,1.046875,-3.45703125,-0.509765625,-4.84375,-34.09765625,9.0234375
7145137339000,0.828125,-2.685546875,0.767578125,-4.078125,-33.70703125,10.17578125
7145140080000,0.7421875,-2.212890625,1.376953125,-3.171875,-32.7421875,10.8984375
7145142426000,0.646484375,-1.716796875,1.947265625,-3.1640625,-32.78125,10.84375
7145144687000,0.583984375,-1.2421875,2.47265625,-2.3359375,-31.53515625,10.94921875
7145147389000,0.529296875,-0.798828125,2.9765625,-1.61328125,-29.80859375,10.58984375
7145152311000,0.41015625,-0.033203125,3.833984375,-1.58203125,-29.97265625,10.56640625
7145154892000,0.345703125,0.28125,4.228515625,-1.1484375,-27.9375,9.9921875
7145157506000,0.244140625,0.55078125,4.615234375,-0.625,-25.953125,9.17578125
7145160178000,0.15234375,0.80078125,4.96875,-0.6015625,-26.078125,9.19140625
7145162329000,0.041015625,1.037109375,5.33203125,0.20703125,-24.26171875,8.26953125
7145164763000,-0.06640625,1.25390625,5.701171875,1.34375,-22.375,7.24609375
7145167322000,-0.1796875,1.439453125,6.080078125,1.3671875,-22.5234375,7.27734375
7145170042000,-0.3046875,1.609375,6.42578125,2.53125,-20.3046875,6.0546875
7145172161000,-0.40625,1.791015625,6.783203125,3.6796875,-17.49609375,4.6484375
7145179769000,-0.638671875,2.142578125,7.703125,5.171875,-11.4765625,1.8359375
7145187311000,-0.78125,2.15625,8.24609375,5.9140625,-8.61328125,0.79296875
7145196592000,-0.904296875,1.94921875,8.4296875,8.74609375,1.0625,-1.625
7145199743000,-0.90234375,1.765625,8.390625,9.8203125,4.1640625,-2.1015625
7145202217000,-0.91015625,1.666015625,8.3125,11.03515625,7.484375,-2.51171875
7145204709000,-0.859375,1.5859375,8.205078125,10.99609375,7.2890625,-2.47265625
7145207278000,-0.810546875,1.505859375,8.06640625,12.21875,10.7890625,-2.82421875
7145212257000,-0.732421875,1.37109375,7.7109375,12.1328125,10.4140625,-2.75390625
7145219682000,-0.607421875,1.02734375,6.849609375,13.5234375,16.7109375,-2.42578125
7145223881000,-0.603515625,0.97265625,6.525390625,15.33203125,22.96875,-1.26171875
7145234866000,-0.333984375,0.298828125,4.458984375,15.69140625,30.0859375,-0.765625
7145239697000,-0.15625,-0.1015625,3.470703125,15.62890625,29.90625,-0.765625
7145242118000,-0.08984375,-0.255859375,2.916015625,16.48046875,31.88671875,-0.265625
7145244472000,-0.04296875,-0.369140625,2.353515625,17.18359375,33.59375,0.43359375
7145247241000,-0.05078125,-0.458984375,1.7578125,17.6484375,35.0234375,1.3359375
7145249437000,-0.05078125,-0.482421875,1.126953125,17.5546875,35.91796875,2.71875
7145252147000,-0.087890625,-0.490234375,0.48828125,17.5546875,35.89453125,2.703125
7145254601000,-0.16015625,-0.46875,-0.197265625,17.19921875,36.13671875,4.33203125
7145257065000,-0.23046875,-0.427734375,-0.93359375,17.3046875,35.7421875,5.734375
7145259586000,-0.36328125,-0.337890625,-1.6640625,17.3125,35.765625,5.7265625
7145261867000,-0.46875,-0.20703125,-2.40625,17.8828125,34.60546875,6.734375
7145264570000,-0.60546875,-0.025390625,-3.123046875,18.5859375,32.53125,6.859375
7145267129000,-0.73046875,0.21484375,-3.822265625,18.609375,32.6015625,6.859375
7145271224000,-0.8359375,0.478515625,-4.5,19.15625,29.8359375,6.27734375
7145274556000,-0.943359375,1.025390625,-5.689453125,19.2421875,30.0625,6.30078125
7145276935000,-0.955078125,1.265625,-6.189453125,19.13671875,26.74609375,4.86328125
7145279557000,-0.896484375,1.484375,-6.626953125,18.23828125,22.80859375,2.6640625
7145282096000,-0.765625,1.619140625,-7.02734375,18.27734375,22.97265625,2.6953125
7145284420000,-0.615234375,1.6875,-7.39453125,16.4375,18.703125,-0.015625
7145287021000,-0.41015625,1.705078125,-7.7109375,14.1015625,14.5390625,-2.921875
7145289487000,-0.193359375,1.642578125,-7.978515625,11.5234375,10.640625,-5.55859375
7145291916000,0.01953125,1.521484375,-8.197265625,8.96875,6.8984375,-7.57421875
7145298281000,0.357421875,1.083984375,-8.466796875,6.74609375,3.453125,-8.68359375
7145306067000,0.6953125,0.162109375,-8.517578125,2.89453125,-3.62890625,-9.37109375
7145314055000,0.798828125,-0.787109375,-8.064453125,-0.515625,-10.125,-8.91796875
7145316925000,0.728515625,-1.333984375,-7.533203125,-2.12890625,-13.2734375,-8.5703125
7145319478000,0.6953125,-1.58984375,-7.21875,-3.55078125,-16.5703125,-8.09375
7145321974000,0.642578125,-1.8359375,-6.892578125,-3.54296875,-16.4140625,-8.140625
7145324326000,0.54296875,-2.05859375,-6.564453125,-4.98828125,-19.7578125,-7.40625
7145329386000,0.3125,-2.392578125,-5.88671875,-6.41796875,-22.79296875,-6.38671875
7145336911000,-0.16015625,-2.650390625,-4.796875,-7.74609375,-25.38671875,-4.88671875
7145344436000,-0.55859375,-2.443359375,-3.60546875,-9.1015625,-30.0703125,-0.95703125
7145351914000,-0.650390625,-1.826171875,-2.22265625,-9.234375,-34.1484375,4.12109375
7145356765000,-0.53515625,-1.486328125,-1.31640625,-9.2421875,-34.0625,4.05078125
7145359434000,-0.373046875,-1.287109375,-0.91796875,-9.72265625,-35.6875,4.82421875
7145361728000,-0.146484375,-1.107421875,-0.53515625,-9.9140625,-36.55078125,5.3671875
7145364316000,0.10546875,-0.919921875,-0.20703125,-9.9609375,-36.640625,5.7578125
7145366661000,0.34765625,-0.72265625,0.15234375,-9.953125,-36.6328125,5.734375
7145369269000,0.560546875,-0.525390625,0.50390625,-9.51171875,-35.94140625,6.26171875
7145371923000,0.73046875,-0.359375,0.857421875,-9.015625,-34.921875,6.66796875
7145374234000,0.83984375,-0.20703125,1.22265625,-8.44140625,-33.8359375,6.625
7145376867000,0.9140625,-0.08984375,1.576171875,-8.43359375,-33.875,6.6171875
7145379362000,0.9609375,0.015625,1.92578125,-7.95703125,-32.5625,6.1953125
7145384289000,1.046875,0.162109375,2.595703125,-7.93359375,-32.6640625,6.1953125
7145387056000,1.0703125,0.21484375,2.923828125,-7.328125,-31.17578125,5.75390625
7145391853000,1.0703125,0.26171875,3.578125,-6.3671875,-29.74609375,5.12109375
7145394691000,1.0546875,0.287109375,3.9140625,-5.14453125,-28.0390625,4.59375
7145396848000,0.990234375,0.30078125,4.22265625,-3.8359375,-26.1328125,4.171875
7145399117000,0.919921875,0.3359375,4.564453125,-3.8203125,-26.2265625,4.1796875
7145401704000,0.8203125,0.384765625,4.87109375,-2.41015625,-24.2578125,4.0625
7145404072000,0.703125,0.482421875,5.16015625,-0.875,-22.2578125,3.96484375
7145406595000,0.591796875,0.587890625,5.462890625,-0.8671875,-22.390625,3.97265625
7145409261000,0.49609375,0.72265625,5.751953125,0.76953125,-20.1953125,3.65234375
7145411691000,0.412109375,0.8671875,6.015625,2.703125,-17.5625,3.08203125
7145414236000,0.3359375,1.01953125,6.240234375,3.6328125,-14.6171875,2.24609375
7145419219000,0.244140625,1.234375,6.66796875,5.51171875,-11.5390625,1.11328125
7145431169000,0.12890625,1.490234375,7.181640625,8.765625,-0.89453125,-1.78125
7145435236000,0.115234375,1.484375,7.3359375,9.93359375,2.74609375,-2.58203125
7145439415000,0.09765625,1.396484375,7.4375,10.7421875,6.1953125,-3.14453125
7145441646000,0.068359375,1.32421875,7.40625,11.62890625,10.10546875,-3.57421875
7145446658000,0.037109375,1.111328125,7.201171875,11.55859375,9.76953125,-3.50390625
7145449395000,0.03125,1.021484375,7.05078125,14.05859375,17.7890625,-3.6875
7145454199000,-0.044921875,0.845703125,6.654296875,15.33203125,21.66015625,-3.19921875
7145456576000,-0.09765625,0.759765625,6.40625,16.30078125,25.5234375,-2.640625
7145459091000,-0.1796875,0.693359375,6.142578125,16.26171875,25.375,-2.625
7145461472000,-0.251953125,0.611328125,5.8203125,17.05859375,28.87109375,-2.1015625
7145463990000,-0.326171875,0.517578125,5.46484375,18.57421875,32.54296875,-1.3828125
7145466594000,-0.419921875,0.50390625,5.095703125,18.54296875,32.42578125,-1.375
7145470608000,-0.501953125,0.50390625,4.697265625,18.66796875,34.68359375,-0.625
7145476764000,-0.439453125,0.111328125,3.205078125,19.1484375,38.18359375,0.265625
7145482129000,-0.220703125,-0.15625,2.044921875,19.62109375,39.3671875,1.0546875
7145493870000,0.072265625,-0.48046875,-0.578125,19.73046875,40.6484375,5.00390625
7145496438000,-0.02734375,-0.3984375,-1.939453125,20.05859375,39.52734375,6.1796875
7145501360000,-0.2421875,-0.150390625,-3.30859375,20.09765625,39.63671875,6.1640625
7145504298000,-0.361328125,0.02734375,-3.921875,20.2734375,37.421875,6.68359375
7145506431000,-0.44921875,0.1875,-4.513671875,20.19921875,34.25,6.109375
7145509004000,-0.474609375,0.3515625,-5.04296875,19.8046875,30.2734375,4.4609375
7145511422000,-0.443359375,0.482421875,-5.541015625,18.88671875,25.82421875,2.21875
7145514045000,-0.375,0.57421875,-5.990234375,18.93359375,25.95703125,2.2265625
7145516541000,-0.234375,0.61328125,-6.41015625,17.41015625,21.18359375,-0.4375
7145518865000,-0.107421875,0.609375,-6.783203125,15.36328125,16.4375,-2.7109375
7145521456000,0.07421875,0.560546875,-7.123046875,15.41015625,16.6015625,-2.6953125
7145523942000,0.240234375,0.44921875,-7.421875,13.015625,12.05859375,-4.34375
7145529020000,0.48046875,0.158203125,-7.875,13.109375,12.43359375,-4.3203125
7145531434000,0.5390625,-0.021484375,-8.015625,9.30078125,4.203125,-5.203125
7145536378000,0.552734375,-0.400390625,-8.1015625,9.37109375,4.6015625,-5.2109375
7145538810000,0.501953125,-0.576171875,-8.0625,7.94921875,0.81640625,-5.0859375
7145541471000,0.431640625,-0.732421875,-7.96484375,6.671875,-2.89453125,-4.9296875
7145543806000,0.34765625,-0.859375,-7.822265625,6.6953125,-2.70703125,-4.9453125
7145546243000,0.24609375,-0.98046875,-7.654296875,5.38671875,-6.4453125,-4.71875
7145549036000,0.1328125,-1.091796875,-7.443359375,3.8984375,-10.0390625,-4.33984375
7145551223000,-0.009765625,-1.17578125,-7.220703125,2.1640625,-13.3828125,-3.68359375
7145556197000,-0.345703125,-1.330078125,-6.705078125,0.39453125,-16.65625,-3.37109375
7145563758000,-0.607421875,-1.51171875,-5.828125,-2.8125,-23.53515625,-3.30859375
7145575943000,-0.552734375,-1.783203125,-4.44140625,-6.66796875,-31.7265625,-1.55078125
7145578706000,-0.419921875,-1.857421875,-3.666015625,-7.69140625,-33.703125,-0.765625
7145583676000,-0.22265625,-1.873046875,-2.82421875,-7.69921875,-33.546875,-0.859375
7145586555000,-0.13671875,-1.853515625,-2.41796875,-8.46484375,-35.10546875,0.26953125
7145591315000,-0.00390625,-1.734375,-1.53515625,-9.0390625,-35.95703125,1.49609375
7145594001000,0.068359375,-1.630859375,-1.111328125,-9.2109375,-36.5703125,2.7890625
7145596112000,0.130859375,-1.51171875,-0.67578125,-9.2578125,-36.890625,3.83203125
7145598660000,0.1875,-1.341796875,-0.265625,-9.2578125,-36.875,3.79296875
7145601200000,0.236328125,-1.169921875,0.14453125,-9.2109375,-36.7109375,4.8515625
7145603594000,0.310546875,-0.998046875,0.544921875,-9.10546875,-36.48828125,5.69140625
7145606319000,0.41015625,-0.8046875,0.919921875,-9.10546875,-36.50390625,5.66796875
7145608602000,0.51953125,-0.5859375,1.30078125,-8.859375,-36.22265625,6.1015625
7145611118000,0.642578125,-0.384765625,1.63671875,-8.546875,-35.50390625,6.36328125
7145613653000,0.75390625,-0.17578125,1.974609375,-8.1328125,-34.38671875,6.43359375
7145618729000,0.927734375,0.21484375,2.6484375,-8.1171875,-34.49609375,6.41796875
7145621521000,1.001953125,0.384765625,2.984375,-7.57421875,-33.08984375,6.26171875
7145623700000,1.017578125,0.53515625,3.333984375,-6.8671875,-31.4375,5.703125
7145626222000,1.00390625,0.6796875,3.67578125,-6.8671875,-31.5234375,5.7109375
7145628828000,0.947265625,0.810546875,4.04296875,-4.609375,-28.0078125,4.51953125
7145631148000,0.8359375,0.94140625,4.4140625,-4.6015625,-28.1015625,4.53515625
7145633715000,0.693359375,1.09375,4.802734375,-3.08203125,-26.12890625,4.08984375
7145636217000,0.505859375,1.27734375,5.1953125,-1.88671875,-24.06640625,3.25
7145638582000,0.310546875,1.427734375,5.609375,-1.87890625,-24.19921875,3.28125
7145641300000,0.13671875,1.591796875,6.00390625,-0.4140625,-21.6015625,2.421875
7145646124000,-0.291015625,1.90234375,6.794921875,-0.421875,-21.90625,2.515625
7145648853000,-0.51953125,2.03515625,7.154296875,2.453125,-15.71484375,0.73046875
7145654067000,-0.9453125,2.26953125,7.763671875,4.07421875,-12.765625,-0.08203125
7145661893000,-1.59765625,2.689453125,8.234375,7.40234375,-5.8828125,-0.4375
7145670007000,-2.337890625,3.46875,8.060546875,9.7578125,0.40234375,-0.05078125
7145673527000,-2.642578125,3.71875,7.701171875,9.88671875,3.28515625,-0.79296875
7145676059000,-2.673828125,3.771484375,7.435546875,10.796875,6.3359375,-1.40234375
7145680875000,-2.41015625,3.50390625,6.76171875,10.6796875,5.9921875,-1.26171875
7145683607000,-2.09375,3.0390625,6.416015625,9.9375,9.2265625,-2.24609375
7145685993000,-1.7265625,2.390625,6.166015625,8.37109375,12.4140625,-3.44140625
7145688648000,-1.416015625,1.74609375,6.001953125,11.12109375,15.2890625,-3.125
7145690788000,-1.19921875,1.19921875,5.849609375,12.53125,18.65234375,-1.53125
7145697058000,-0.982421875,0.302734375,5.703125,15.08984375,21.625,-0.15625
7145704908000,-1.05859375,-0.228515625,5.326171875,16.34375,25.0234375,1.765625
7145710785000,-0.87109375,-0.349609375,4.20703125,16.1171875,28.07421875,2.97265625
7145715975000,-0.59375,-0.431640625,3.212890625,16.86328125,29.47265625,4.0546875
7145718398000,-0.423828125,-0.50390625,2.685546875,17.7890625,30.98828125,4.765625
7145720861000,-0.2265625,-0.57421875,2.138671875,17.765625,30.93359375,4.75
7145723514000,-0.029296875,-0.62890625,1.62109375,18.34375,32.3359375,5.68359375
7145728492000,0.330078125,-0.64453125,0.50390625,18.3203125,32.296875,5.66015625
7145730852000,0.474609375,-0.607421875,-0.037109375,18.55078125,33.265625,6.76953125
7145733254000,0.552734375,-0.546875,-0.615234375,18.44140625,33.5390625,7.90234375
7145735982000,0.619140625,-0.484375,-1.171875,18.140625,33.28515625,8.91015625
7145738359000,0.66015625,-0.376953125,-1.7265625,18.15625,33.32421875,8.91015625
7145740897000,0.7265625,-0.25390625,-2.28125,18.0078125,32.64453125,9.515625
7145743380000,0.810546875,-0.109375,-2.8125,18.0390625,32.69921875,9.515625
7145745727000,0.939453125,0.060546875,-3.34375,18.1171875,31.44921875,9.5703125
7145748495000,1.09375,0.205078125,-3.8671875,17.8984375,29.8203125,9.2109375
7145750698000,1.296875,0.35546875,-4.408203125,17.32421875,28.01953125,8.6640625
7145755833000,1.69921875,0.5703125,-5.447265625,17.42578125,28.25390625,8.71875
7145758660000,1.908203125,0.677734375,-5.947265625,16.40234375,23.34765625,6.32421875
7145763231000,2.287109375,0.849609375,-6.923828125,16.50390625,23.62890625,6.39453125
7145766277000,2.4609375,0.896484375,-7.359375,15.8828125,20.65234375,4.203125
7145768169000,2.619140625,0.912109375,-7.779296875,14.45703125,17.390625,1.984375
7145770782000,2.7890625,0.86328125,-8.15625,12.59375,14.12109375,-0.10546875
7145773450000,2.95703125,0.7734375,-8.474609375,10.828125,10.68359375,-2.01953125
7145775817000,3.14453125,0.611328125,-8.783203125,10.875,10.88671875,-1.98046875
7145778228000,3.333984375,0.412109375,-9.05859375,9.25390625,7.6171875,-3.2890625
7145780785000,3.478515625,0.203125,-9.26171875,7.7578125,4.625,-4.40625
7145783162000,3.59765625,-0.005859375,-9.44921875,7.8046875,4.84375,-4.3828125
7145785832000,3.70703125,-0.228515625,-9.564453125,6.49609375,2.11328125,-4.87109375
7145790674000,3.818359375,-0.65625,-9.6015625,6.57421875,2.60546875,-4.87109375
7145798180000,3.650390625,-1.140625,-9.267578125,4.59765625,-2.94140625,-5.06640625
7145803258000,3.423828125,-1.294921875,-8.9375,2.359375,-8.78125,-5.609375
7145813266000,2.630859375,-1.59375,-7.892578125,-2.1953125,-17.203125,-5.39453125
7145818197000,1.87109375,-1.669921875,-6.96875,-2.2265625,-16.8359375,-5.48828125
7145820494000,1.41015625,-1.650390625,-6.3984375,-3.14453125,-19.55078125,-4.8515625
7145823011000,0.91796875,-1.61328125,-5.798828125,-3.828125,-22.05859375,-3.9453125
7145825684000,0.361328125,-1.537109375,-5.1328125,-3.84375,-21.92578125,-3.984375
7145828334000,-0.22265625,-1.439453125,-4.43359375,-4.703125,-26.17578125,-2.51953125
7145834029000,-1.3515625,-1.1484375,-2.96875,-5.33203125,-27.5546875,-1.93359375
7145840532000,-3.1328125,-0.748046875,-0.736328125,-6.53515625,-29.39453125,-0.2421875
7145849567000,-5.037109375,-0.330078125,1.421875,-5.48046875,-30.125,1.58203125
7145853127000,-6.142578125,0.111328125,2.8125,-5.45703125,-30.2734375,1.62890625
7145855500000,-6.630859375,0.353515625,3.501953125,-4.609375,-30.01953125,2.1875
7145858103000,-7.064453125,0.59375,4.140625,-4.01953125,-29.1796875,2.41796875
7145860666000,-7.42578125,0.82421875,4.720703125,-4.00390625,-29.3203125,2.46484375
7145863021000,-7.708984375,1.009765625,5.26171875,-3.546875,-27.9921875,2.38671875
7145865561000,-7.94140625,1.177734375,5.7265625,-3.2890625,-26.26953125,2.171875
7145867971000,-8.123046875,1.27734375,6.099609375,-3.265625,-24.28515625,1.7578125
7145872873000,-8.220703125,1.337890625,6.6328125,-3.25,-24.66796875,1.8515625
7145875840000,-8.220703125,1.30859375,6.8046875,-3.171875,-22.640625,1.3828125
7145878022000,-8.162109375,1.234375,6.90234375,-2.796875,-20.55078125,1.203125
7145880384000,-8.076171875,1.140625,6.970703125,-2.39453125,-18.58984375,1.234375
7145883109000,-7.96484375,1.033203125,6.998046875,-2.41015625,-18.80078125,1.265625
7145885306000,-7.81640625,0.931640625,6.95703125,-2.07421875,-16.96484375,1.34765625
7145888091000,-7.630859375,0.8359375,6.935546875,-1.83203125,-15.22265625,1.5
7145890461000,-7.40234375,0.7265625,6.853515625,-1.3203125,-13.57421875,1.515625
7145892966000,-7.146484375,0.609375,6.7734375,-1.34375,-13.76953125,1.515625
7145895522000,-6.87109375,0.486328125,6.66015625,-0.73828125,-12.296875,1.44140625
7145900496000,-6.205078125,0.212890625,6.38671875,-0.78515625,-12.6640625,1.40234375
7145903258000,-5.80859375,0.078125,6.21484375,-0.3828125,-11.2265625,1.3203125
7145905529000,-5.349609375,-0.07421875,6.02734375,-0.203125,-9.71875,1.046875
7145907966000,-4.818359375,-0.2421875,5.802734375,-0.06640625,-8.2578125,0.8125
7145910539000,-4.236328125,-0.421875,5.55859375,0.19921875,-6.4765625,0.57421875
7145912944000,-3.6015625,-0.580078125,5.3046875,0.17578125,-6.609375,0.53515625
7145915478000,-2.88671875,-0.75,5.001953125,0.41015625,-4.77734375,0.29296875
7145917899000,-2.138671875,-0.912109375,4.693359375,0.6015625,-3.140625,0.30078125
7145920412000,-1.35546875,-1.0703125,4.31640625,0.5703125,-3.2421875,0.26953125
7145922923000,-0.509765625,-1.201171875,3.90234375,0.859375,-1.5703125,0.3828125
7145927859000,1.234375,-1.353515625,2.96484375,0.8203125,-1.71875,0.328125
7145930390000,2.126953125,-1.39453125,2.44140625,1.71484375,2.171875,0.1875
7145935464000,3.908203125,-1.45703125,1.29296875,1.69921875,2.1171875,0.1796875
7145938170000,4.8515625,-1.501953125,0.685546875,1.82421875,3.953125,0.140625
7145940457000,5.84375,-1.537109375,0.060546875,1.99609375,5.92578125,-0.421875
7145942740000,6.912109375,-1.59375,-0.599609375,2.00390625,5.95703125,-0.40625
7145945291000,7.994140625,-1.64453125,-1.2734375,2.70703125,7.78125,-1.72265625
7145948011000,9.080078125,-1.748046875,-2.005859375,3.0390625,9.40234375,-3.2890625
7145950238000,10.109375,-1.984375,-2.75,2.74609375,11.03515625,-4.390625
7145957877000,12.416015625,-2.486328125,-4.783203125,2.453125,12.4296875,-4.26953125
7145963065000,13.1796875,-2.89453125,-5.990234375,1.7734375,13.20703125,-2.2734375
7145970239000,13.18359375,-3.2265625,-7.177734375,2.6875,11.359375,-0.3359375
7145974845000,12.96484375,-3.19140625,-7.404296875,3.1015625,9.4921875,0.8203125
7145977902000,12.2734375,-2.888671875,-7.6953125,3.22265625,7.765625,2.12109375
7145980206000,11.810546875,-2.6640625,-7.689453125,2.98828125,5.6953125,3.3671875
7145982767000,11.23828125,-2.3671875,-7.583984375,3.00390625,5.9375,3.3125
7145985240000,10.58984375,-2.041015625,-7.375,2.72265625,3.40234375,4.21875
7145990202000,8.92578125,-1.27734375,-6.634765625,2.72265625,3.82421875,4.1171875
7145997701000,5.921875,0.111328125,-4.890625,3.0703125,-2.33203125,2.23046875
7146002680000,3.357421875,0.8203125,-3.30859375,-0.07421875,-6.4921875,0.6484375
7146012642000,-2.259765625,2.123046875,0.650390625,-0.11328125,-7.234375,-2.046875
7146017729000,-4.556640625,2.626953125,2.8515625,-0.12109375,-7.3515625,-1.90625
7146020048000,-5.5390625,2.810546875,3.91015625,2.88671875,-4.015625,-4.96875
7146022565000,-6.451171875,2.923828125,4.875,2.88671875,-4.1484375,-4.8828125
7146025195000,-7.294921875,2.966796875,5.6875,2.66015625,-1.640625,-5.265625
7146027649000,-8.08203125,2.931640625,6.333984375,1.671875,1.25,-5.0234375
7146033608000,-9.3515625,2.748046875,7.169921875,1.3984375,3.8671875,-4.4453125
7146041266000,-10.62109375,2.1015625,7.388671875,1.87109375,8.12109375,-2.42578125
7146049157000,-11.140625,1.36328125,6.779296875,1.78125,10.37890625,0.53125
7146052466000,-11.033203125,0.8203125,6.05859375,1.48828125,9.77734375,2.53515625
7146055303000,-10.767578125,0.44921875,5.568359375,1.8203125,9.89453125,3.9609375
7146060068000,-10.185546875,0.169921875,4.703125,1.7734375,9.53515625,3.8671875
7146062504000,-9.8984375,0.095703125,4.35546875,2.59375,10.30078125,4.98828125
7146064933000,-9.5234375,-0.001953125,4.01953125,3.0390625,10.02734375,5.875
7146067526000,-9.04296875,-0.123046875,3.685546875,3.16015625,9.55078125,6.1640625
7146072409000,-7.412109375,-0.328125,2.90625,3.12109375,9.30859375,6.0390625
7146076373000,-6.220703125,-0.373046875,2.4140625,3.1640625,8.44921875,5.02734375
7146084220000,-1.640625,-0.39453125,0.634765625,3.37109375,9.55078125,4.296875
7146092415000,3.9921875,-0.568359375,-2.533203125,2.05078125,11.35546875,5.03515625
7146094980000,4.916015625,-0.552734375,-3.369140625,1.44921875,11.45703125,5.546875
7146099944000,6.291015625,-0.427734375,-4.93359375,1.51171875,11.69921875,5.59375
7146102615000,6.73828125,-0.337890625,-5.62109375,1.9765625,11.25390625,4.9921875
7146105059000,7.001953125,-0.228515625,-6.216796875,2.8203125,10.015625,4.1796875
7146107462000,7.130859375,-0.107421875,-6.705078125,2.87109375,8.13671875,3.89453125
7146110039000,7.087890625,-0.04296875,-7.126953125,2.5078125,6.0703125,4.09375
7146114904000,6.63671875,0.056640625,-7.587890625,2.578125,6.484375,4.1484375
7146117533000,6.2578125,0.0859375,-7.662109375,2.3828125,4.37890625,4.43359375
7146119862000,5.85546875,0.13671875,-7.61328125,2.5390625,2.01953125,4.2265625
7146122354000,5.37890625,0.224609375,-7.419921875,2.5546875,2.23046875,4.2421875
7146124820000,4.904296875,0.318359375,-7.146484375,3.546875,-0.609375,2.5234375
7146127490000,4.322265625,0.349609375,-6.77734375,4.50390625,-3.86328125,-0.57421875
7146129936000,3.658203125,0.369140625,-6.30859375,3.6953125,-7.4375,-3.31640625
7146134885000,1.939453125,0.296875,-5.15625,0.92578125,-10.5390625,-4.421875
7146142407000,-1.439453125,0.23046875,-3.029296875,-4.1171875,-14.65625,-4.56640625
7146149975000,-5.1640625,0.068359375,-0.474609375,-4.48828125,-16.5234375,-3.42578125
7146154788000,-6.234375,-0.001953125,0.423828125,-2.92578125,-16.2734375,-2.71875
7146157258000,-7.986328125,-0.134765625,2.265625,-1.30859375,-15.50390625,-2.01953125
7146162365000,-9.12109375,-0.298828125,3.98828125,-1.30078125,-15.76171875,-2.01953125
7146165081000,-9.451171875,-0.400390625,4.716796875,-0.44921875,-14.65234375,-0.953125
7146167316000,-9.6953125,-0.48828125,5.34375,-0.03515625,-13.2109375,0.515625
7146169850000,-9.806640625,-0.59765625,5.845703125,-0.015625,-11.56640625,2.0078125
7146172234000,-9.810546875,-0.693359375,6.23046875,-0.015625,-9.83984375,3.2421875
7146177248000,-9.490234375,-0.892578125,6.666015625,-0.0390625,-10.26171875,3.1484375
7146179609000,-9.15625,-0.974609375,6.7109375,0.1875,-8.6640625,4.1640625
7146182330000,-8.7109375,-1.0390625,6.693359375,0.39453125,-7.25390625,5.03125
7146184627000,-8.15234375,-1.087890625,6.6015625,0.37109375,-7.44140625,4.96875
7146187283000,-7.4765625,-1.1171875,6.416015625,0.5390625,-6.078125,6.23828125
7146189704000,-6.62890625,-1.087890625,6.216796875,0.8046875,-4.1484375,7.07421875
7146192261000,-5.65625,-1.046875,5.9453125,0.9609375,-1.87890625,7.13671875
7146197810000,-3.26171875,-0.9296875,5.2421875,1.04296875,0.37109375,6.73828125
7146204612000,1.138671875,-0.861328125,3.650390625,1.76171875,5.75,5.12109375
7146213469000,5.853515625,-0.76953125,1.525390625,3.09375,12.015625,2.98828125
7146217119000,8.6640625,-0.75,-0.13671875,3.546875,14.22265625,0.84375
7146219735000,9.87109375,-0.744140625,-1.078125,2.98828125,15.1953125,-0.546875
7146224509000,11.673828125,-0.62109375,-3.12890625,3.02734375,15.3828125,-0.421875
7146227143000,12.23046875,-0.53515625,-4.19921875,0.97265625,14.8125,-1.0703125
7146233072000,12.65234375,-0.51171875,-6.201171875,0.23828125,13.7265625,-0.53515625
7146239657000,12.01953125,-0.662109375,-8.5,1.24609375,9.6171875,-0.30859375
7146248773000,10.97265625,-0.646484375,-9.451171875,3.12890625,3.34375,-1.53125
7146252053000,10.25390625,-0.6171875,-9.318359375,3.16015625,3.90625,-1.5390625
7146254611000,9.814453125,-0.599609375,-9.0234375,2.35546875,-3.93359375,-2.3984375
7146256969000,9.267578125,-0.611328125,-8.60546875,2.34765625,-3.68359375,-2.4140625
7146259611000,8.58203125,-0.607421875,-8.02734375,0.78515625,-7.42578125,-2.30078125
7146262076000,7.74609375,-0.63671875,-7.3515625,-1.01171875,-11.0625,-2.11328125
7146264585000,6.775390625,-0.654296875,-6.5625,-1.02734375,-10.8671875,-2.14453125
7146268431000,5.69921875,-0.63671875,-5.662109375,-2.51953125,-13.93359375,-1.96484375
7146274873000,1.986328125,-0.32421875,-2.568359375,-3.83203125,-16.734375,-1.44921875
7146279948000,-0.513671875,0.0390625,-0.30078125,-3.609375,-16.53125,-1.32421875
7146291777000,-4.662109375,0.474609375,3.640625,-1.3828125,-11.46484375,-0.20703125
7146294501000,-6.126953125,0.439453125,5.158203125,-1.359375,-11.74609375,-0.14453125
7146296866000,-6.7265625,0.44921875,5.751953125,-0.3125,-9.8046875,0.90234375
7146299460000,-7.17578125,0.4453125,6.2265625,0.72265625,-7.88671875,2.171875
7146302124000,-7.521484375,0.42578125,6.595703125,0.73046875,-8.08984375,2.1953125
7146304431000,-7.748046875,0.42578125,6.86328125,2.0703125,-6.1953125,3.33203125
7146307116000,-7.8828125,0.4609375,7.0546875,3.08203125,-4.50390625,4.25390625
7146309454000,-7.880859375,0.48046875,7.134765625,3.5625,-3.06640625,5.046875
7146314534000,-7.5234375,0.529296875,7.056640625,3.546875,-3.50390625,5.0625
7146317119000,-7.13671875,0.5078125,6.90625,3.9609375,-2.03515625,5.51171875
7146319470000,-6.587890625,0.46875,6.693359375,4.015625,-0.26171875,5.3125
7146321955000,-5.869140625,0.408203125,6.431640625,4.0,-0.45703125,5.3046875
7146324345000,-4.958984375,0.306640625,6.12890625,3.609375,1.59375,4.41796875
7146326992000,-3.880859375,0.169921875,5.76171875,3.01171875,3.71875,2.9453125
7146329339000,-2.66015625,-0.017578125,5.33203125,2.5390625,5.83984375,1.546875
7146334541000,0.087890625,-0.5078125,4.23828125,2.39453125,7.78125,0.2109375
7146341879000,4.146484375,-1.201171875,2.013671875,1.73828125,11.1640625,-0.81640625
7146349427000,6.859375,-1.59765625,-0.681640625,1.54296875,12.890625,-0.57421875
7146354247000,7.34375,-1.642578125,-1.54296875,1.79296875,12.81640625,-0.640625
7146356852000,7.6015625,-1.603515625,-3.046875,1.609375,12.01953125,-0.55078125
7146361847000,7.041015625,-1.46875,-4.1796875,1.6484375,12.26953125,-0.56640625
7146364804000,6.515625,-1.40625,-4.595703125,1.09375,10.6875,-0.24609375
7146366943000,5.83984375,-1.3203125,-4.884765625,0.421875,8.48828125,-0.03515625
7146369198000,5.07421875,-1.236328125,-5.095703125,0.09765625,5.96484375,0.1328125
7146371761000,4.2421875,-1.130859375,-5.150390625,-0.05859375,3.2578125,0.31640625
7146376739000,2.53515625,-0.943359375,-5.009765625,-0.02734375,3.53125,0.27734375
7146379299000,1.712890625,-0.814453125,-4.80859375,0.18359375,0.62890625,0.08984375
7146381637000,0.908203125,-0.6796875,-4.5078125,0.8046875,-2.25390625,-0.4609375
7146384316000,0.146484375,-0.501953125,-4.107421875,0.8125,-2.14453125,-0.4765625
7146386897000,-0.599609375,-0.328125,-3.65234375,1.38671875,-4.73046875,-1.1640625
7146389202000,-1.3203125,-0.134765625,-3.087890625,1.5,-6.82421875,-1.62109375
7146391766000,-2.017578125,0.046875,-2.525390625,0.98046875,-8.34375,-1.7265625
7146397317000,-3.412109375,0.310546875,-1.193359375,0.23828125,-9.36328125,-1.4609375
7146406807000,-5.697265625,0.697265625,1.326171875,-0.375,-9.48046875,-1.40625
7146412952000,-6.451171875,0.75390625,2.37890625,-0.74609375,-6.96484375,-1.23046875
7146416688000,-6.9765625,0.64453125,3.1953125,-1.13671875,-5.796875,-0.84375
7146419343000,-7.138671875,0.55859375,3.482421875,-1.55859375,-4.7109375,-0.421875
7146424128000,-7.25390625,0.283203125,3.826171875,-1.57421875,-4.9609375,-0.4296875
7146426632000,-7.1796875,0.1328125,3.8828125,-2.1328125,-3.3203125,1.28515625
7146432584000,-6.7734375,-0.240234375,3.80078125,-2.140625,-3.12890625,2.8359375
7146439359000,-5.28515625,-0.654296875,3.33984375,-1.21484375,-3.17578125,6.23828125
7146448118000,-2.458984375,-0.65625,2.685546875,0.0078125,-1.40234375,7.78125
7146451579000,0.0625,-0.64453125,2.15625,0.0,-1.53515625,7.734375
7146454035000,1.384765625,-0.66796875,1.841796875,1.24609375,0.90625,8.40625
7146456586000,2.728515625,-0.7421875,1.486328125,1.23828125,0.875,8.3984375
7146459112000,4.025390625,-0.810546875,1.08203125,1.7578125,1.9609375,8.8125
7146461587000,5.283203125,-0.84765625,0.638671875,2.3984375,3.15625,8.76171875
7146464080000,6.470703125,-0.873046875,0.154296875,2.3984375,3.171875,8.76953125
7146467924000,7.52734375,-0.873046875,-0.32421875,2.98046875,4.32421875,8.05078125
7146471661000,9.2109375,-0.798828125,-1.310546875,2.99609375,4.44140625,8.08984375
7146473867000,9.7421875,-0.666015625,-1.77734375,3.15625,5.52734375,7.84375
7146476463000,10.01953125,-0.4765625,-2.212890625,2.8671875,6.25,8.40234375
7146479025000,10.0625,-0.205078125,-2.64453125,2.875,6.48828125,9.125
7146481591000,9.87890625,0.13671875,-3.0234375,2.890625,6.61328125,9.15625
7146483990000,9.474609375,0.505859375,-3.35546875,3.29296875,6.31640625,9.43359375
7146486402000,8.900390625,0.9375,-3.6484375,3.80859375,5.578125,9.05859375
7146488937000,8.216796875,1.404296875,-3.880859375,4.4765625,4.67578125,8.01171875
7146491536000,7.451171875,1.921875,-4.052734375,4.4765625,4.81640625,8.06640625
7146493999000,6.64453125,2.41015625,-4.14453125,5.12890625,3.87890625,6.625
7146498929000,5.025390625,3.34765625,-4.09765625,5.10546875,4.14453125,6.7734375
7146501786000,4.2578125,3.75,-3.943359375,5.6171875,3.23046875,4.95703125
7146504031000,3.53515625,4.09375,-3.748046875,6.140625,2.36328125,2.19921875
7146506495000,2.8203125,4.337890625,-3.48046875,6.2578125,1.62109375,-1.39453125
7146508876000,2.107421875,4.482421875,-3.16796875,5.0859375,0.875,-4.75
7146511483000,1.36328125,4.564453125,-2.85546875,5.0546875,0.9609375,-4.6484375
7146513793000,0.576171875,4.546875,-2.53125,2.69921875,0.41796875,-7.265625
7146516421000,-0.263671875,4.513671875,-2.24609375,0.33984375,0.09765625,-9.21484375
7146518992000,-1.119140625,4.44140625,-1.947265625,0.29296875,0.13671875,-9.10546875
7146521409000,-2.005859375,4.30078125,-1.681640625,-1.2890625,0.20703125,-10.5546875
7146523925000,-2.87890625,4.109375,-1.447265625,-2.06640625,0.73046875,-11.61328125
7146526584000,-3.736328125,3.892578125,-1.208984375,-2.10546875,0.73046875,-11.51171875
7146528795000,-4.53125,3.65625,-1.005859375,-2.30859375,1.44140625,-12.15234375
7146536434000,-6.302734375,2.81640625,-0.486328125,-1.8359375,2.31640625,-13.0
7146541970000,-6.7734375,2.154296875,-0.30859375,-1.53125,2.32421875,-13.2890625
7146553725000,-6.6796875,0.7265625,-0.396484375,-0.80078125,2.97265625,-11.31640625
7146556392000,-6.439453125,0.1015625,-0.58984375,-0.73828125,2.86328125,-10.49609375
7146561195000,-6.119140625,-0.4453125,-0.8046875,-0.73046875,2.76953125,-10.51953125
7146564318000,-5.873046875,-0.67578125,-0.88671875,-0.6484375,2.37890625,-9.90234375
7146566270000,-5.580078125,-0.890625,-0.966796875,-0.57421875,1.65625,-9.5234375
7146568723000,-5.236328125,-1.09765625,-1.03125,-0.56640625,0.96484375,-9.14453125
7146576256000,-3.978515625,-1.677734375,-1.228515625,-0.6796875,-0.4375,-7.74609375
7146583770000,-2.61328125,-2.203125,-1.392578125,-1.61328125,-1.6640625,-4.7578125
7146591585000,-1.234375,-2.61328125,-1.548828125,-1.984375,-2.9765625,-0.75390625
7146596177000,-0.35546875,-2.783203125,-1.603515625,-1.9296875,-2.9140625,-0.88671875
7146598769000,0.06640625,-2.818359375,-1.6015625,-1.58984375,-3.54296875,0.984375
7146601092000,0.490234375,-2.8203125,-1.58984375,-1.23046875,-4.078125,2.63671875
7146603785000,0.890625,-2.818359375,-1.55859375,-1.20703125,-4.03125,2.56640625
7146606474000,1.25390625,-2.76171875,-1.50390625,-0.83203125,-4.875,5.26171875
7146608644000,1.58203125,-2.6875,-1.443359375,-0.81640625,-4.8359375,5.19921875
7146611249000,1.89453125,-2.6015625,-1.359375,-0.765625,-5.15234375,6.1328125
7146613645000,2.16015625,-2.51171875,-1.275390625,-0.7421875,-5.11328125,6.0703125
7146616201000,2.390625,-2.388671875,-1.162109375,-0.640625,-5.44921875,7.05859375
7146618597000,2.580078125,-2.259765625,-1.04296875,-0.66015625,-5.71875,7.94140625
7146621067000,2.734375,-2.13671875,-0.912109375,-0.64453125,-5.6796875,7.88671875
7146623812000,2.8828125,-1.99609375,-0.77734375,-0.5546875,-6.0703125,8.5
7146626134000,2.986328125,-1.87890625,-0.58984375,-0.3359375,-6.47265625,8.82421875
7146631992000,3.14453125,-1.615234375,-0.2265625,0.03125,-6.8515625,8.98828125
7146639888000,3.314453125,-1.263671875,0.4375,0.88671875,-7.17578125,8.95703125
7146647715000,3.48828125,-0.90234375,1.083984375,1.41796875,-6.69140625,8.3984375
7146651072000,3.654296875,-0.705078125,1.419921875,1.42578125,-6.70703125,8.359375
7146653628000,3.751953125,-0.615234375,1.57421875,1.6328125,-6.2265625,7.84765625
7146656197000,3.888671875,-0.52734375,1.69921875,1.890625,-5.50390625,7.15234375
7146658512000,4.05859375,-0.46484375,1.8046875,1.8984375,-5.51953125,7.14453125
7146661133000,4.212890625,-0.41796875,1.880859375,2.12890625,-4.71875,6.390625
7146663555000,4.357421875,-0.384765625,1.92578125,2.39453125,-3.75,5.80859375
7146666058000,4.521484375,-0.359375,1.962890625,2.76953125,-2.51953125,5.16015625
7146670927000,4.837890625,-0.359375,1.9453125,2.76953125,-2.55859375,5.14453125
7146673606000,4.96484375,-0.384765625,1.921875,3.34375,-1.19140625,4.58203125
7146676038000,5.09375,-0.40625,1.87109375,3.88671875,0.1796875,3.8828125
7146678391000,5.19140625,-0.423828125,1.787109375,4.43359375,1.8203125,3.265625
7146680978000,5.259765625,-0.43359375,1.68359375,4.44140625,1.8125,3.2578125
7146683575000,5.30078125,-0.435546875,1.552734375,4.8828125,3.28125,2.6640625
7146685985000,5.3046875,-0.423828125,1.412109375,5.03515625,4.59375,2.08203125
7146688421000,5.283203125,-0.388671875,1.216796875,5.0625,5.7734375,1.51171875
7146694513000,5.10546875,-0.27734375,0.76171875,5.1328125,6.84375,0.8828125
7146701138000,4.41015625,0.03515625,-0.044921875,5.21875,8.61328125,-0.953125
7146710337000,3.134765625,0.5234375,-0.884765625,4.80859375,10.29296875,-3.5546875
7146713518000,2.04296875,0.904296875,-1.404296875,4.3203125,10.78515625,-4.99609375
7146716068000,1.421875,1.10546875,-1.6328125,3.65234375,10.83984375,-5.98828125
7146718477000,0.7421875,1.32421875,-1.8828125,3.64453125,10.87890625,-5.95703125
7146720848000,0.044921875,1.533203125,-2.125,3.04296875,10.7890625,-6.81640625
7146723471000,-0.671875,1.76171875,-2.357421875,2.84375,10.5859375,-7.95703125
7146728476000,-2.056640625,2.197265625,-2.80078125,2.8046875,10.6875,-7.87109375
7146730813000,-2.697265625,2.416015625,-3.0078125,2.97265625,10.34765625,-9.47265625
7146733374000,-3.275390625,2.591796875,-3.2109375,2.83984375,9.6015625,-11.3359375
7146736011000,-3.7734375,2.70703125,-3.404296875,2.81640625,9.6640625,-11.265625
7146738387000,-4.189453125,2.765625,-3.5859375,2.37109375,8.64453125,-13.29296875
7146740888000,-4.5234375,2.8046875,-3.76953125,2.34765625,8.69921875,-13.21484375
7146743220000,-4.798828125,2.759765625,-3.919921875,1.4453125,7.65234375,-14.78125
7146745780000,-5.00390625,2.623046875,-4.060546875,0.24609375,6.421875,-15.7734375
7146748410000,-5.138671875,2.427734375,-4.169921875,-0.75390625,5.203125,-16.3671875
7146756016000,-5.11328125,1.5546875,-4.34375,-1.47265625,2.72265625,-17.26953125
7146760846000,-4.759765625,0.845703125,-4.283203125,-1.55078125,1.4140625,-17.3828125
7146772726000,-3.578125,-0.712890625,-3.833984375,-3.48046875,-1.48046875,-14.21484375
7146775846000,-3.0,-1.525390625,-3.5078125,-3.98828125,-2.25390625,-12.37109375
7146778233000,-2.73046875,-1.896484375,-3.337890625,-4.19921875,-3.05859375,-10.296875
7146780761000,-2.494140625,-2.240234375,-3.185546875,-4.19921875,-3.00390625,-10.3359375
7146783263000,-2.306640625,-2.548828125,-2.994140625,-4.05859375,-3.65625,-7.75390625
7146788221000,-2.08984375,-3.052734375,-2.6640625,-4.03515625,-3.5546875,-7.87109375
7146795657000,-2.2109375,-3.48828125,-2.0703125,-3.5625,-4.671875,-1.8515625
7146800822000,-2.490234375,-3.474609375,-1.66796875,-2.56640625,-6.53125,3.66015625
7146810636000,-2.9375,-3.005859375,-0.69140625,-1.546875,-10.3515625,9.09765625
7146815636000,-2.95703125,-2.673828125,-0.107421875,-1.515625,-10.3671875,8.99609375
7146818159000,-2.8984375,-2.509765625,0.203125,-1.01953125,-12.0078125,11.265625
7146820748000,-2.7734375,-2.373046875,0.525390625,-0.99609375,-12.0390625,11.2265625
7146823099000,-2.58984375,-2.255859375,0.837890625,-0.80859375,-12.4921875,11.7734375
7146825659000,-2.375,-2.16015625,1.158203125,-0.4296875,-12.37109375,12.31640625
7146828318000,-2.099609375,-2.0859375,1.4453125,-0.4140625,-12.41015625,12.26953125
7146830590000,-1.8203125,-2.03515625,1.78125,-0.25390625,-12.45703125,12.6015625
7146833343000,-1.48828125,-2.052734375,2.05078125,-0.53515625,-13.21875,12.9296875
7146835879000,-1.091796875,-2.091796875,2.248046875,-0.51171875,-13.28125,12.8828125
7146838021000,-0.654296875,-2.126953125,2.392578125,-0.41015625,-13.0859375,13.20703125
7146842988000,0.32421875,-2.15625,2.607421875,-0.37109375,-13.2109375,13.10546875
7146845910000,0.833984375,-2.162109375,2.681640625,0.58984375,-11.60546875,13.50390625
7146854884000,2.22265625,-2.22265625,2.775390625,1.8984375,-10.0390625,13.89453125
7146858742000,3.0390625,-2.259765625,2.76171875,2.93359375,-9.23828125,13.85546875
7146870527000,4.84765625,-1.98046875,2.478515625,4.5078125,-7.6953125,12.78515625
7146873179000,5.1484375,-1.90234375,2.341796875,5.125,-6.796875,12.15625
7146875422000,5.416015625,-1.796875,2.208984375,5.66015625,-5.7734375,11.359375
7146877956000,5.66015625,-1.673828125,2.0625,5.66796875,-5.8125,11.3046875
7146880554000,5.833984375,-1.517578125,1.890625,6.14453125,-4.7890625,10.421875
7146882945000,5.982421875,-1.33203125,1.7265625,6.56640625,-3.72265625,9.515625
7146885629000,6.072265625,-1.1640625,1.556640625,6.57421875,-3.74609375,9.4765625
7146887919000,6.111328125,-0.9765625,1.376953125,6.5546875,-1.73828125,8.171875
7146893004000,6.03515625,-0.59765625,0.97265625,6.5625,-1.76953125,8.109375
7146895421000,5.94921875,-0.40234375,0.771484375,6.40625,-0.9921875,7.40234375
7146897989000,5.865234375,-0.2109375,0.556640625,6.02734375,-0.37890625,6.6328125
7146900709000,5.748046875,-0.005859375,0.359375,6.03515625,-0.37890625,6.6171875
7146903025000,5.66015625,0.1796875,0.16015625,5.94921875,0.078125,5.7265625
7146905501000,5.57421875,0.3515625,-0.033203125,5.73828125,0.19921875,4.78125
7146907896000,5.521484375,0.4921875,-0.234375,5.546875,0.37890625,3.8984375
7146913061000,5.42578125,0.673828125,-0.6015625,5.5,0.59765625,3.0625
7146920311000,5.41015625,0.662109375,-1.04296875,5.63671875,1.1796875,1.078125
7146927924000,5.390625,0.4140625,-1.318359375,5.75390625,2.28125,-0.35546875
7146932872000,5.2109375,0.271484375,-1.396484375,5.74609375,2.375,-0.36328125
7146935315000,5.0859375,0.21875,-1.412109375,5.765625,2.8046875,-0.81640625
7146937925000,4.875,0.203125,-1.404296875,5.87109375,2.9375,-1.31640625
7146940409000,4.66796875,0.224609375,-1.400390625,5.86328125,2.9765625,-1.32421875
7146942951000,4.4375,0.2734375,-1.40234375,6.01953125,2.9765625,-1.8125
7146945424000,4.166015625,0.376953125,-1.37109375,6.1640625,2.9140625,-2.55078125
7146947762000,3.904296875,0.51171875,-1.361328125,6.05078125,2.85546875,-3.4765625
7146955265000,3.037109375,1.052734375,-1.306640625,5.078125,2.828125,-6.01953125
7146960232000,2.453125,1.404296875,-1.306640625,4.265625,2.76171875,-7.5859375
7146972386000,1.3203125,2.146484375,-1.431640625,2.1875,2.40625,-13.296875
7146975285000,0.720703125,2.587890625,-1.517578125,2.1640625,2.484375,-13.1953125
7146977856000,0.37890625,2.763671875,-1.568359375,0.94140625,2.26171875,-15.01171875
7146980205000,0.00390625,2.927734375,-1.615234375,-0.77734375,1.9375,-16.76953125
7146982908000,-0.396484375,3.06640625,-1.677734375,-0.80078125,1.96875,-16.69921875
7146985315000,-0.78515625,3.185546875,-1.716796875,-2.50390625,1.5390625,-18.74609375
7146987686000,-1.162109375,3.271484375,-1.755859375,-4.10546875,1.15625,-20.95703125
7146990251000,-1.53515625,3.33984375,-1.78125,-5.4921875,0.59375,-22.703125
7146995139000,-2.306640625,3.2890625,-1.76171875,-5.5390625,0.65625,-22.53125
7146997757000,-2.732421875,3.197265625,-1.716796875,-6.65234375,0.28125,-23.5078125
7147000073000,-3.169921875,3.064453125,-1.669921875,-7.26953125,0.0390625,-24.1875
7147002766000,-3.5859375,2.93359375,-1.59765625,-7.30078125,0.0625,-24.1015625
7147005370000,-3.984375,2.8125,-1.525390625,-7.49609375,-0.41015625,-24.58203125
7147007678000,-4.361328125,2.671875,-1.423828125,-7.51171875,-0.39453125,-24.49609375
7147010273000,-4.7109375,2.529296875,-1.36328125,-7.6875,-0.77734375,-24.296875
7147015242000,-5.234375,2.15625,-1.203125,-7.7265625,-0.77734375,-24.140625
7147017993000,-5.443359375,1.904296875,-1.125,-7.92578125,-1.015625,-23.4296875
7147020066000,-5.59765625,1.634765625,-1.0390625,-8.2109375,-1.2265625,-22.32421875
7147022662000,-5.671875,1.32421875,-0.978515625,-8.4375,-1.2890625,-21.02734375
7147025074000,-5.716796875,0.998046875,-0.8984375,-8.43359375,-1.19921875,-19.5078125
7147027648000,-5.71875,0.654296875,-0.83984375,-8.44140625,-1.22265625,-19.4609375
7147030136000,-5.681640625,0.310546875,-0.771484375,-8.33203125,-1.0078125,-17.49609375
7147032554000,-5.615234375,-0.083984375,-0.71875,-8.0625,-0.65234375,-15.15625
7147035132000,-5.576171875,-0.466796875,-0.654296875,-8.0625,-0.68359375,-15.125
7147037663000,-5.525390625,-0.8671875,-0.587890625,-7.62109375,-0.3046875,-12.55859375
7147042744000,-5.431640625,-1.57421875,-0.4296875,-7.60546875,-0.359375,-12.56640625
7147045365000,-5.349609375,-1.857421875,-0.34375,-6.25,0.05078125,-7.84375
7147050633000,-5.162109375,-2.28515625,-0.203125,-5.62109375,0.0546875,-5.890625
7147057571000,-4.849609375,-2.76953125,-0.076171875,-4.49609375,-0.52734375,-1.3671875
7147066711000,-4.5703125,-3.150390625,-0.02734375,-3.58203125,-1.7890625,2.8984375
7147070143000,-4.3046875,-3.244140625,-0.01953125,-3.0703125,-2.6953125,4.61328125
7147072559000,-4.166015625,-3.26171875,-0.01171875,-2.72265625,-3.6796875,6.24609375
7147077682000,-3.818359375,-3.306640625,0.048828125,-2.68359375,-3.734375,6.12890625
7147080500000,-3.623046875,-3.3046875,0.083984375,-2.5078125,-4.95703125,7.89453125
7147082568000,-3.44140625,-3.3125,0.1171875,-2.39453125,-6.1171875,9.7890625
7147084972000,-3.208984375,-3.322265625,0.193359375,-2.21875,-7.359375,11.63671875
7147087460000,-2.943359375,-3.3125,0.27734375,-1.78125,-8.5234375,13.109375
7147089987000,-2.625,-3.29296875,0.37890625,-1.765625,-8.546875,13.0390625
7147092406000,-2.255859375,-3.275390625,0.470703125,-1.23046875,-9.4140625,14.1953125
7147095070000,-1.84375,-3.2734375,0.5859375,-0.5859375,-10.0703125,15.20703125
7147097547000,-1.404296875,-3.267578125,0.705078125,-0.5703125,-10.09375,15.13671875
7147100052000,-0.96484375,-3.294921875,0.826171875,0.03125,-10.62109375,16.00390625
7147104991000,-0.1015625,-3.341796875,1.080078125,0.0703125,-10.66796875,15.84765625
7147112366000,1.072265625,-3.39453125,1.42578125,1.45703125,-11.1484375,17.3046875
7147117391000,1.7578125,-3.37890625,1.568359375,2.59375,-10.81640625,18.65234375
7147127528000,2.845703125,-3.162109375,1.830078125,5.77734375,-9.60546875,19.546875
7147132378000,3.34765625,-2.869140625,1.91796875,5.79296875,-9.69140625,19.390625
7147135014000,3.572265625,-2.666015625,1.94140625,6.90234375,-8.9921875,19.17578125
7147137290000,3.79296875,-2.400390625,1.94921875,7.90625,-8.21875,18.80078125
7147139975000,4.0,-2.111328125,1.931640625,8.2890625,-7.421875,18.421875
7147142268000,4.19921875,-1.830078125,1.876953125,8.296875,-7.4609375,18.3671875
7147144978000,4.373046875,-1.54296875,1.826171875,8.66015625,-6.734375,17.6484375
7147147270000,4.55078125,-1.248046875,1.732421875,8.96484375,-5.9765625,16.453125
7147154803000,5.134765625,-0.46484375,1.34765625,8.95703125,-4.34375,13.3125
7147159832000,5.541015625,-0.072265625,1.037109375,8.9375,-3.52734375,11.60546875
7147171669000,5.958984375,0.48046875,0.35546875,9.30078125,-0.55078125,7.05859375
7147174780000,5.9375,0.7734375,0.00390625,9.30859375,0.13671875,5.578125
7147177269000,5.859375,0.994140625,-0.162109375,9.4140625,0.90234375,4.15625
7147179841000,5.771484375,1.2265625,-0.349609375,9.4140625,0.91015625,4.171875
7147182239000,5.65234375,1.427734375,-0.533203125,9.453125,1.4921875,2.65234375
7147187305000,5.361328125,1.693359375,-0.86328125,9.4453125,1.53125,2.71484375
7147194705000,4.787109375,2.013671875,-1.263671875,9.5703125,2.36328125,-0.0703125
7147202232000,4.2578125,2.541015625,-1.650390625,9.79296875,3.0078125,-2.4375
7147209625000,3.73046875,3.21875,-2.0,9.49609375,4.91796875,-7.01953125
7147214574000,3.234375,3.607421875,-2.24609375,9.48046875,5.03515625,-6.87890625
7147217217000,2.955078125,3.80859375,-2.37890625,9.2734375,5.85546875,-8.25
7147219760000,2.642578125,4.015625,-2.544921875,8.95703125,6.25,-9.578125
7147222361000,2.3125,4.2109375,-2.705078125,8.50390625,6.40625,-11.10546875
7147224716000,1.982421875,4.45703125,-2.875,8.01953125,6.41015625,-13.1953125
7147227084000,1.705078125,4.73046875,-3.048828125,7.99609375,6.48046875,-13.1015625
7147229592000,1.4296875,4.955078125,-3.21875,6.91015625,6.26953125,-15.578125
7147232232000,1.189453125,5.10546875,-3.380859375,5.7109375,5.75390625,-18.1640625
7147234672000,0.9375,5.19140625,-3.560546875,5.671875,5.83984375,-18.0546875
7147237254000,0.650390625,5.23046875,-3.7109375,4.4921875,5.4453125,-20.21875
7147242127000,-0.029296875,5.263671875,-3.97265625,4.4140625,5.6328125,-19.9765625
7147244870000,-0.419921875,5.23828125,-4.03515625,2.05859375,4.53515625,-23.0703125
7147249932000,-1.240234375,5.16015625,-4.12890625,1.57421875,3.703125,-24.11328125
7147257080000,-2.396484375,4.982421875,-4.0546875,0.87109375,1.30078125,-26.02734375
7147266238000,-3.146484375,4.54296875,-3.849609375,-0.20703125,-0.7265625,-27.22265625
7147269530000,-3.521484375,4.001953125,-3.626953125,-0.90234375,-1.17578125,-27.37109375
7147272194000,-3.703125,3.712890625,-3.50390625,-1.3671875,-1.10546875,-26.6875
7147276810000,-4.111328125,3.21484375,-3.234375,-1.4765625,-1.02734375,-26.4921875
7147279392000,-4.34375,3.001953125,-3.125,-2.078125,-0.65234375,-25.0703125
7147281952000,-4.537109375,2.830078125,-3.056640625,-2.61328125,-0.3515625,-23.7421875
7147284427000,-4.689453125,2.65234375,-2.96484375,-3.05078125,-0.13671875,-22.6015625
7147286884000,-4.830078125,2.484375,-2.9140625,-3.4921875,0.0234375,-21.37890625
7147292013000,-4.998046875,2.05078125,-2.81640625,-3.796875,0.40234375,-20.3046875
7147300921000,-5.208984375,1.326171875,-2.62109375,-4.18359375,1.109375,-17.203125
7147307060000,-5.55078125,0.3046875,-2.453125,-3.859375,1.25,-12.9296875
7147312015000,-5.884765625,-0.40625,-2.326171875,-3.73828125,1.046875,-11.0078125
7147314548000,-6.056640625,-0.71875,-2.236328125,-3.484375,0.27734375,-9.71875
7147316945000,-6.19921875,-0.955078125,-2.13671875,-3.4921875,0.25390625,-9.6953125
7147319323000,-6.333984375,-1.1796875,-2.048828125,-3.33203125,-0.91796875,-8.36328125
7147321952000,-6.474609375,-1.3359375,-1.947265625,-3.53125,-2.296875,-6.77734375
7147326866000,-6.736328125,-1.58984375,-1.791015625,-3.5234375,-2.3828125,-6.74609375
7147331971000,-6.9140625,-1.74609375,-1.607421875,-4.515625,-5.3515625,-3.42578125
7147339272000,-6.931640625,-1.82421875,-1.31640625,-4.97265625,-7.23046875,-1.96484375
7147347012000,-6.509765625,-1.87890625,-0.890625,-6.53515625,-11.56640625,1.89453125
7147351610000,-6.326171875,-1.94921875,-0.712890625,-6.8671875,-12.671875,2.9375
7147354393000,-5.91015625,-2.09375,-0.298828125,-6.98828125,-13.734375,3.84375
7147359286000,-5.48828125,-2.2578125,0.171875,-6.94140625,-13.8671875,3.8125
7147362170000,-5.318359375,-2.34375,0.42578125,-7.06640625,-14.59765625,4.69140625
7147364413000,-5.1484375,-2.43359375,0.69921875,-7.15234375,-15.1484375,5.5
7147366875000,-5.037109375,-2.53515625,0.98828125,-7.12890625,-15.51171875,6.29296875
7147374256000,-4.818359375,-2.802734375,1.943359375,-6.73046875,-16.57421875,7.23828125
7147381733000,-4.498046875,-3.033203125,2.87890625,-6.3671875,-17.0703125,7.9296875
7147389373000,-3.998046875,-3.37890625,3.767578125,-6.0703125,-16.8828125,8.34765625
7147394164000,-3.486328125,-3.66015625,4.2734375,-5.9921875,-17.140625,8.19921875
7147396764000,-3.1953125,-3.8125,4.5,-5.37890625,-16.84375,8.33984375
7147399280000,-2.90625,-3.958984375,4.693359375,-4.65234375,-16.33203125,8.78125
7147401772000,-2.59375,-4.091796875,4.869140625,-4.61328125,-16.47265625,8.6875
7147404237000,-2.271484375,-4.20703125,5.015625,-2.71484375,-15.10546875,10.5
7147406716000,-1.955078125,-4.28515625,5.134765625,-2.67578125,-15.24609375,10.3984375
7147409205000,-1.619140625,-4.328125,5.22265625,-1.55078125,-14.53515625,11.3203125
7147414123000,-0.939453125,-4.294921875,5.345703125,-1.48828125,-14.79296875,11.125
7147417000000,-0.61328125,-4.22265625,5.37890625,-0.39453125,-14.1171875,11.76171875
7147419163000,-0.2734375,-4.109375,5.37890625,0.65625,-13.23828125,12.17578125
7147421715000,0.076171875,-3.94921875,5.373046875,1.59765625,-12.20703125,12.40625
7147424088000,0.392578125,-3.8125,5.337890625,2.4765625,-11.09765625,12.4375
7147426663000,0.740234375,-3.640625,5.25390625,2.4921875,-11.21484375,12.3515625
7147428962000,1.087890625,-3.46875,5.158203125,3.32421875,-9.97265625,11.9921875
7147431586000,1.4296875,-3.283203125,5.013671875,4.0390625,-8.64453125,11.46484375
7147434203000,1.78515625,-3.08203125,4.869140625,4.0390625,-8.75390625,11.39453125
7147436687000,2.142578125,-2.892578125,4.67578125,4.56640625,-7.4609375,10.94921875
7147441766000,2.87890625,-2.54296875,4.22265625,4.55859375,-7.640625,10.83984375
7147444523000,3.25390625,-2.375,3.951171875,5.79296875,-5.66796875,9.87109375
7147449083000,4.048828125,-2.05078125,3.310546875,5.78515625,-5.77734375,9.81640625
7147451825000,4.47265625,-1.8828125,2.94921875,6.26953125,-5.0546875,9.15234375
7147454005000,4.8984375,-1.703125,2.583984375,6.79296875,-4.08984375,8.14453125
7147456669000,5.3359375,-1.533203125,2.2109375,6.79296875,-4.11328125,8.12890625
7147459243000,5.7890625,-1.376953125,1.8046875,6.98828125,-3.02734375,6.7578125
7147461645000,6.24609375,-1.2578125,1.396484375,7.0078125,-2.18359375,5.13671875
7147463964000,6.689453125,-1.177734375,0.96484375,7.0078125,-1.10546875,3.8828125
7147471446000,7.72265625,-1.23828125,-0.337890625,7.76171875,0.86328125,2.62890625
7147476572000,8.099609375,-1.26171875,-1.12890625,8.5390625,1.7421875,2.05859375
7147488719000,8.486328125,-0.880859375,-2.52734375,10.0390625,3.2578125,-0.34375
7147491531000,8.513671875,-0.685546875,-3.091796875,10.04296875,3.73828125,-1.4140625
7147494044000,8.498046875,-0.62109375,-3.3203125,9.68359375,3.7421875,-2.70703125
7147496455000,8.4765625,-0.56640625,-3.55859375,9.69921875,3.875,-2.69140625
7147498935000,8.443359375,-0.56640625,-3.740234375,9.75390625,3.70703125,-4.01171875
7147503863000,8.24609375,-0.46484375,-4.060546875,9.77734375,3.99609375,-4.00390625
7147511655000,7.662109375,-0.427734375,-4.232421875,8.33984375,3.59765625,-5.79296875
7147518941000,6.7890625,-0.4609375,-3.94921875,6.79296875,2.5625,-7.76953125
7147526338000,5.693359375,-0.224609375,-3.322265625,5.2890625,2.69921875,-11.6953125
7147531368000,4.576171875,0.01171875,-2.83984375,5.28125,2.90234375,-11.7109375
7147533992000,3.85546875,0.146484375,-2.6328125,4.3671875,3.33984375,-12.45703125
7147536300000,3.099609375,0.310546875,-2.4375,3.41015625,3.66796875,-13.5078125
7147538928000,2.3203125,0.48828125,-2.212890625,2.47265625,3.61328125,-14.828125
7147541423000,1.548828125,0.685546875,-2.015625,2.45703125,3.69140625,-14.8203125
7147543865000,0.8203125,0.869140625,-1.814453125,1.38671875,3.30859375,-16.3203125
7147546295000,0.12890625,1.056640625,-1.619140625,0.3359375,2.75390625,-17.7890625
7147548935000,-0.5,1.2265625,-1.4140625,-0.75390625,2.16796875,-19.47265625
7147551233000,-1.052734375,1.400390625,-1.216796875,-0.76171875,2.19140625,-19.44140625
7147553945000,-1.583984375,1.533203125,-1.041015625,-1.9609375,1.89453125,-20.734375
7147558826000,-2.57421875,1.73828125,-0.75390625,-1.984375,1.91015625,-20.640625
7147561652000,-3.0078125,1.7578125,-0.623046875,-3.50390625,1.890625,-21.55078125
7147563977000,-3.375,1.74609375,-0.552734375,-4.6875,1.77734375,-23.0078125
7147566311000,-3.671875,1.708984375,-0.482421875,-5.84765625,1.51171875,-24.41796875
7147568788000,-3.923828125,1.603515625,-0.4609375,-7.625,1.62890625,-24.84375
7147571373000,-4.150390625,1.408203125,-0.47265625,-7.640625,1.61328125,-24.796875
7147573720000,-4.349609375,1.150390625,-0.517578125,-8.96875,1.83984375,-24.44921875
7147576331000,-4.490234375,0.87109375,-0.572265625,-9.5625,2.16015625,-23.48046875
7147578777000,-4.61328125,0.556640625,-0.61328125,-9.5703125,2.13671875,-23.44921875
7147581259000,-4.681640625,0.2421875,-0.658203125,-9.55859375,2.42578125,-22.0078125
7147586091000,-4.69921875,-0.51953125,-0.73828125,-9.55859375,2.38671875,-21.984375
7147593618000,-4.51171875,-1.79296875,-0.802734375,-8.44140625,2.8203125,-17.92578125
7147601176000,-4.232421875,-2.892578125,-0.71484375,-6.62109375,2.3984375,-13.13671875
7147608674000,-4.033203125,-3.580078125,-0.623046875,-5.71484375,0.0625,-6.41015625
7147613716000,-3.9453125,-3.83984375,-0.578125,-5.66796875,0.0390625,-6.55859375
7147616218000,-3.888671875,-3.92578125,-0.5703125,-5.9140625,-1.01171875,-4.43359375
7147618632000,-3.82421875,-3.99609375,-0.55859375,-6.0625,-2.06640625,-2.3359375
7147621231000,-3.728515625,-4.029296875,-0.529296875,-5.97265625,-3.23828125,-0.5859375
7147623463000,-3.623046875,-4.052734375,-0.509765625,-5.73828125,-4.47265625,1.3203125
7147626236000,-3.515625,-4.0703125,-0.482421875,-5.71484375,-4.48046875,1.2265625
7147628711000,-3.376953125,-4.09375,-0.453125,-5.44140625,-5.63671875,3.15234375
7147631081000,-3.232421875,-4.0625,-0.408203125,-5.1484375,-6.48828125,5.03125
7147633689000,-3.12109375,-4.013671875,-0.341796875,-5.125,-6.48828125,4.9453125
7147636259000,-2.966796875,-3.982421875,-0.29296875,-5.30078125,-7.453125,6.87890625
7147641239000,-2.583984375,-3.943359375,-0.150390625,-5.26953125,-7.4609375,6.69921875
7147643874000,-2.349609375,-3.896484375,-0.06640625,-4.73828125,-8.7421875,10.046875
7147651254000,-1.625,-3.7734375,0.314453125,-4.01953125,-9.51953125,11.13671875
7147656098000,-1.15234375,-3.671875,0.611328125,-2.81640625,-10.7109375,13.1875
7147665020000,-0.470703125,-3.5546875,1.08203125,-2.09375,-11.44140625,14.48828125
7147668692000,-0.04296875,-3.490234375,1.419921875,-1.4765625,-11.66015625,14.91796875
7147671087000,0.140625,-3.46875,1.609375,-0.83984375,-11.45703125,15.234375
7147676104000,0.48828125,-3.455078125,1.994140625,-0.83203125,-11.55078125,15.0703125
7147679040000,0.630859375,-3.46484375,2.177734375,-0.0390625,-11.328125,15.3515625
7147680816000,0.779296875,-3.44140625,2.380859375,0.92578125,-11.1171875,15.6171875
7147683421000,0.912109375,-3.431640625,2.560546875,1.921875,-10.72265625,15.953125
7147685923000,1.0625,-3.39453125,2.724609375,2.88671875,-10.2734375,16.203125
7147688457000,1.19921875,-3.318359375,2.880859375,2.88671875,-10.34375,16.125
7147691034000,1.326171875,-3.240234375,3.0234375,3.77734375,-9.87109375,16.27734375
7147693549000,1.458984375,-3.142578125,3.12890625,4.6015625,-9.35546875,16.41015625
7147696039000,1.609375,-3.02734375,3.21875,4.59375,-9.43359375,16.33984375
7147698521000,1.775390625,-2.90234375,3.26171875,5.453125,-8.84765625,16.30078125
7147703429000,2.150390625,-2.642578125,3.24609375,5.4375,-9.01171875,16.16015625
7147705997000,2.369140625,-2.494140625,3.203125,7.1328125,-7.26171875,15.54296875
7147710906000,2.83984375,-2.220703125,3.072265625,7.125,-7.41796875,15.43359375
7147713705000,3.072265625,-2.099609375,2.955078125,7.8671875,-6.484375,14.80078125
7147715881000,3.310546875,-2.005859375,2.826171875,8.52734375,-5.54296875,14.11328125
7147718514000,3.529296875,-1.94140625,2.68359375,8.51953125,-5.62109375,14.06640625
7147721077000,3.767578125,-1.8828125,2.52734375,9.13671875,-4.71484375,13.26171875
7147723422000,3.990234375,-1.83203125,2.349609375,9.59765625,-3.859375,12.359375
7147725784000,4.197265625,-1.763671875,2.169921875,10.38671875,-3.06640625,11.6484375
7147730858000,4.583984375,-1.62890625,1.8203125,11.203125,-2.3125,10.9140625
7147738461000,5.041015625,-1.21875,1.2421875,13.296875,-0.5546875,9.2578125
7147745691000,5.265625,-0.537109375,0.603515625,14.45703125,1.66015625,7.578125
7147750724000,5.26171875,-0.294921875,0.37109375,14.5078125,2.40625,6.4921875
7147753457000,5.21484375,0.203125,-0.1640625,14.36328125,2.96875,5.203125
7147758362000,5.15625,0.712890625,-0.7890625,14.36328125,2.96875,5.265625
7147760706000,5.154296875,0.9609375,-1.111328125,14.140625,3.5625,3.82421875
7147763372000,5.154296875,1.21484375,-1.455078125,14.00390625,4.29296875,2.15625
7147765751000,5.166015625,1.453125,-1.802734375,13.953125,5.1015625,0.59375
7147773176000,5.140625,2.07421875,-2.85546875,13.75,5.8828125,-0.8046875
7147780744000,5.064453125,2.427734375,-3.93359375,12.3984375,7.01171875,-3.68359375
7147788285000,4.888671875,2.583984375,-4.87890625,10.265625,7.6796875,-7.984375
7147793198000,4.72265625,2.6640625,-5.3828125,10.2734375,7.921875,-7.8515625
7147795835000,4.609375,2.701171875,-5.59375,9.6796875,7.8515625,-9.20703125
7147798173000,4.453125,2.7109375,-5.759765625,9.2265625,7.8125,-10.2578125
7147800674000,4.248046875,2.724609375,-5.88671875,9.2265625,7.9609375,-10.1953125
7147803386000,4.00390625,2.73828125,-6.01171875,7.828125,7.20703125,-12.47265625
7147805643000,3.74609375,2.759765625,-6.1015625,7.8203125,7.34765625,-12.41015625
7147808140000,3.44140625,2.791015625,-6.166015625,7.0,6.69140625,-13.5546875
7147810619000,3.10546875,2.830078125,-6.216796875,6.984375,6.85546875,-13.4921875
7147813177000,2.740234375,2.892578125,-6.25,6.078125,6.11328125,-14.75
7147815586000,2.369140625,2.984375,-6.255859375,6.0546875,6.26171875,-14.6875
7147818083000,1.958984375,3.1015625,-6.2578125,4.96484375,5.40625,-16.1875
7147820636000,1.55078125,3.2109375,-6.248046875,3.5703125,4.36328125,-17.79296875
7147823235000,1.103515625,3.328125,-6.224609375,2.24609375,3.1015625,-19.58203125
7147828917000,0.15234375,3.505859375,-6.13671875,0.81640625,1.578125,-21.32421875
7147836736000,-1.193359375,3.716796875,-5.83984375,-2.00390625,-2.2890625,-25.4453125
7147844461000,-2.357421875,3.681640625,-5.3515625,-5.046875,-5.87109375,-29.20703125
7147848049000,-2.978515625,3.53515625,-4.9296875,-6.68359375,-7.13671875,-30.06640625
7147850732000,-3.28515625,3.39453125,-4.6953125,-8.39453125,-7.9453125,-29.890625
7147855616000,-3.791015625,2.873046875,-4.19921875,-8.48828125,-7.7734375,-29.6875
7147858341000,-4.009765625,2.541015625,-3.943359375,-9.76953125,-8.13671875,-28.78125
7147860551000,-4.17578125,2.169921875,-3.677734375,-10.25,-8.25390625,-27.66796875
7147863119000,-4.34375,1.775390625,-3.390625,-10.1171875,-8.046875,-26.10546875
7147870541000,-4.83203125,0.45703125,-2.4609375,-9.3203125,-6.9921875,-21.80078125
7147875690000,-5.095703125,-0.294921875,-1.8203125,-9.0234375,-6.1953125,-19.6015625
7147887461000,-5.740234375,-1.232421875,-0.759765625,-8.62890625,-4.8671875,-13.34375
7147890509000,-6.1328125,-1.59375,-0.376953125,-8.34375,-4.9921875,-11.80078125
7147893021000,-6.34375,-1.744140625,-0.21875,-8.18359375,-5.09765625,-10.3203125
7147895622000,-6.552734375,-1.873046875,-0.0703125,-8.17578125,-5.14453125,-10.3046875
7147897892000,-6.76953125,-1.9765625,0.0625,-8.16796875,-5.25,-8.57421875
7147902788000,-7.173828125,-2.162109375,0.30859375,-8.13671875,-5.3515625,-8.55078125
7147910620000,-7.33203125,-2.435546875,0.560546875,-8.07421875,-6.6328125,-4.80078125
7147918043000,-6.794921875,-2.66015625,0.794921875,-8.36328125,-8.8046875,-2.265625
7147925523000,-5.9765625,-3.03125,1.05859375,-7.85546875,-11.109375,2.1796875
7147930372000,-5.40625,-3.3671875,1.25390625,-7.80078125,-11.234375,2.109375
7147933027000,-5.10546875,-3.4921875,1.337890625,-7.09765625,-11.54296875,3.84765625
7147935367000,-4.826171875,-3.564453125,1.453125,-6.1953125,-11.84375,5.41015625
7147937813000,-4.5234375,-3.607421875,1.544921875,-5.359375,-12.12890625,6.84765625
7147940367000,-4.23046875,-3.6171875,1.662109375,-5.328125,-12.19140625,6.78515625
7147943063000,-3.94140625,-3.63671875,1.775390625,-4.92578125,-12.47265625,7.98046875
7147945200000,-3.65234375,-3.654296875,1.859375,-4.9765625,-12.66015625,8.96875
7147952847000,-2.802734375,-3.734375,2.162109375,-4.796875,-13.11328125,9.71484375
7147957744000,-2.341796875,-3.921875,2.41015625,-4.37109375,-13.390625,10.05859375
7147967808000,-1.857421875,-4.44140625,3.046875,-2.94140625,-13.44921875,11.125
7147972920000,-1.69140625,-4.68359375,3.462890625,-2.03515625,-13.46875,11.03125
7147975192000,-1.603515625,-4.796875,3.66796875,-1.0390625,-13.3359375,11.0234375
7147977711000,-1.5078125,-4.8984375,3.8828125,-1.015625,-13.4375,10.9140625
7147980293000,-1.419921875,-5.0078125,4.080078125,-0.02734375,-13.22265625,11.07421875
7147982737000,-1.33984375,-5.1015625,4.28125,0.88671875,-12.91015625,11.55078125
7147987966000,-1.1953125,-5.23046875,4.59375,1.80859375,-12.8046875,12.01171875
7147992759000,-1.01171875,-5.201171875,4.8125,2.7421875,-12.7109375,12.68359375
7148000295000,-0.6484375,-4.84375,4.94140625,4.1953125,-11.96875,13.953125
7148007699000,0.05859375,-4.3671875,4.86328125,5.5390625,-10.51953125,14.296875
7148012784000,0.341796875,-4.23828125,4.78515625,6.7109375,-9.45703125,14.69921875
7148015023000,0.923828125,-4.05078125,4.58203125,8.02734375,-8.3359375,14.65625
7148020274000,1.57421875,-3.87109375,4.32421875,8.00390625,-8.5625,14.4609375
7148025214000,2.28125,-3.685546875,3.96875,9.99609375,-6.4296875,14.421875
7148027664000,2.634765625,-3.5546875,3.74609375,11.1328125,-5.54296875,14.8046875
7148034941000,3.61328125,-3.150390625,2.916015625,12.0859375,-4.7421875,14.8984375
7148040081000,4.173828125,-2.76171875,2.3359375,14.8125,-2.5625,14.296875
7148050026000,5.091796875,-1.818359375,0.95703125,16.8671875,0.765625,11.5703125
7148054980000,5.455078125,-1.337890625,0.11328125,17.11328125,1.90234375,10.609375
7148057476000,5.60546875,-1.109375,-0.384765625,17.19921875,2.90234375,9.74609375
7148060093000,5.7421875,-0.880859375,-0.87109375,17.19140625,2.89453125,9.74609375
7148063812000,5.849609375,-0.64453125,-1.390625,17.24609375,3.6875,8.89453125
7148065114000,5.94140625,-0.435546875,-1.916015625,17.34375,4.171875,7.9140625
7148067532000,6.03125,-0.19140625,-2.439453125,17.3515625,4.203125,7.9375
7148069967000,6.091796875,0.04296875,-2.9609375,17.51953125,4.45703125,6.80078125
7148074980000,6.193359375,0.505859375,-3.9453125,17.55078125,4.57421875,6.86328125
7148077429000,6.263671875,0.7421875,-4.392578125,17.73828125,4.59375,5.4765625
7148080037000,6.3515625,0.958984375,-4.833984375,17.625,4.37109375,3.80859375
7148082819000,6.443359375,1.1796875,-5.228515625,17.33203125,4.0234375,1.87109375
7148087080000,6.505859375,1.365234375,-5.6015625,16.7734375,3.7109375,0.109375
7148090830000,6.607421875,1.63671875,-6.267578125,16.08203125,3.29296875,-1.31640625
7148098670000,6.388671875,1.875,-6.890625,14.3828125,1.68359375,-3.40234375
7148106589000,5.98046875,2.099609375,-6.970703125,12.125,-0.27734375,-6.17578125
7148109981000,5.623046875,2.248046875,-6.705078125,10.9453125,-0.9296875,-7.609375
7148112486000,5.38671875,2.326171875,-6.49609375,9.69921875,-1.55078125,-8.97265625
7148117415000,4.76171875,2.5234375,-5.9296875,9.69140625,-1.26953125,-8.86328125
7148119963000,4.337890625,2.669921875,-5.62109375,8.3984375,-1.48046875,-10.1328125
7148122446000,3.876953125,2.818359375,-5.2734375,7.18359375,-1.31640625,-11.51953125
7148124977000,3.37890625,2.9765625,-4.921875,6.2734375,-1.35546875,-13.203125
7148129900000,2.306640625,3.431640625,-4.181640625,6.25,-1.14453125,-13.0546875
7148132413000,1.763671875,3.7265625,-3.828125,3.93359375,-1.38671875,-16.9375
7148137436000,0.732421875,4.17578125,-3.1640625,3.91015625,-1.22265625,-16.75
7148139969000,0.244140625,4.248046875,-2.8515625,1.59375,-1.31640625,-19.140625
7148142268000,-0.201171875,4.287109375,-2.5703125,-0.55859375,-1.5703125,-21.890625
7148144894000,-0.669921875,4.302734375,-2.310546875,-2.45703125,-1.62890625,-24.203125
7148147360000,-1.1171875,4.298828125,-2.103515625,-4.06640625,-1.46875,-26.02734375
7148152394000,-2.021484375,4.361328125,-1.7265625,-4.08984375,-1.375,-25.80078125
7148154737000,-2.451171875,4.396484375,-1.59765625,-5.48046875,-1.203125,-27.43359375
7148157282000,-2.90625,4.462890625,-1.470703125,-6.45703125,-1.1796875,-29.015625
7148159759000,-3.328125,4.51953125,-1.380859375,-6.47265625,-1.1484375,-28.8984375
7148162255000,-3.73046875,4.53125,-1.326171875,-7.6171875,-1.171875,-30.57421875
7148164813000,-4.12890625,4.5078125,-1.28125,-8.6640625,-1.0234375,-31.7421875
7148172372000,-5.2890625,4.421875,-1.3125,-9.78125,-0.49609375,-31.59765625
7148179806000,-6.1953125,3.7890625,-1.44140625,-12.15625,1.22265625,-29.359375
7148184674000,-6.51171875,3.017578125,-1.45703125,-12.21484375,2.90625,-26.32421875
7148187165000,-6.583984375,2.556640625,-1.43359375,-11.77734375,3.3671875,-24.45703125
7148192174000,-6.6484375,1.583984375,-1.3203125,-11.81640625,3.359375,-24.28515625
7148194632000,-6.693359375,1.107421875,-1.259765625,-11.2109375,3.37890625,-22.0
7148197210000,-6.76171875,0.65234375,-1.177734375,-10.56640625,3.19921875,-19.2734375
7148199698000,-6.84375,0.263671875,-1.080078125,-10.58203125,3.17578125,-19.2265625
7148202357000,-6.947265625,-0.072265625,-0.984375,-9.61328125,2.67578125,-13.83203125
7148204738000,-7.056640625,-0.353515625,-0.900390625,-9.61328125,2.65234375,-13.80078125
7148207138000,-7.1640625,-0.58984375,-0.8046875,-9.3359375,2.20703125,-11.46875
7148209612000,-7.259765625,-0.767578125,-0.7421875,-9.3359375,2.17578125,-11.453125
7148212099000,-7.36328125,-0.927734375,-0.666015625,-9.0703125,1.578125,-9.2890625
7148214699000,-7.439453125,-1.07421875,-0.59375,-8.8671875,1.0703125,-7.2734375
7148219630000,-7.505859375,-1.306640625,-0.462890625,-8.859375,1.0,-7.2734375
7148222459000,-7.50390625,-1.404296875,-0.416015625,-8.5,-0.5,-3.98828125
7148231820000,-7.345703125,-1.666015625,-0.287109375,-8.3046875,-2.59765625,-1.58203125
7148235660000,-7.169921875,-1.83984375,-0.20703125,-8.21484375,-3.55078125,-0.46484375
7148239672000,-7.033203125,-2.021484375,-0.091796875,-7.98828125,-4.484375,0.66796875
7148247237000,-6.775390625,-2.220703125,0.154296875,-7.6171875,-5.48828125,1.59765625
7148249529000,-6.701171875,-2.26171875,0.263671875,-6.99609375,-7.109375,3.73046875
7148252071000,-6.6328125,-2.314453125,0.37890625,-6.98046875,-7.1640625,3.69140625
7148254485000,-6.537109375,-2.33203125,0.5,-6.7734375,-8.05859375,4.859375
7148256912000,-6.451171875,-2.3515625,0.62890625,-6.4609375,-8.921875,5.6328125
7148259566000,-6.373046875,-2.353515625,0.767578125,-6.4453125,-8.9921875,5.5859375
7148263134000,-6.3046875,-2.337890625,0.92578125,-6.01953125,-9.74609375,6.484375
7148266984000,-6.228515625,-2.32421875,1.064453125,-5.640625,-10.27734375,7.38671875
7148274327000,-6.087890625,-2.17578125,1.853515625,-5.13671875,-10.8515625,7.97265625
7148278692000,-6.025390625,-2.1171875,2.05859375,-4.046875,-10.859375,9.0078125
7148286483000,-5.82421875,-1.951171875,2.625,-2.95703125,-10.4375,9.52734375
7148289386000,-5.6171875,-1.841796875,2.849609375,-2.3828125,-10.17578125,9.5546875
7148291903000,-5.498046875,-1.775390625,2.919921875,-1.9453125,-9.85546875,9.48046875
7148294487000,-5.345703125,-1.703125,2.962890625,-1.9296875,-9.94140625,9.43359375
7148297008000,-5.1953125,-1.642578125,2.97265625,-1.62109375,-9.66015625,9.25
7148301896000,-4.828125,-1.505859375,2.935546875,-1.61328125,-9.83984375,9.1640625
7148309288000,-4.2265625,-1.23828125,2.7734375,-0.91796875,-9.6953125,8.6015625
7148316869000,-3.66015625,-0.98046875,2.58984375,0.22265625,-10.0546875,7.59375
7148319383000,-3.4921875,-0.919921875,2.5390625,1.25,-10.23046875,6.94921875
7148324450000,-3.14453125,-0.794921875,2.484375,1.2421875,-10.37109375,6.88671875
7148329409000,-2.751953125,-0.75390625,2.443359375,1.54296875,-10.625,6.5625
7148332017000,-2.50390625,-0.767578125,2.4140625,1.69921875,-10.75390625,6.484375
7148334214000,-2.24609375,-0.794921875,2.408203125,1.92578125,-10.90234375,6.375
7148336956000,-1.9296875,-0.8359375,2.38671875,2.37109375,-11.203125,6.2578125
7148339264000,-1.583984375,-0.865234375,2.353515625,2.37109375,-11.265625,6.234375
7148341917000,-1.21484375,-0.90625,2.32421875,2.9453125,-11.51171875,6.05859375
7148344448000,-0.826171875,-0.93359375,2.2890625,3.47265625,-11.625,5.99609375
7148346763000,-0.41796875,-0.958984375,2.236328125,3.984375,-11.66796875,5.96484375
7148349376000,-0.0234375,-0.986328125,2.181640625,3.9765625,-11.72265625,5.93359375
7148351683000,0.384765625,-0.97265625,2.08984375,4.49609375,-11.71875,5.9765625
7148356973000,1.244140625,-0.92578125,1.919921875,4.48046875,-11.8046875,5.9296875
7148359567000,1.6796875,-0.87109375,1.796875,4.98828125,-11.71875,5.46484375
7148364180000,2.662109375,-0.740234375,1.498046875,5.39453125,-11.80859375,4.61328125
7148367216000,3.1875,-0.71484375,1.3359375,5.6640625,-11.91015625,3.58203125
7148369360000,3.720703125,-0.70703125,1.138671875,5.65625,-11.7578125,2.9296875
7148371903000,4.25,-0.728515625,0.94140625,5.6484375,-11.765625,2.9375
7148374280000,4.779296875,-0.79296875,0.71875,5.59765625,-11.140625,2.27734375
7148376599000,5.31640625,-0.884765625,0.49609375,5.734375,-10.31640625,1.39453125
7148379279000,5.84765625,-0.966796875,0.271484375,5.734375,-10.31640625,1.40234375
7148381684000,6.392578125,-1.08203125,0.03515625,6.125,-9.54296875,0.48046875
7148384203000,6.8984375,-1.212890625,-0.201171875,6.69921875,-8.8125,-0.125
7148386712000,7.361328125,-1.357421875,-0.4296875,7.42578125,-8.13671875,-0.68359375
7148391737000,8.24609375,-1.6171875,-0.890625,8.20703125,-7.5078125,-1.328125
7148399186000,9.3828125,-1.7734375,-1.58203125,9.21484375,-6.14453125,-2.74609375
7148406595000,10.130859375,-1.65234375,-2.404296875,8.9375,-4.328125,-4.453125
7148409367000,10.283203125,-1.56640625,-2.693359375,8.62109375,-3.3515625,-5.32421875
7148411712000,10.369140625,-1.47265625,-3.01953125,8.63671875,-3.265625,-5.31640625
7148414209000,10.392578125,-1.369140625,-3.318359375,8.32421875,-2.3203125,-6.08203125
7148419119000,10.287109375,-1.166015625,-3.89453125,8.34765625,-2.1015625,-6.07421875
7148422175000,10.189453125,-1.0390625,-4.16015625,7.22265625,-1.5,-7.6953125
7148424119000,10.025390625,-0.91796875,-4.39453125,7.23046875,-1.3828125,-7.6953125
7148426594000,9.845703125,-0.79296875,-4.611328125,6.48046875,-1.34765625,-8.5859375
7148429060000,9.61328125,-0.6953125,-4.751953125,5.90234375,-1.59765625,-9.3125
7148431557000,9.322265625,-0.5546875,-4.873046875,5.91015625,-1.44921875,-9.3125
7148434078000,9.0,-0.396484375,-4.904296875,5.34765625,-1.80859375,-9.734375
7148436612000,8.66015625,-0.271484375,-4.89453125,4.38671875,-1.8203125,-9.9453125
7148439192000,8.259765625,-0.13671875,-4.818359375,4.38671875,-1.6796875,-9.9453125
7148442869000,7.818359375,-0.029296875,-4.67578125,3.7265625,-1.78515625,-10.40234375
7148446584000,6.939453125,0.1796875,-4.2578125,3.7265625,-1.51953125,-10.41015625
7148450733000,6.494140625,0.279296875,-4.015625,2.64453125,-1.83984375,-11.50390625
7148458481000,5.25,0.65625,-3.279296875,1.51953125,-0.98828125,-13.27734375
7148462298000,4.470703125,0.958984375,-2.890625,0.421875,-0.47265625,-14.17578125
7148466371000,4.09375,1.05859375,-2.7578125,-0.640625,-0.12109375,-15.27734375
7148469142000,3.318359375,1.220703125,-2.537109375,-2.0703125,0.078125,-16.30078125
7148473814000,2.544921875,1.234375,-2.396484375,-2.09375,0.21875,-16.25390625
7148476811000,2.17578125,1.21484375,-2.333984375,-3.73046875,0.46875,-16.61328125
7148479062000,1.8125,1.19140625,-2.255859375,-4.8671875,0.57421875,-16.5703125
7148481506000,1.478515625,1.1484375,-2.17578125,-5.74609375,0.80859375,-16.43359375
7148484062000,1.158203125,1.0703125,-2.06640625,-6.22265625,1.09375,-16.11328125
7148486365000,0.8828125,0.98828125,-1.96484375,-6.23828125,1.1484375,-16.09765625
7148488930000,0.6015625,0.884765625,-1.84765625,-6.29296875,1.60546875,-15.56640625
7148491578000,0.333984375,0.7734375,-1.703125,-6.1015625,2.140625,-14.9765625
7148493938000,0.099609375,0.630859375,-1.59375,-6.1171875,2.171875,-14.9609375
7148496435000,-0.134765625,0.482421875,-1.439453125,-5.98828125,2.59375,-14.24609375
7148501363000,-0.53515625,0.095703125,-1.2421875,-6.01171875,2.6640625,-14.22265625
7148508903000,-1.123046875,-0.59375,-1.015625,-5.80078125,3.38671875,-12.35546875
7148513336000,-1.30859375,-0.8203125,-0.96875,-6.10546875,4.38671875,-9.23046875
7148516440000,-1.6171875,-1.19140625,-0.892578125,-5.94140625,4.89453125,-7.625
7148518830000,-1.78125,-1.345703125,-0.84375,-5.3984375,5.37890625,-6.1328125
7148524014000,-2.111328125,-1.59765625,-0.78515625,-4.70703125,5.71875,-4.80078125
7148528911000,-2.48828125,-1.787109375,-0.712890625,-4.70703125,5.7421875,-4.85546875
7148531758000,-2.701171875,-1.87109375,-0.666015625,-3.51171875,5.796875,-2.1953125
7148533810000,-2.912109375,-1.94140625,-0.62890625,-3.51171875,5.8046875,-2.21875
7148536374000,-3.125,-1.982421875,-0.58984375,-3.26171875,5.36328125,-0.87109375
7148538712000,-3.326171875,-2.048828125,-0.556640625,-3.26171875,5.36328125,-0.90234375
7148541340000,-3.498046875,-2.103515625,-0.53125,-3.2734375,4.73828125,0.08203125
7148543920000,-3.6328125,-2.138671875,-0.48046875,-3.50390625,4.0,0.796875
7148546282000,-3.73828125,-2.17578125,-0.455078125,-3.78515625,3.26953125,1.33984375
7148548847000,-3.8515625,-2.25,-0.404296875,-3.78515625,3.26171875,1.30859375
7148551156000,-3.9609375,-2.3515625,-0.349609375,-4.00390625,2.30078125,2.11328125
7148556452000,-4.232421875,-2.548828125,-0.19140625,-3.99609375,2.29296875,2.03515625
7148559104000,-4.3828125,-2.625,-0.091796875,-3.85546875,1.2578125,2.9453125
7148563799000,-4.623046875,-2.765625,0.109375,-3.56640625,0.07421875,3.75390625
7148566534000,-4.697265625,-2.81640625,0.232421875,-3.16796875,-1.04296875,4.70703125
7148568687000,-4.724609375,-2.865234375,0.3671875,-2.9375,-2.34375,5.75
7148571394000,-4.720703125,-2.90625,0.47265625,-2.9296875,-2.359375,5.703125
7148573599000,-4.673828125,-2.96875,0.5859375,-2.73046875,-3.7734375,6.8046875
7148576308000,-4.583984375,-3.025390625,0.693359375,-2.73046875,-5.23046875,8.0625
7148578832000,-4.439453125,-3.078125,0.794921875,-2.72265625,-5.25390625,8.0078125
7148581316000,-4.26953125,-3.107421875,0.875,-2.66796875,-6.62109375,9.26171875
7148583661000,-4.076171875,-3.13671875,0.98046875,-2.58203125,-7.859375,10.63671875
7148586249000,-3.849609375,-3.138671875,1.07421875,-2.28515625,-8.97265625,12.03515625
7148591229000,-3.384765625,-3.154296875,1.30859375,-2.27734375,-9.03515625,11.91015625
7148593690000,-3.158203125,-3.142578125,1.453125,-1.7265625,-9.9296875,13.296875
7148596217000,-2.921875,-3.107421875,1.607421875,-0.98828125,-10.58203125,14.53515625
7148598727000,-2.671875,-3.044921875,1.775390625,-0.98828125,-10.62109375,14.46484375
7148601177000,-2.43359375,-2.947265625,1.96875,0.68359375,-11.15625,16.421875
7148603865000,-2.224609375,-2.8359375,2.173828125,0.69140625,-11.2109375,16.359375
7148606036000,-2.01171875,-2.724609375,2.359375,1.359375,-11.30859375,17.00390625
7148608727000,-1.818359375,-2.619140625,2.572265625,2.28515625,-11.1875,17.45703125
7148611274000,-1.658203125,-2.486328125,2.78125,2.28515625,-11.25,17.40234375
7148613595000,-1.515625,-2.365234375,2.99609375,3.09765625,-11.3125,17.76953125
7148618633000,-1.203125,-2.125,3.37109375,3.11328125,-11.46875,17.66796875
7148621393000,-1.02734375,-1.986328125,3.533203125,5.19921875,-11.7734375,17.796875
7148626749000,-0.578125,-1.61328125,3.826171875,6.17578125,-11.79296875,17.62109375
7148634554000,0.220703125,-0.9296875,4.16015625,7.93359375,-10.5234375,17.12890625
7148638431000,0.455078125,-0.66796875,4.255859375,8.5546875,-9.33984375,16.73828125
7148642463000,0.99609375,-0.19140625,4.365234375,9.26171875,-8.23828125,16.234375
7148646078000,1.5703125,0.271484375,4.345703125,9.26953125,-8.45703125,16.2265625
7148648458000,1.8828125,0.509765625,4.283203125,10.21875,-7.265625,15.66796875
7148651054000,2.2109375,0.755859375,4.169921875,11.50390625,-6.1875,14.8984375
7148653565000,2.5625,1.037109375,4.017578125,12.5546875,-5.0625,13.6875
7148656063000,2.923828125,1.3203125,3.83203125,12.5546875,-5.15625,13.7109375
7148658490000,3.326171875,1.6171875,3.595703125,13.125,-3.8125,12.1015625
7148660990000,3.71875,1.908203125,3.318359375,13.4375,-2.25,10.0234375
7148663529000,4.099609375,2.1796875,2.994140625,13.3828125,-0.9375,7.63671875
7148666042000,4.484375,2.4453125,2.650390625,13.3828125,-1.015625,7.70703125
7148668399000,4.85546875,2.654296875,2.25,13.16015625,0.6953125,5.55078125
7148673436000,5.5390625,2.97265625,1.427734375,13.16015625,0.6015625,5.70703125
7148675946000,5.833984375,3.099609375,0.998046875,12.78125,2.3359375,3.43359375
7148678516000,6.115234375,3.21484375,0.580078125,12.41796875,4.0625,1.43359375
7148681334000,6.341796875,3.314453125,0.15234375,11.91796875,5.47265625,-0.57421875
7148685507000,6.53515625,3.39453125,-0.271484375,11.3828125,6.56640625,-2.25
7148689357000,6.79296875,3.541015625,-1.08984375,10.86328125,7.4765625,-3.625
7148697090000,6.896484375,3.77734375,-2.234375,9.71484375,8.84375,-6.7109375
7148703509000,6.814453125,4.029296875,-3.25,7.5546875,9.9296875,-10.5625
7148708373000,6.650390625,4.04296875,-3.822265625,7.546875,10.1328125,-10.3515625
7148710876000,6.501953125,3.994140625,-4.029296875,6.25390625,10.60546875,-12.37109375
7148713277000,6.298828125,3.912109375,-4.19140625,5.18359375,11.0078125,-14.140625
7148715951000,6.01171875,3.78515625,-4.279296875,5.17578125,11.1328125,-14.046875
7148718483000,5.7265625,3.650390625,-4.33203125,4.203125,11.23046875,-15.83203125
7148720918000,5.40234375,3.51171875,-4.34375,3.32421875,10.91015625,-17.8203125
7148723444000,5.06640625,3.34375,-4.33203125,2.5625,10.34375,-19.83203125
7148728376000,4.275390625,3.033203125,-4.228515625,1.77734375,9.5703125,-21.46484375
7148735795000,2.673828125,2.728515625,-3.95703125,-0.20703125,7.6640625,-24.20703125
7148743207000,1.029296875,2.7109375,-3.689453125,-1.3046875,6.140625,-26.16015625
7148745812000,0.6015625,2.70703125,-3.62890625,-3.94140625,2.15625,-29.859375
7148748368000,0.197265625,2.650390625,-3.5546875,-3.98046875,2.234375,-29.7890625
7148750889000,-0.146484375,2.521484375,-3.486328125,-5.5078125,0.78515625,-30.8671875
7148755743000,-0.63671875,2.029296875,-3.341796875,-5.5546875,0.94140625,-30.7578125
7148758574000,-0.841796875,1.693359375,-3.23828125,-6.5625,-0.24609375,-31.27734375
7148763162000,-1.134765625,0.90234375,-3.0078125,-6.9453125,-1.046875,-30.91796875
7148766230000,-1.29296875,0.478515625,-2.86328125,-6.7578125,-1.6171875,-29.66015625
7148768348000,-1.443359375,0.03125,-2.69921875,-6.265625,-2.17578125,-27.4140625
7148770673000,-1.607421875,-0.43359375,-2.509765625,-6.28125,-2.12890625,-27.40625
7148773248000,-1.751953125,-0.87890625,-2.3203125,-5.58203125,-2.4453125,-24.5703125
7148775611000,-1.89453125,-1.27734375,-2.142578125,-5.00390625,-3.1328125,-21.78125
7148778285000,-1.966796875,-1.646484375,-1.966796875,-5.00390625,-3.09375,-21.8046875
7148780702000,-2.0625,-1.970703125,-1.826171875,-4.296875,-3.40625,-18.578125
7148783148000,-2.130859375,-2.244140625,-1.677734375,-3.30859375,-3.5,-14.84765625
7148785737000,-2.1640625,-2.45703125,-1.5703125,-2.0859375,-3.859375,-11.03515625
7148790729000,-2.212890625,-2.693359375,-1.400390625,-0.8046875,-4.546875,-7.73046875
7148798124000,-2.091796875,-2.55859375,-1.291015625,0.78125,-6.66796875,-2.62109375
7148805630000,-1.98046875,-2.060546875,-1.21875,0.7109375,-8.3359375,1.11328125
7148808102000,-1.98828125,-1.900390625,-1.1640625,0.171875,-9.44140625,2.83203125
7148810613000,-2.0234375,-1.775390625,-1.10546875,0.1796875,-9.42578125,2.80078125
7148813233000,-2.044921875,-1.65234375,-1.044921875,-0.35546875,-10.3671875,4.37890625
7148818222000,-2.048828125,-1.45703125,-0.806640625,-0.35546875,-10.3359375,4.33203125
7148820903000,-2.025390625,-1.373046875,-0.646484375,-1.0,-11.9921875,7.29296875
7148825625000,-1.962890625,-1.26171875,-0.193359375,-0.97265625,-12.453125,8.48828125
7148828187000,-1.92578125,-1.21484375,0.09375,-0.76953125,-12.51953125,9.74609375
7148830654000,-1.89453125,-1.1796875,0.3984375,-0.76171875,-12.53515625,9.73828125
7148833042000,-1.892578125,-1.1171875,0.728515625,-0.41015625,-12.43359375,10.71875
7148835568000,-1.912109375,-1.03515625,1.046875,-0.11328125,-12.29296875,11.48046875
7148838115000,-1.923828125,-0.953125,1.37890625,-0.09765625,-12.33203125,11.47265625
7148841957000,-1.95703125,-0.859375,1.671875,0.0234375,-12.08203125,12.171875
7148845590000,-1.9921875,-0.642578125,2.2109375,0.0546875,-12.19921875,12.1640625
7148847969000,-2.0078125,-0.541015625,2.439453125,0.0625,-11.9765625,12.8671875
7148850585000,-2.046875,-0.439453125,2.65625,0.02734375,-11.578125,13.59375
7148853224000,-2.056640625,-0.328125,2.869140625,0.0234375,-10.98828125,14.08203125
7148855586000,-2.05859375,-0.234375,3.072265625,0.0390625,-11.05859375,14.08984375
7148858010000,-2.037109375,-0.150390625,3.2578125,0.10546875,-10.4140625,14.39453125
7148860525000,-1.982421875,-0.072265625,3.435546875,0.29296875,-9.79296875,14.6015625
7148862963000,-1.921875,-0.02734375,3.59765625,0.4609375,-9.16796875,14.8125
7148869197000,-1.736328125,0.037109375,3.8828125,0.7109375,-8.50390625,14.875
7148875507000,-1.400390625,0.068359375,4.19921875,1.27734375,-7.29296875,15.390625
7148880543000,-1.12109375,0.14453125,4.28515625,1.8203125,-7.0625,15.65234375
7148882923000,-0.962890625,0.23828125,4.326171875,2.32421875,-6.7890625,15.94921875
7148885507000,-0.77734375,0.361328125,4.33203125,2.32421875,-6.8984375,15.95703125
7148887824000,-0.57421875,0.513671875,4.30859375,2.49609375,-6.42578125,16.18359375
7148890477000,-0.36328125,0.66796875,4.294921875,2.3515625,-5.77734375,16.19140625
7148892841000,-0.16015625,0.83984375,4.25,2.3515625,-5.87109375,16.20703125
7148895525000,0.0703125,0.998046875,4.189453125,2.015625,-5.109375,15.90234375
7148900473000,0.55078125,1.263671875,4.033203125,2.0078125,-5.296875,15.94921875
7148903122000,0.7890625,1.380859375,3.939453125,1.7890625,-3.45703125,14.74609375
7148907848000,1.21875,1.5078125,3.76171875,1.7734375,-3.63671875,14.81640625
7148910667000,1.435546875,1.52734375,3.65234375,1.859375,-2.7265625,14.22265625
7148912791000,1.626953125,1.541015625,3.55859375,1.98828125,-1.875,13.87109375
7148915595000,1.83984375,1.541015625,3.451171875,1.98046875,-1.9453125,13.91015625
7148917713000,2.04296875,1.55859375,3.330078125,2.1640625,-1.203125,13.578125
7148920389000,2.271484375,1.580078125,3.173828125,2.42578125,-0.74609375,13.2421875
7148922936000,2.51171875,1.6328125,3.0234375,2.79296875,-0.04296875,12.88671875
7148930176000,3.234375,1.841796875,2.548828125,3.08984375,0.66015625,12.37109375
7148935374000,3.701171875,1.9921875,2.21484375,3.48828125,2.0546875,10.94140625
7148942825000,4.37890625,2.1484375,1.724609375,4.1640625,3.2734375,9.69140625
7148945396000,4.587890625,2.208984375,1.51171875,4.63671875,3.6015625,9.203125
7148950234000,5.064453125,2.27734375,1.080078125,4.59765625,3.609375,9.328125
7148952817000,5.3984375,2.349609375,0.83203125,5.203125,3.625,8.28125
7148955360000,5.818359375,2.43359375,0.5625,5.84765625,3.5703125,6.37890625
7148957946000,6.3046875,2.541015625,0.267578125,5.82421875,3.609375,6.44921875
7148960388000,6.84765625,2.625,-0.0234375,6.21484375,3.984375,4.3046875
7148962940000,7.44140625,2.68359375,-0.306640625,6.11328125,4.67578125,2.078125
7148970150000,9.072265625,2.462890625,-1.201171875,5.72265625,5.58984375,0.16796875
7148977859000,10.080078125,1.8359375,-2.080078125,4.81640625,6.7421875,-2.734375
7148985235000,10.205078125,1.396484375,-2.8515625,4.3125,6.421875,-4.52734375
7148990153000,10.001953125,1.40625,-3.2890625,4.2890625,6.734375,-4.50390625
7148992795000,9.884765625,1.474609375,-3.46875,4.3515625,5.8046875,-5.50390625
7148995195000,9.798828125,1.56640625,-3.609375,4.14453125,4.55859375,-7.046875
7148997684000,9.669921875,1.646484375,-3.7421875,4.12109375,4.72265625,-7.0390625
7149000188000,9.5546875,1.701171875,-3.837890625,2.26171875,2.27734375,-11.07421875
7149006021000,9.263671875,1.689453125,-3.974609375,0.88671875,1.55859375,-12.91015625
7149012927000,8.533203125,1.24609375,-4.052734375,-1.12890625,-0.12890625,-15.91796875
7149021774000,7.67578125,0.546875,-3.99609375,-2.28515625,-2.58203125,-19.46875
7149025164000,7.158203125,0.056640625,-3.8984375,-2.56640625,-4.1328125,-21.39453125
7149027620000,6.95703125,-0.18359375,-3.837890625,-2.83984375,-6.0234375,-22.8359375
7149030229000,6.791015625,-0.45703125,-3.791015625,-2.86328125,-5.875,-22.8984375
7149032547000,6.62109375,-0.716796875,-3.744140625,-3.19140625,-7.7734375,-23.4765625
7149035064000,6.46484375,-0.9765625,-3.6953125,-3.64453125,-9.53515625,-23.31640625
7149037607000,6.310546875,-1.2578125,-3.642578125,-3.66796875,-9.40234375,-23.40234375
7149041443000,6.158203125,-1.5390625,-3.611328125,-4.20703125,-10.828125,-22.60546875
7149047608000,5.5390625,-2.318359375,-3.3984375,-4.90234375,-12.71484375,-19.62890625
7149057073000,4.92578125,-2.865234375,-2.9140625,-3.77734375,-13.421875,-15.46484375
7149064850000,4.458984375,-3.115234375,-2.18359375,-2.40234375,-13.0,-11.2890625
7149067652000,4.20703125,-3.11328125,-1.66015625,-2.20703125,-12.234375,-9.26171875
7149072466000,3.947265625,-3.009765625,-1.138671875,-2.21484375,-12.140625,-9.48046875
7149075303000,3.830078125,-2.96875,-0.921875,-2.28125,-11.265625,-7.421875
7149077391000,3.755859375,-2.912109375,-0.712890625,-2.2265625,-10.33203125,-5.32421875
7149080036000,3.671875,-2.8203125,-0.533203125,-2.1875,-9.14453125,-3.44140625
7149082596000,3.654296875,-2.720703125,-0.361328125,-2.41796875,-7.75,-1.83984375
7149085011000,3.634765625,-2.611328125,-0.236328125,-2.41796875,-7.734375,-1.94140625
7149087513000,3.65234375,-2.53515625,-0.123046875,-2.62109375,-6.26171875,-0.26953125
7149089978000,3.69921875,-2.44921875,-0.001953125,-2.59375,-4.88671875,1.28515625
7149092349000,3.73828125,-2.3671875,0.087890625,-2.59375,-4.87890625,1.19921875
7149095028000,3.75390625,-2.32421875,0.171875,-2.3671875,-3.51171875,2.46484375
7149099939000,3.763671875,-2.248046875,0.341796875,-2.3515625,-3.51953125,2.27734375
7149107352000,3.576171875,-2.140625,0.55859375,-2.14453125,-1.09375,4.3515625
7149111610000,3.458984375,-2.099609375,0.630859375,-2.203125,0.76953125,6.8984375
7149122366000,2.7109375,-1.912109375,0.91796875,-1.57421875,2.26171875,10.20703125
7149124951000,2.587890625,-1.869140625,0.962890625,-1.22265625,2.87890625,11.046875
7149127401000,2.451171875,-1.798828125,1.02734375,-1.21484375,2.86328125,10.984375
7149129784000,2.31640625,-1.732421875,1.08203125,-0.796875,3.5390625,11.82421875
7149134804000,2.0703125,-1.525390625,1.2109375,-0.7734375,3.484375,11.69921875
7149137214000,1.9375,-1.40625,1.27734375,-0.27734375,4.0546875,12.48828125
7149139879000,1.810546875,-1.291015625,1.34765625,0.2265625,4.5390625,13.0625
7149142408000,1.65234375,-1.109375,1.416015625,0.94140625,5.33203125,13.34375
7149144767000,1.4765625,-0.931640625,1.49609375,1.078125,5.609375,13.5703125
7149147355000,1.345703125,-0.8125,1.515625,1.09375,5.5703125,13.53125
7149149746000,1.23046875,-0.69140625,1.53125,1.4375,5.9609375,13.51171875
7149152277000,1.140625,-0.55078125,1.53515625,1.78515625,6.28515625,13.29296875
7149154895000,1.072265625,-0.3828125,1.533203125,1.80859375,6.25390625,13.26953125
7149157183000,1.029296875,-0.216796875,1.51953125,2.1796875,6.60546875,12.921875
7149162252000,0.953125,0.09765625,1.474609375,2.2109375,6.53515625,12.8984375
7149169677000,0.767578125,0.625,1.357421875,3.109375,7.69921875,12.0
7149174850000,0.421875,1.037109375,1.1875,4.14453125,9.28125,11.23828125
7149184648000,-0.576171875,2.05859375,0.724609375,4.87109375,9.3671875,8.2265625
7149189716000,-1.14453125,2.55078125,0.51953125,4.89453125,9.34375,8.3359375
7149192594000,-1.419921875,2.7578125,0.4375,4.71875,9.04296875,6.15234375
7149194813000,-1.6796875,2.9296875,0.3828125,4.7265625,9.03515625,6.22265625
7149197222000,-1.953125,3.068359375,0.32421875,4.80078125,9.08984375,5.15234375
7149199661000,-2.220703125,3.150390625,0.30859375,5.078125,9.1484375,3.96484375
7149204674000,-2.740234375,3.271484375,0.275390625,5.0859375,9.140625,4.16015625
7149207302000,-3.02734375,3.322265625,0.275390625,5.45703125,9.1328125,3.08203125
7149209556000,-3.296875,3.361328125,0.263671875,5.984375,9.14453125,2.29296875
7149212118000,-3.576171875,3.431640625,0.228515625,5.9921875,9.13671875,2.40234375
7149214755000,-3.8359375,3.51171875,0.19921875,6.48046875,9.12890625,1.38671875
7149217153000,-4.12109375,3.595703125,0.146484375,6.48046875,9.12109375,1.49609375
7149219614000,-4.361328125,3.650390625,0.080078125,7.1328125,9.1640625,-1.234375
7149224626000,-4.880859375,3.80859375,-0.09765625,7.125,9.1484375,-0.984375
7149227105000,-5.130859375,3.865234375,-0.197265625,6.95703125,9.109375,-2.36328125
7149229537000,-5.37890625,3.908203125,-0.298828125,6.625,8.95703125,-3.70703125
7149232066000,-5.6875,3.94921875,-0.4140625,6.609375,8.94921875,-3.55859375
7149234668000,-6.0078125,3.99609375,-0.529296875,6.3046875,8.75,-4.4765625
7149237024000,-6.373046875,4.033203125,-0.6640625,6.18359375,8.50390625,-5.4140625
7149239634000,-6.759765625,4.080078125,-0.767578125,6.11328125,8.23046875,-6.27734375
7149244680000,-7.615234375,4.146484375,-0.951171875,6.05859375,8.20703125,-5.95703125
7149248594000,-8.021484375,4.146484375,-1.0390625,6.01953125,7.1875,-8.5234375
7149256360000,-8.98828125,4.0859375,-1.185546875,5.23046875,5.76171875,-12.94921875
7149264531000,-9.53515625,3.501953125,-1.234375,4.23046875,4.52734375,-15.64453125
7149267005000,-9.6953125,3.2890625,-1.22265625,3.97265625,4.54296875,-16.28515625
7149272023000,-10.0390625,2.8359375,-1.205078125,3.89453125,4.41015625,-15.98046875
7149274427000,-10.193359375,2.61328125,-1.19140625,3.796875,4.1171875,-16.3359375
7149277020000,-10.3046875,2.416015625,-1.189453125,3.796875,3.6484375,-16.6953125
7149279635000,-10.37890625,2.23828125,-1.1796875,3.7265625,3.04296875,-17.203125
7149281994000,-10.392578125,2.080078125,-1.16796875,3.62890625,2.48046875,-17.765625
7149287000000,-10.2578125,1.814453125,-1.16015625,3.56640625,2.29296875,-17.515625
7149289779000,-10.142578125,1.669921875,-1.150390625,2.47265625,1.09375,-17.6796875
7149291890000,-10.009765625,1.484375,-1.150390625,2.44140625,1.0078125,-17.5859375
7149294347000,-9.876953125,1.310546875,-1.171875,1.5546875,0.5390625,-16.83984375
7149296872000,-9.763671875,1.109375,-1.185546875,1.53125,0.4375,-16.74609375
7149299387000,-9.611328125,0.90234375,-1.1875,0.81640625,0.06640625,-15.82421875
7149301966000,-9.474609375,0.6875,-1.173828125,0.2109375,-0.24609375,-14.62890625
7149311132000,-8.95703125,-0.015625,-1.076171875,-0.5859375,-0.83984375,-11.9296875
7149315072000,-8.52734375,-0.494140625,-0.94921875,-0.921875,-1.21484375,-10.63671875
7149326713000,-7.744140625,-1.384765625,-0.6015625,-2.296875,-1.94140625,-6.265625
7149330609000,-7.44921875,-1.763671875,-0.46875,-2.765625,-2.15625,-4.89453125
7149334317000,-7.1875,-2.068359375,-0.361328125,-2.71875,-2.34375,-4.92578125
7149336879000,-7.0390625,-2.21875,-0.298828125,-3.29296875,-2.50390625,-3.83984375
7149339412000,-6.880859375,-2.3515625,-0.267578125,-3.72265625,-2.71484375,-2.90625
7149341775000,-6.72265625,-2.46484375,-0.2109375,-3.91796875,-2.9609375,-2.16015625
7149349343000,-6.23828125,-2.849609375,-0.052734375,-4.31640625,-3.625,-0.78125
7149356937000,-5.693359375,-3.169921875,0.083984375,-4.88671875,-4.40234375,0.8125
7149364533000,-5.048828125,-3.412109375,0.16796875,-4.99609375,-5.38671875,2.24609375
7149369329000,-4.541015625,-3.509765625,0.224609375,-4.91015625,-5.51171875,2.09765625
7149371635000,-4.25,-3.537109375,0.244140625,-4.91796875,-6.01953125,2.76171875
7149374123000,-3.95703125,-3.552734375,0.275390625,-4.78125,-6.6171875,3.40234375
7149376803000,-3.626953125,-3.56640625,0.2890625,-4.7421875,-6.671875,3.32421875
7149379476000,-3.30859375,-3.5859375,0.31640625,-4.6953125,-7.20703125,4.12890625
7149381744000,-2.99609375,-3.6015625,0.330078125,-4.65625,-7.6796875,5.01953125
7149384270000,-2.689453125,-3.607421875,0.36328125,-4.55859375,-8.16796875,5.83984375
7149391691000,-1.7578125,-3.55859375,0.47265625,-4.3359375,-8.60546875,6.52734375
7149396701000,-1.109375,-3.4921875,0.5703125,-3.84765625,-9.08984375,7.40625
7149404960000,-0.169921875,-3.345703125,0.763671875,-3.21875,-8.90234375,8.2421875
7149409198000,0.38671875,-3.24609375,0.900390625,-2.703125,-8.58984375,8.64453125
7149411562000,0.634765625,-3.1875,0.966796875,-2.10546875,-8.26953125,9.21484375
7149416778000,1.072265625,-3.076171875,1.091796875,-2.05859375,-8.30859375,9.06640625
7149419466000,1.26171875,-2.998046875,1.134765625,-0.74609375,-7.55078125,9.8984375
7149424086000,1.58203125,-2.80859375,1.224609375,-0.70703125,-7.58203125,9.78125
7149426722000,1.73046875,-2.677734375,1.25390625,0.01953125,-7.25,10.109375
7149428914000,1.849609375,-2.53515625,1.287109375,0.72265625,-6.94921875,10.3515625
7149431479000,1.96875,-2.400390625,1.30859375,0.73828125,-6.96484375,10.296875
7149434243000,2.0859375,-2.259765625,1.326171875,1.484375,-6.50390625,10.28125
7149436564000,2.19140625,-2.091796875,1.337890625,2.2734375,-6.01171875,10.04296875
7149439010000,2.306640625,-1.94140625,1.341796875,3.0234375,-5.43359375,9.61328125
7149444167000,2.546875,-1.66015625,1.3203125,3.0390625,-5.46484375,9.53515625
7149446808000,2.671875,-1.509765625,1.298828125,3.6796875,-4.734375,9.11328125
7149448998000,2.814453125,-1.375,1.27734375,4.2265625,-4.05859375,8.765625
7149451554000,2.94921875,-1.25,1.236328125,4.77734375,-3.328125,8.40625
7149454107000,3.12890625,-1.146484375,1.1640625,4.78515625,-3.3359375,8.3828125
7149456500000,3.30078125,-1.0390625,1.091796875,5.28515625,-2.80078125,7.94921875
7149459138000,3.49609375,-0.9375,0.994140625,5.89453125,-2.4375,7.25390625
7149461495000,3.708984375,-0.8359375,0.89453125,6.48828125,-2.07421875,6.37890625
7149463980000,3.9140625,-0.728515625,0.74609375,6.49609375,-2.07421875,6.37109375
7149466469000,4.142578125,-0.634765625,0.61328125,6.9453125,-1.625,5.56640625
7149471420000,4.494140625,-0.4921875,0.330078125,6.953125,-1.59375,5.54296875
7149474268000,4.6171875,-0.431640625,0.177734375,7.296875,-1.07421875,5.046875
7149476345000,4.72265625,-0.357421875,0.0390625,7.61328125,-0.8203125,4.48828125
7149478990000,4.767578125,-0.283203125,-0.08984375,7.796875,-0.5703125,3.7421875
7149481378000,4.787109375,-0.19921875,-0.23046875,7.8359375,-0.234375,2.96875
7149484011000,4.78125,-0.11328125,-0.341796875,7.84375,-0.203125,2.9609375
7149486507000,4.740234375,-0.015625,-0.427734375,7.8125,0.11328125,2.171875
7149488938000,4.6640625,0.044921875,-0.529296875,7.91015625,0.26953125,1.26171875
7149491493000,4.599609375,0.13671875,-0.595703125,7.91015625,0.31640625,1.26953125
7149493889000,4.50390625,0.22265625,-0.64453125,8.12890625,0.3828125,0.3203125
7149496453000,4.37890625,0.328125,-0.69921875,8.359375,0.46875,-0.703125
7149501397000,4.080078125,0.595703125,-0.75390625,8.34375,0.5546875,-0.671875
7149506573000,3.65625,0.974609375,-0.779296875,8.48046875,1.13671875,-2.90234375
7149513844000,2.837890625,1.66796875,-0.794921875,7.5859375,1.80078125,-5.6796875
7149521354000,1.794921875,2.353515625,-0.826171875,5.1328125,3.12890625,-8.60546875
7149523881000,1.396484375,2.51171875,-0.84765625,4.2734375,3.71484375,-10.234375
7149526319000,0.994140625,2.66796875,-0.865234375,4.2578125,3.74609375,-10.1796875
7149528836000,0.572265625,2.810546875,-0.90625,3.546875,4.1796875,-11.6328125
7149533758000,-0.337890625,3.04296875,-0.947265625,3.5,4.2265625,-11.4921875
7149536369000,-0.796875,3.13671875,-0.966796875,3.1640625,4.453125,-13.1640625
7149538851000,-1.291015625,3.20703125,-0.986328125,2.8046875,4.375,-14.9140625
7149541362000,-1.775390625,3.255859375,-1.02734375,2.16015625,4.1796875,-16.60546875
7149543929000,-2.267578125,3.28125,-1.056640625,1.03515625,3.99609375,-18.12890625
7149548722000,-3.15234375,3.2578125,-1.146484375,0.98046875,4.00390625,-17.98046875
7149551240000,-3.552734375,3.17578125,-1.20703125,-0.5625,3.6796875,-19.08203125
7149553614000,-3.896484375,3.033203125,-1.265625,-2.11328125,3.35546875,-19.69921875
7149556308000,-4.15625,2.853515625,-1.310546875,-2.13671875,3.34765625,-19.62890625
7149558991000,-4.37109375,2.654296875,-1.359375,-3.15625,2.87109375,-20.21875
7149561222000,-4.509765625,2.427734375,-1.375,-3.70703125,2.30078125,-20.57421875
7149563771000,-4.5859375,2.16796875,-1.40625,-3.9609375,1.765625,-20.5390625
7149568840000,-4.671875,1.548828125,-1.376953125,-4.27734375,1.46875,-19.984375
7149576283000,-4.623046875,0.4375,-1.25390625,-5.37890625,1.328125,-17.5546875
7149585070000,-4.416015625,-0.701171875,-1.10546875,-6.03125,1.16796875,-14.20703125
7149588681000,-4.2421875,-1.40234375,-0.978515625,-5.73046875,0.7578125,-12.4375
7149591391000,-4.169921875,-1.734375,-0.90625,-5.359375,0.11328125,-10.390625
7149596143000,-4.033203125,-2.3046875,-0.7421875,-5.3203125,0.06640625,-10.484375
7149598621000,-3.98046875,-2.53515625,-0.63671875,-5.01953125,-0.8203125,-6.53515625
7149601130000,-3.947265625,-2.75,-0.57421875,-4.99609375,-0.8515625,-6.59765625
7149603655000,-3.9140625,-2.919921875,-0.490234375,-5.1484375,-1.35546875,-4.75390625
7149606181000,-3.90234375,-3.080078125,-0.423828125,-5.19140625,-1.921875,-2.96875
7149608743000,-3.892578125,-3.19921875,-0.33984375,-5.16015625,-1.9453125,-3.0390625
7149611244000,-3.86328125,-3.28515625,-0.2890625,-5.0625,-2.734375,-1.4296875
7149616169000,-3.8125,-3.396484375,-0.12109375,-5.0078125,-2.796875,-1.578125
7149618877000,-3.77734375,-3.41015625,-0.03125,-4.7734375,-4.12890625,1.16015625
7149626188000,-3.697265625,-3.5234375,0.263671875,-4.62890625,-4.93359375,2.421875
7149631858000,-3.587890625,-3.5703125,0.50390625,-4.57421875,-6.52734375,4.48046875
7149640209000,-3.228515625,-3.60546875,0.953125,-4.62109375,-8.03125,6.0703125
7149643588000,-2.8828125,-3.62890625,1.234375,-4.484375,-8.34375,6.765625
7149646087000,-2.671875,-3.62890625,1.38671875,-4.48828125,-8.3828125,7.64453125
7149650910000,-2.19140625,-3.708984375,1.646484375,-4.44921875,-8.484375,7.46484375
7149653925000,-1.91015625,-3.75390625,1.748046875,-4.40625,-8.41015625,8.2734375
7149656082000,-1.638671875,-3.818359375,1.84375,-4.21875,-8.16015625,9.26953125
7149658728000,-1.341796875,-3.892578125,1.912109375,-3.74609375,-7.8828125,10.2578125
7149661048000,-1.048828125,-3.9453125,1.98046875,-2.7890625,-7.3515625,11.11328125
7149663529000,-0.76171875,-3.974609375,2.0625,-2.78125,-7.40625,11.01171875
7149666013000,-0.49609375,-3.97265625,2.150390625,-1.81640625,-7.30078125,11.6640625
7149668475000,-0.21875,-3.98046875,2.220703125,-0.90234375,-7.375,12.1171875
7149670868000,0.080078125,-3.95703125,2.259765625,-0.89453125,-7.4296875,12.0234375
7149673556000,0.369140625,-3.88671875,2.30859375,-0.0625,-7.4375,12.4296875
7149678434000,0.912109375,-3.70703125,2.34375,-0.046875,-7.546875,12.25
7149685797000,1.564453125,-3.23828125,2.35546875,1.171875,-7.546875,12.72265625
7149690849000,1.80078125,-2.8828125,2.34765625,2.1875,-6.86328125,13.4453125
7149701011000,2.095703125,-1.96484375,2.40234375,4.73046875,-5.1796875,12.38671875
7149705866000,2.21484375,-1.43359375,2.443359375,4.72265625,-5.2890625,12.32421875
7149708516000,2.26953125,-1.15625,2.435546875,5.63671875,-4.546875,11.62109375
7149710727000,2.30078125,-0.9140625,2.416015625,6.2421875,-3.80859375,11.01953125
7149713422000,2.296875,-0.671875,2.408203125,6.2265625,-3.86328125,11.01171875
7149715955000,2.30859375,-0.439453125,2.337890625,6.58984375,-2.96875,10.35546875
7149718471000,2.302734375,-0.201171875,2.28125,6.91796875,-2.1640625,9.64453125
7149720789000,2.291015625,0.04296875,2.212890625,7.3828125,-1.1171875,8.76953125
7149723212000,2.2734375,0.275390625,2.111328125,7.8359375,-0.05078125,7.89453125
7149725778000,2.25,0.53515625,1.9765625,7.8203125,-0.08984375,7.91015625
7149728501000,2.234375,0.779296875,1.849609375,8.234375,0.921875,6.5625
7149733375000,2.294921875,1.294921875,1.486328125,8.2109375,0.8515625,6.640625
7149736129000,2.326171875,1.51171875,1.28125,8.61328125,1.76171875,5.10546875
7149738253000,2.37109375,1.69921875,1.0546875,8.94140625,2.515625,3.5078125
7149740800000,2.42578125,1.85546875,0.787109375,9.0703125,3.3046875,2.13671875
7149748309000,2.388671875,2.25,-0.04296875,9.1015625,4.93359375,-0.1484375
7149755615000,2.12890625,2.69140625,-0.888671875,9.23046875,5.8671875,-1.55859375
7149763292000,1.734375,3.33203125,-1.66796875,9.00390625,5.6328125,-3.19140625
7149768372000,1.404296875,3.91015625,-2.125,8.99609375,5.734375,-2.99609375
7149770709000,1.21875,4.248046875,-2.322265625,8.9375,5.89453125,-3.83203125
7149773295000,0.98046875,4.59375,-2.490234375,8.82421875,6.1953125,-4.56640625
7149775758000,0.705078125,4.9375,-2.630859375,8.80859375,6.2578125,-4.44921875
7149778248000,0.396484375,5.2890625,-2.748046875,7.9296875,6.90234375,-6.3125
7149780676000,0.04296875,5.615234375,-2.8359375,7.9140625,6.97265625,-6.1796875
7149783096000,-0.298828125,5.94140625,-2.916015625,7.8984375,7.03515625,-6.0546875
7149785767000,-0.65625,6.19140625,-2.9453125,7.1484375,7.30078125,-7.0859375
7149788331000,-0.984375,6.412109375,-2.982421875,6.68359375,7.265625,-8.75390625
7149790589000,-1.291015625,6.62109375,-3.017578125,6.66015625,7.3203125,-8.61328125
7149793174000,-1.556640625,6.8359375,-3.009765625,6.61328125,7.05859375,-10.65234375
7149795546000,-1.7890625,7.017578125,-3.005859375,6.23046875,6.84375,-12.796875
7149798198000,-2.037109375,7.158203125,-2.984375,5.4453125,6.70703125,-14.71875
7149803051000,-2.587890625,7.23828125,-2.978515625,5.3515625,6.79296875,-14.4140625
7149805609000,-2.8828125,7.154296875,-2.978515625,4.109375,6.5703125,-16.0234375
7149808324000,-3.1484375,7.0,-2.982421875,2.63671875,6.28515625,-17.6484375
7149810641000,-3.376953125,6.798828125,-3.00390625,2.58203125,6.31640625,-17.515625
7149813206000,-3.546875,6.552734375,-3.046875,1.15234375,5.8671875,-19.25
7149815635000,-3.6484375,6.28125,-3.095703125,1.09765625,5.8984375,-19.125
7149818085000,-3.666015625,5.98046875,-3.16015625,-1.37109375,5.23046875,-22.50390625
7149823027000,-3.48828125,5.138671875,-3.2578125,-1.48046875,5.28515625,-22.28515625
7149827499000,-3.3046875,4.61328125,-3.306640625,-3.4609375,5.125,-24.15625
7149835360000,-2.615234375,2.615234375,-3.279296875,-5.3359375,5.015625,-21.40625
7149842959000,-2.158203125,-0.1796875,-2.875,-4.79296875,4.5703125,-16.48046875
7149845625000,-2.140625,-0.724609375,-2.7109375,-4.2890625,4.48828125,-14.07421875
7149850494000,-2.103515625,-1.51171875,-2.404296875,-4.2421875,4.54296875,-14.12890625
7149853090000,-2.04296875,-1.80078125,-2.28515625,-3.94921875,3.92578125,-12.1953125
7149855658000,-1.9609375,-2.0546875,-2.21875,-3.6953125,2.859375,-10.328125
7149858173000,-1.900390625,-2.255859375,-2.142578125,-3.53125,1.7421875,-8.5078125
7149860434000,-1.837890625,-2.455078125,-2.10546875,-3.59375,0.4453125,-6.93359375
7149863076000,-1.779296875,-2.638671875,-2.0703125,-3.5625,0.46875,-6.99609375
7149865589000,-1.712890625,-2.8203125,-2.05859375,-3.93359375,-0.92578125,-5.7578125
7149867972000,-1.611328125,-2.986328125,-2.0390625,-4.26953125,-2.109375,-4.640625
7149870541000,-1.5078125,-3.134765625,-2.001953125,-4.23046875,-2.0859375,-4.7109375
7149872986000,-1.388671875,-3.28515625,-1.96484375,-4.65234375,-3.2421875,-3.48828125
7149878078000,-1.10546875,-3.560546875,-1.826171875,-4.56640625,-3.1953125,-3.63671875
7149885415000,-0.578125,-3.98046875,-1.43359375,-5.12890625,-5.33984375,-0.87890625
7149892966000,0.09765625,-4.361328125,-0.98046875,-4.87890625,-7.5390625,1.34765625
7149900420000,0.767578125,-4.66796875,-0.49609375,-5.0390625,-9.01171875,4.3828125
7149905372000,1.1015625,-4.826171875,-0.2109375,-4.9609375,-8.98046875,4.1640625
7149907845000,1.234375,-4.912109375,-0.0703125,-4.88671875,-9.32421875,5.109375
7149910431000,1.345703125,-5.017578125,0.076171875,-4.76171875,-9.65234375,5.96875
7149912907000,1.4375,-5.111328125,0.220703125,-4.73046875,-9.64453125,5.84375
7149915277000,1.515625,-5.1953125,0.357421875,-4.35546875,-9.8671875,6.82421875
7149917996000,1.587890625,-5.275390625,0.53125,-3.8828125,-10.125,7.64453125
7149920299000,1.658203125,-5.35546875,0.6875,-3.25,-10.390625,8.4296875
7149927812000,1.91015625,-5.501953125,1.154296875,-1.73046875,-10.59375,9.9140625
7149932805000,2.07421875,-5.533203125,1.462890625,-0.99609375,-10.5390625,10.53125
7149944773000,2.509765625,-5.2734375,1.978515625,1.5546875,-9.703125,12.24609375
7149947755000,2.712890625,-5.0078125,2.15625,2.3828125,-9.203125,12.85546875
7149950326000,2.80859375,-4.82421875,2.193359375,3.19140625,-8.62890625,13.5625
7149952644000,2.90625,-4.62890625,2.212890625,3.19921875,-8.67578125,13.453125
7149955315000,2.998046875,-4.404296875,2.2421875,4.109375,-8.0703125,13.99609375
7149960156000,3.134765625,-3.873046875,2.2265625,4.109375,-8.171875,13.80859375
7149967643000,3.345703125,-2.947265625,2.0859375,6.16015625,-7.01171875,13.78125
7149975132000,3.56640625,-1.904296875,1.85546875,7.7890625,-5.9453125,12.9453125
7149982682000,3.71484375,-0.890625,1.58203125,9.10546875,-3.49609375,10.60546875
7149987631000,3.72265625,-0.240234375,1.390625,9.09765625,-3.55859375,10.59765625
7149990294000,3.6953125,0.08203125,1.291015625,9.3359375,-2.75390625,9.7109375
7149992484000,3.642578125,0.396484375,1.185546875,9.5,-1.90625,8.9140625
7149995223000,3.552734375,0.71484375,1.072265625,9.921875,-1.05859375,8.0859375
7149997794000,3.44140625,1.021484375,0.9609375,10.44140625,-0.171875,7.140625
7150000122000,3.3125,1.349609375,0.85546875,10.44140625,-0.1875,7.1796875
7150002708000,3.146484375,1.67578125,0.75,10.87109375,0.5546875,6.1640625
7150005063000,2.990234375,1.998046875,0.611328125,11.11328125,1.140625,5.06640625
7150007740000,2.84765625,2.3203125,0.490234375,11.10546875,1.1328125,5.12890625
7150010105000,2.71875,2.66015625,0.3203125,11.125,1.47265625,3.91796875
7150015085000,2.505859375,3.337890625,-0.04296875,11.109375,1.46484375,4.07421875
7150017868000,2.42578125,3.671875,-0.23828125,10.88671875,2.140625,1.30859375
7150025257000,2.162109375,4.650390625,-0.841796875,10.4921875,2.68359375,-0.03515625
7150030130000,2.01953125,5.201171875,-1.263671875,9.05078125,3.7890625,-3.74609375
7150039213000,1.8828125,5.71484375,-1.9375,6.71484375,4.9375,-7.26171875
7150042496000,1.80859375,5.744140625,-2.390625,6.015625,5.58984375,-9.09375
7150045075000,1.791015625,5.716796875,-2.603515625,5.37890625,5.99609375,-10.8515625
7150050061000,1.646484375,5.58203125,-2.986328125,5.33203125,6.15234375,-10.578125
7150052622000,1.515625,5.462890625,-3.11328125,4.87109375,6.37109375,-12.0078125
7150054985000,1.3359375,5.345703125,-3.228515625,4.68359375,6.52734375,-12.90625
7150057697000,1.072265625,5.208984375,-3.310546875,4.4140625,6.58203125,-13.55078125
7150060047000,0.791015625,5.052734375,-3.376953125,4.09375,6.5625,-14.4765625
7150065936000,0.15625,4.787109375,-3.408203125,3.4609375,6.3359375,-15.50390625
7150072704000,-0.626953125,4.513671875,-3.38671875,1.4453125,5.58203125,-18.66015625
7150081608000,-1.19140625,4.072265625,-3.376953125,-0.00390625,4.3203125,-20.171875
7150084957000,-1.59765625,3.548828125,-3.37109375,-0.80859375,3.84375,-19.76953125
7150087502000,-1.830078125,3.26171875,-3.35546875,-1.6171875,3.41796875,-19.453125
7150089907000,-2.0390625,2.978515625,-3.330078125,-1.65625,3.48046875,-19.3828125
7150092527000,-2.2265625,2.69921875,-3.296875,-2.47265625,3.02734375,-19.3046875
7150094871000,-2.365234375,2.421875,-3.2421875,-3.1640625,2.58984375,-19.296875
7150099802000,-2.52734375,1.798828125,-3.099609375,-3.2109375,2.67578125,-19.203125
7150102408000,-2.5546875,1.45703125,-3.025390625,-3.68359375,2.20703125,-19.05859375
7150104967000,-2.56640625,1.08203125,-2.935546875,-4.28515625,1.83203125,-18.5703125
7150107388000,-2.544921875,0.70703125,-2.822265625,-4.30078125,1.87109375,-18.546875
7150109968000,-2.54296875,0.328125,-2.712890625,-4.82421875,1.6640625,-17.4375
7150112547000,-2.54296875,-0.0390625,-2.58984375,-4.83203125,1.6875,-17.421875
7150114746000,-2.57421875,-0.38671875,-2.470703125,-5.0625,1.56640625,-16.0234375
7150117533000,-2.62109375,-0.744140625,-2.322265625,-5.16796875,1.6640625,-14.4921875
7150119812000,-2.705078125,-1.05859375,-2.177734375,-4.9765625,1.71875,-12.83203125
7150127328000,-3.060546875,-1.904296875,-1.765625,-4.73828125,1.0703125,-9.59375
7150132291000,-3.259765625,-2.384765625,-1.525390625,-4.7734375,0.3984375,-8.00390625
7150144014000,-3.40625,-3.19140625,-1.04296875,-4.796875,-1.7578125,-3.8359375
7150147293000,-3.404296875,-3.5703125,-0.78515625,-4.734375,-1.7734375,-3.9609375
7150149875000,-3.357421875,-3.724609375,-0.65625,-4.63671875,-2.54296875,-2.66015625
7150152250000,-3.318359375,-3.89453125,-0.51953125,-4.6171875,-3.30859375,-1.3515625
7150154717000,-3.255859375,-4.05859375,-0.388671875,-4.5859375,-3.33203125,-1.4375
7150157454000,-3.1640625,-4.228515625,-0.236328125,-4.48828125,-4.07421875,0.06640625
7150159713000,-3.052734375,-4.3671875,-0.099609375,-4.25,-4.87109375,1.6953125
7150162338000,-2.93359375,-4.498046875,0.04296875,-3.9140625,-5.5859375,3.3203125
7150167140000,-2.599609375,-4.669921875,0.3125,-3.84375,-5.640625,3.1171875
7150169742000,-2.369140625,-4.740234375,0.412109375,-3.546875,-6.3515625,4.51953125
7150172102000,-2.14453125,-4.798828125,0.537109375,-3.35546875,-7.0546875,5.6796875
7150174766000,-1.875,-4.84765625,0.65625,-3.31640625,-7.0859375,5.5625
7150177262000,-1.607421875,-4.921875,0.748046875,-2.9375,-8.29296875,7.6953125
7150179674000,-1.3203125,-4.98046875,0.8515625,-2.8984375,-8.31640625,7.5859375
7150182193000,-1.029296875,-5.04296875,0.953125,-2.5625,-8.875,8.25390625
7150184567000,-0.728515625,-5.103515625,1.0546875,-2.53125,-8.90625,8.12890625
7150187087000,-0.4296875,-5.162109375,1.16015625,-2.14453125,-9.33984375,8.59375
7150189690000,-0.1328125,-5.236328125,1.255859375,-1.875,-9.5703125,9.06640625
7150194655000,0.421875,-5.4296875,1.45703125,-1.8125,-9.625,8.81640625
7150197486000,0.6953125,-5.55078125,1.568359375,-1.03125,-9.78125,9.72265625
7150202952000,1.2109375,-5.765625,1.796875,-0.3515625,-9.83984375,10.078125
7150210624000,1.865234375,-5.962890625,2.15625,0.8046875,-9.859375,11.02734375
7150218705000,2.4921875,-5.943359375,2.494140625,2.546875,-9.4609375,11.859375
7150222110000,2.828125,-5.826171875,2.673828125,3.484375,-9.3671875,11.87890625
7150224597000,2.974609375,-5.74609375,2.720703125,4.60546875,-9.1015625,11.82421875
7150229510000,3.302734375,-5.50390625,2.779296875,4.60546875,-9.234375,11.55859375
7150232142000,3.46484375,-5.34375,2.78515625,5.46875,-8.89453125,11.234375
7150234661000,3.6484375,-5.15234375,2.75390625,6.16796875,-8.50390625,10.83984375
7150237006000,3.802734375,-4.9453125,2.703125,6.75390625,-7.97265625,10.3671875
7150239632000,3.962890625,-4.724609375,2.6484375,7.1953125,-7.21484375,9.84765625
7150244608000,4.25,-4.263671875,2.4296875,7.578125,-6.46875,9.21484375
7150253693000,4.626953125,-3.4765625,1.986328125,8.46875,-4.5859375,7.73828125
7150261569000,4.970703125,-2.599609375,1.404296875,9.109375,-2.1640625,6.1015625
7150264580000,5.126953125,-2.048828125,0.970703125,9.2578125,-0.94140625,5.296875
7150267019000,5.20703125,-1.763671875,0.7265625,9.546875,0.28515625,4.4609375
7150269446000,5.234375,-1.501953125,0.474609375,9.5390625,0.25390625,4.4375
7150271914000,5.2265625,-1.228515625,0.1953125,10.01171875,1.45703125,3.5390625
7150276923000,5.1484375,-0.66796875,-0.34765625,10.34765625,2.640625,2.66015625
7150279573000,5.05078125,-0.35546875,-0.619140625,10.53125,3.58203125,1.671875
7150284382000,4.775390625,0.251953125,-1.212890625,10.59375,4.3828125,0.765625
7150292001000,4.201171875,1.26953125,-2.080078125,9.91015625,5.74609375,-1.4296875
7150299429000,3.564453125,2.28125,-2.935546875,8.51171875,5.90234375,-3.51953125
7150304338000,3.083984375,2.873046875,-3.45703125,8.53515625,6.04296875,-3.38671875
7150307062000,2.810546875,3.1640625,-3.689453125,7.90625,6.1875,-4.23828125
7150309532000,2.515625,3.498046875,-3.845703125,7.5,6.29296875,-4.9375
7150311822000,2.208984375,3.83984375,-4.001953125,7.5078125,6.37890625,-4.84375
7150314419000,1.8671875,4.21875,-4.13671875,7.09375,6.2578125,-5.30859375
7150316930000,1.521484375,4.59375,-4.240234375,6.6796875,6.0,-5.83203125
7150319460000,1.142578125,4.96875,-4.2734375,6.0234375,5.54296875,-6.35546875
7150326899000,-0.013671875,6.20703125,-4.287109375,5.140625,4.37890625,-8.078125
7150331862000,-0.701171875,7.1953125,-4.20703125,4.08984375,3.75,-8.859375
7150343716000,-1.86328125,8.615234375,-4.005859375,0.87890625,2.09765625,-13.140625
7150346852000,-2.380859375,8.9921875,-3.875,0.109375,1.6953125,-14.4296875
7150349201000,-2.62109375,9.083984375,-3.796875,-0.80859375,1.3984375,-15.59765625
7150351833000,-2.837890625,9.06640625,-3.724609375,-0.85546875,1.4765625,-15.36328125
7150354115000,-3.056640625,8.947265625,-3.634765625,-1.859375,1.17578125,-16.51171875
7150359287000,-3.408203125,8.3125,-3.44921875,-1.984375,1.30859375,-16.07421875
7150366790000,-3.8046875,6.552734375,-3.03125,-4.1796875,1.06640625,-17.34765625
7150370968000,-3.876953125,5.84765625,-2.84375,-5.95703125,1.2578125,-17.40625
7150381518000,-3.90625,2.322265625,-1.66796875,-5.94921875,1.39453125,-14.14453125
7150386491000,-3.95703125,1.15234375,-1.150390625,-5.99609375,1.37890625,-14.04296875
7150389229000,-4.013671875,0.64453125,-0.912109375,-5.51171875,1.3359375,-12.5234375
7150391750000,-4.05859375,0.197265625,-0.681640625,-5.21484375,1.33984375,-11.06640625
7150394025000,-4.10546875,-0.189453125,-0.484375,-5.21484375,1.30859375,-11.05078125
7150396638000,-4.14453125,-0.517578125,-0.302734375,-5.48046875,1.203125,-9.4609375
7150399272000,-4.126953125,-0.818359375,-0.15625,-5.47265625,1.1640625,-9.4609375
7150401659000,-4.09375,-1.109375,-0.046875,-5.953125,0.81640625,-8.66015625
7150404215000,-4.015625,-1.37890625,0.029296875,-5.87109375,0.3125,-7.3828125
7150406490000,-3.974609375,-1.67578125,0.09765625,-5.85546875,0.2734375,-7.40625
7150409072000,-3.9609375,-1.96484375,0.16015625,-5.5546875,-0.34765625,-6.15625
7150411700000,-3.93359375,-2.275390625,0.224609375,-5.125,-1.06640625,-5.11328125
7150414121000,-3.890625,-2.58203125,0.3125,-5.09375,-1.10546875,-5.16015625
7150417983000,-3.8671875,-2.853515625,0.396484375,-4.73828125,-1.95703125,-4.28515625
7150424269000,-3.6328125,-3.619140625,0.798828125,-5.02734375,-3.84765625,-3.21484375
7150429076000,-3.2578125,-4.19921875,1.123046875,-5.26171875,-4.8984375,-2.61328125
7150438255000,-2.5,-5.166015625,1.689453125,-5.22265625,-6.62109375,-1.140625
7150441543000,-1.87109375,-5.826171875,2.0703125,-5.04296875,-7.30859375,-0.5234375
7150444101000,-1.552734375,-6.150390625,2.251953125,-4.62109375,-7.6875,0.3828125
7150448885000,-0.888671875,-6.748046875,2.599609375,-4.54296875,-7.8125,0.078125
7150451649000,-0.564453125,-7.0,2.75390625,-3.875,-8.0,0.96875
7150454009000,-0.26171875,-7.21484375,2.890625,-3.18359375,-8.05078125,1.93359375
7150456499000,0.005859375,-7.3828125,3.02734375,-2.453125,-7.88671875,2.9609375
7150458931000,0.279296875,-7.474609375,3.119140625,-1.7109375,-7.53125,4.13671875
7150465022000,0.693359375,-7.466796875,3.263671875,-0.76953125,-7.28515625,5.0546875
7150471446000,1.08203125,-7.146484375,3.294921875,0.30078125,-6.47265625,7.1171875
7150480490000,1.291015625,-6.529296875,3.189453125,1.50390625,-5.859375,8.375
7150483943000,1.357421875,-5.9453125,3.083984375,2.07421875,-5.66015625,8.8203125
7150486646000,1.373046875,-5.6171875,3.017578125,2.62890625,-5.3359375,9.359375
7150488970000,1.3671875,-5.2734375,2.94921875,2.62109375,-5.40625,9.234375
7150491250000,1.36328125,-4.90625,2.87890625,3.07421875,-5.06640625,9.6875
7150494070000,1.35546875,-4.54296875,2.794921875,3.546875,-4.65625,9.984375
7150498838000,1.3359375,-3.8203125,2.658203125,3.5234375,-4.7890625,9.7890625
7150503977000,1.333984375,-3.126953125,2.48828125,4.49609375,-3.96484375,10.1015625
7150511280000,1.427734375,-2.154296875,2.263671875,5.5234375,-3.17578125,9.94921875
7150518856000,1.537109375,-1.30859375,2.021484375,7.01953125,-2.28515625,9.60546875
7150521338000,1.5703125,-1.013671875,1.919921875,7.80859375,-2.0078125,9.171875
7150526266000,1.658203125,-0.41796875,1.716796875,7.78515625,-2.1015625,9.15625
7150528860000,1.703125,-0.10546875,1.5703125,8.3515625,-1.6328125,8.828125
7150531439000,1.755859375,0.220703125,1.421875,8.80078125,-1.2109375,8.3984375
7150533804000,1.78515625,0.55078125,1.25,8.79296875,-1.2421875,8.4140625
7150536407000,1.798828125,0.90234375,1.04296875,9.16796875,-0.8828125,7.984375
7150538759000,1.806640625,1.267578125,0.83984375,9.2734375,-0.39453125,7.44921875
7150541298000,1.7890625,1.673828125,0.583984375,9.34375,0.19140625,6.90234375
7150546279000,1.69921875,2.470703125,0.09375,9.3515625,0.16015625,7.01953125
7150548880000,1.638671875,2.865234375,-0.138671875,9.38671875,0.6484375,6.46484375
7150551185000,1.5390625,3.27734375,-0.380859375,9.34765625,0.9453125,5.7890625
7150553723000,1.4296875,3.689453125,-0.59765625,9.35546875,0.953125,5.8828125
7150556424000,1.302734375,4.107421875,-0.806640625,9.3828125,1.21484375,5.15234375
7150558847000,1.169921875,4.52734375,-1.001953125,9.4765625,1.46875,4.33203125
7150561227000,1.03515625,4.9609375,-1.185546875,9.63671875,1.6875,3.5
7150566128000,0.73046875,5.841796875,-1.5,9.65234375,1.7578125,3.7578125
7150569268000,0.572265625,6.263671875,-1.64453125,9.62109375,2.05078125,3.046875
7150571100000,0.40234375,6.666015625,-1.775390625,9.41015625,2.140625,2.3671875
7150573564000,0.25390625,7.03125,-1.90234375,9.41796875,2.1875,2.5390625
7150576178000,0.123046875,7.349609375,-2.03515625,8.47265625,1.890625,0.11328125
7150578676000,0.013671875,7.59765625,-2.14453125,8.46484375,1.9375,0.28515625
7150581204000,-0.06640625,7.82421875,-2.24609375,7.91015625,1.80859375,-1.0
7150583690000,-0.107421875,8.0390625,-2.35546875,6.8671875,1.82421875,-2.4296875
7150586226000,-0.115234375,8.21875,-2.47265625,6.8515625,1.87890625,-2.25
7150588753000,-0.068359375,8.3671875,-2.544921875,5.3359375,2.046875,-4.0703125
7150593720000,0.21875,8.439453125,-2.7890625,5.28125,2.171875,-3.671875
7150596410000,0.41015625,8.34375,-2.90625,2.08203125,2.4609375,-7.3515625
7150601803000,0.884765625,7.732421875,-3.10546875,0.70703125,2.66015625,-8.7890625
7150609602000,1.69921875,6.158203125,-3.328125,-0.71875,2.83203125,-10.015625
7150617768000,2.21875,4.41015625,-3.23828125,-0.41796875,2.86328125,-9.91796875
7150621025000,2.3125,3.384765625,-2.97265625,-0.5390625,2.9375,-10.515625
7150623572000,2.3125,2.92578125,-2.8359375,-0.8125,2.859375,-11.15625
7150628579000,2.140625,2.140625,-2.47265625,-0.8515625,3.0234375,-11.0390625
7150631031000,1.974609375,1.828125,-2.314453125,-1.1640625,2.9609375,-11.36328125
7150633405000,1.771484375,1.58203125,-2.173828125,-1.703125,2.70703125,-11.95703125
7150636158000,1.583984375,1.357421875,-2.05078125,-2.546875,2.30078125,-12.828125
7150638572000,1.388671875,1.14453125,-1.9765625,-3.4140625,1.921875,-13.58203125
7150643512000,0.990234375,0.69140625,-1.896484375,-4.00390625,1.65625,-14.03125
7150652505000,0.427734375,-0.060546875,-1.796875,-4.61328125,1.05859375,-14.53515625
7150660376000,-0.0546875,-0.8125,-1.5859375,-5.4296875,0.6796875,-14.078125
7150663532000,-0.330078125,-1.359375,-1.361328125,-5.734375,0.15625,-13.6171875
7150666040000,-0.46875,-1.64453125,-1.244140625,-6.22265625,-0.23828125,-13.015625
7150668403000,-0.583984375,-1.951171875,-1.09765625,-6.20703125,-0.21484375,-13.0546875
7150671081000,-0.685546875,-2.251953125,-0.978515625,-6.59765625,-0.4609375,-12.36328125
7150675964000,-0.8125,-2.8984375,-0.666015625,-6.55078125,-0.4375,-12.48046875
7150678389000,-0.8515625,-3.220703125,-0.53125,-6.7265625,-0.79296875,-11.7109375
7150680920000,-0.861328125,-3.51953125,-0.345703125,-6.6484375,-1.21484375,-10.8046875
7150683491000,-0.90234375,-3.8203125,-0.173828125,-6.46484375,-1.546875,-9.68359375
7150685822000,-0.9140625,-4.140625,0.013671875,-6.42578125,-1.5546875,-9.76171875
7150688473000,-0.9296875,-4.4375,0.189453125,-6.25,-1.87890625,-8.47265625
7150690971000,-0.92578125,-4.712890625,0.380859375,-6.203125,-1.89453125,-8.57421875
7150693393000,-0.919921875,-4.9765625,0.5625,-5.90625,-2.1875,-7.3515625
7150695979000,-0.890625,-5.193359375,0.73828125,-5.60546875,-2.38671875,-6.05078125
7150698330000,-0.88671875,-5.38671875,0.91015625,-5.14453125,-2.62890625,-4.69140625
7150703383000,-0.8125,-5.6953125,1.21875,-5.06640625,-2.69921875,-4.94921875
7150705929000,-0.796875,-5.8046875,1.36328125,-4.54296875,-2.94921875,-3.6015625
7150708320000,-0.779296875,-5.88671875,1.482421875,-4.08203125,-3.16015625,-2.2734375
7150710770000,-0.76171875,-5.958984375,1.611328125,-4.04296875,-3.19921875,-2.40625
7150713412000,-0.751953125,-6.01171875,1.724609375,-3.4921875,-3.3046875,-1.18359375
7150715914000,-0.734375,-6.015625,1.8203125,-3.03125,-3.42578125,-0.05859375
7150718235000,-0.7109375,-6.0078125,1.9140625,-2.5859375,-3.5234375,1.03125
7150725836000,-0.625,-5.83984375,2.11328125,-1.64453125,-3.70703125,2.76953125
7150733317000,-0.53515625,-5.54296875,2.20703125,-1.22265625,-3.86328125,3.3984375
7150741055000,-0.4296875,-5.158203125,2.2265625,0.08984375,-3.73046875,5.66015625
7150745740000,-0.37109375,-4.84765625,2.181640625,0.55859375,-3.6953125,6.21484375
7150748394000,-0.330078125,-4.671875,2.1640625,1.0546875,-3.60546875,6.890625
7150750805000,-0.279296875,-4.505859375,2.1328125,1.046875,-3.65234375,6.78125
7150753212000,-0.25,-4.306640625,2.099609375,1.57421875,-3.609375,7.23828125
7150755900000,-0.20703125,-4.109375,2.052734375,2.0546875,-3.62890625,7.58984375
7150760776000,-0.1328125,-3.673828125,1.978515625,2.046875,-3.72265625,7.40234375
7150763025000,-0.087890625,-3.4453125,1.935546875,2.421875,-3.71875,7.8046875
7150765781000,-0.02734375,-3.23828125,1.8984375,2.75,-3.73046875,8.0625
7150768341000,-0.0078125,-3.009765625,1.85546875,2.7421875,-3.78515625,7.9921875
7150770702000,0.04296875,-2.814453125,1.8046875,3.109375,-3.765625,8.28515625
7150773200000,0.072265625,-2.587890625,1.767578125,3.1015625,-3.8125,8.21484375
7150775791000,0.1015625,-2.390625,1.736328125,3.83203125,-3.70703125,8.5625
7150781645000,0.173828125,-1.9921875,1.685546875,4.19140625,-3.74609375,8.56640625
7150788200000,0.298828125,-1.439453125,1.6484375,4.97265625,-3.73046875,8.6796875
7150797381000,0.37890625,-0.896484375,1.654296875,5.88671875,-3.5,8.73046875
7150800551000,0.423828125,-0.50390625,1.67578125,5.87890625,-3.5859375,8.69921875
7150803037000,0.41796875,-0.3046875,1.666015625,6.3515625,-3.39453125,8.66015625
7150805624000,0.41015625,-0.076171875,1.673828125,6.74609375,-3.0703125,8.4609375
7150808110000,0.392578125,0.150390625,1.681640625,6.74609375,-3.1171875,8.46875
7150810622000,0.373046875,0.388671875,1.658203125,7.046875,-2.7265625,8.140625
7150813152000,0.35546875,0.62109375,1.658203125,7.2578125,-2.390625,7.78515625
7150815724000,0.337890625,0.853515625,1.638671875,7.47265625,-2.11328125,7.53125
7150818039000,0.31640625,1.09375,1.615234375,7.46484375,-2.15234375,7.5546875
7150820548000,0.296875,1.314453125,1.58203125,7.69140625,-1.73046875,7.25
7150823128000,0.30078125,1.556640625,1.5390625,7.68359375,-1.75390625,7.28125
7150825627000,0.2890625,1.77734375,1.50390625,7.91796875,-1.3359375,6.859375
7150828245000,0.30078125,1.990234375,1.44921875,8.15625,-0.9921875,6.484375
7150830608000,0.30078125,2.1875,1.388671875,8.15625,-1.0234375,6.5390625
7150833041000,0.333984375,2.40234375,1.31640625,8.4453125,-0.70703125,6.078125
7150835422000,0.349609375,2.58984375,1.236328125,8.6171875,-0.3359375,5.52734375
7150838067000,0.388671875,2.79296875,1.130859375,8.65625,0.0703125,4.796875
7150840589000,0.43359375,2.990234375,1.04296875,8.65625,0.0390625,4.875
7150842939000,0.5234375,3.16796875,0.890625,8.390625,0.4375,3.99609375
7150848111000,0.68359375,3.46484375,0.595703125,8.390625,0.390625,4.16796875
7150850465000,0.80078125,3.572265625,0.4296875,8.0625,0.79296875,2.96484375
7150853069000,0.943359375,3.6328125,0.240234375,7.5546875,1.23046875,1.8984375
7150855371000,1.103515625,3.65234375,0.046875,6.85546875,1.58203125,0.77734375
7150857912000,1.2734375,3.62109375,-0.15234375,6.2734375,1.91015625,-0.171875
7150860664000,1.44921875,3.5625,-0.359375,6.2734375,1.92578125,-0.078125
7150862966000,1.62109375,3.458984375,-0.57421875,5.84375,2.19140625,-0.875
7150865500000,1.796875,3.33984375,-0.78125,5.48828125,2.5234375,-1.546875
7150868099000,1.94921875,3.1953125,-0.9609375,5.48828125,2.546875,-1.453125
7150870375000,2.119140625,3.080078125,-1.16015625,5.19140625,2.921875,-2.16015625
7150875473000,2.37890625,2.845703125,-1.51171875,5.19921875,2.9921875,-1.98828125
7150882809000,2.681640625,2.560546875,-1.978515625,4.125,3.96484375,-3.53515625
7235601382000,-2.7109375,-2.912109375,1.33984375,-2.5390625,-7.2578125,11.75390625
7235603748000,-2.640625,-2.89453125,1.5625,-2.53125,-7.296875,11.68359375
7235606255000,-2.5625,-2.861328125,1.7578125,-2.06640625,-7.984375,12.84765625
7235608575000,-2.447265625,-2.841796875,1.98828125,-1.55078125,-8.32421875,13.97265625
7235611135000,-2.2890625,-2.79296875,2.203125,-1.54296875,-8.38671875,13.91015625
7235613734000,-2.08203125,-2.7578125,2.41796875,-1.0,-8.4375,14.8828125
7235616037000,-1.8515625,-2.69921875,2.623046875,-0.984375,-8.5,14.828125
7235618744000,-1.583984375,-2.6328125,2.822265625,-0.37109375,-8.2265625,15.7734375
7235621262000,-1.283203125,-2.580078125,3.0,0.1640625,-7.87109375,16.84375
7235626300000,-0.619140625,-2.4140625,3.279296875,0.171875,-8.02734375,16.71875
7235630447000,-0.251953125,-2.34375,3.376953125,1.109375,-7.015625,18.63671875
7235638282000,0.8671875,-1.873046875,3.462890625,2.44140625,-5.98046875,19.66796875
7235646046000,2.376953125,-1.046875,3.220703125,3.0625,-5.546875,19.6953125
7235648557000,2.740234375,-0.822265625,3.11328125,4.01171875,-3.86328125,19.13671875
7235653649000,3.466796875,-0.40234375,2.80078125,3.99609375,-3.99609375,19.12890625
7235656466000,3.8203125,-0.2265625,2.626953125,4.3046875,-3.0546875,18.29296875
7235658541000,4.16796875,-0.08984375,2.4296875,4.48046875,-2.0859375,17.20703125
7235661094000,4.4921875,0.001953125,2.23046875,4.55859375,-1.26171875,16.01953125
7235663444000,4.83203125,0.07421875,2.009765625,4.59765625,-0.5234375,14.94921875
7235666064000,5.130859375,0.1171875,1.796875,4.58984375,-0.5546875,14.97265625
7235668505000,5.419921875,0.154296875,1.548828125,4.6328125,-0.0703125,13.95703125
7235671019000,5.708984375,0.185546875,1.318359375,5.1015625,-0.03515625,12.88671875
7235673547000,6.015625,0.23828125,1.08984375,5.09375,-0.05078125,12.92578125
7235675921000,6.3046875,0.333984375,0.88671875,5.54296875,-0.1171875,11.89453125
7235678561000,6.591796875,0.41796875,0.66796875,5.54296875,-0.125,11.91796875
7235681094000,6.84765625,0.498046875,0.482421875,6.1875,0.1328125,10.69921875
7235683384000,7.0390625,0.615234375,0.2890625,6.70703125,0.4765625,9.453125
7235685993000,7.205078125,0.73828125,0.0859375,6.70703125,0.4921875,9.5
7235688445000,7.30078125,0.8515625,-0.099609375,7.08203125,1.0234375,8.16015625
7235690966000,7.330078125,0.998046875,-0.28515625,7.59765625,1.74609375,6.60546875
7235693389000,7.271484375,1.17578125,-0.484375,7.59765625,1.77734375,6.66015625
7235695809000,7.10546875,1.404296875,-0.6640625,7.59765625,1.80859375,6.71484375
7235698482000,6.85546875,1.658203125,-0.87890625,8.0390625,2.4765625,5.21484375
7235701075000,6.53125,1.953125,-1.087890625,8.36328125,2.8671875,3.37890625
7235703444000,6.15234375,2.27734375,-1.30859375,8.84765625,2.8984375,1.09375
7235708357000,5.240234375,3.05078125,-1.775390625,9.203125,2.6875,-1.5078125
7235715817000,3.533203125,4.224609375,-2.443359375,8.64453125,2.07421875,-8.26171875
7235723399000,1.380859375,5.056640625,-3.0703125,6.64453125,1.59765625,-14.734375
7235728242000,0.625,5.267578125,-3.26953125,5.7109375,0.8515625,-18.13671875
7235731180000,-0.677734375,5.5625,-3.685546875,4.8359375,-0.1015625,-21.59375
7235735783000,-1.603515625,5.609375,-4.00390625,4.7734375,0.0625,-21.3359375
7235738620000,-1.96875,5.46484375,-4.1015625,3.84375,-0.74609375,-24.38671875
7235740904000,-2.26953125,5.181640625,-4.162109375,2.80859375,-1.2109375,-26.95703125
7235743424000,-2.490234375,4.728515625,-4.12890625,1.41796875,-1.8515625,-28.87109375
7235750824000,-2.66015625,2.9765625,-3.76171875,1.1640625,-2.44140625,-30.2890625
7235758387000,-2.396484375,1.423828125,-3.080078125,0.6953125,-3.15234375,-30.08203125
7235765764000,-2.140625,-0.224609375,-2.34765625,-1.38671875,-0.62890625,-24.64453125
7235770661000,-2.04296875,-1.15625,-2.0,-1.37890625,-0.57421875,-24.67578125
7235773189000,-2.02734375,-1.51171875,-1.8828125,-1.58203125,0.125,-19.7265625
7235775674000,-2.04296875,-1.8046875,-1.7890625,-1.56640625,0.1484375,-19.765625
7235778193000,-2.0859375,-1.990234375,-1.744140625,-1.55078125,0.1640625,-19.796875
7235780771000,-2.185546875,-2.130859375,-1.685546875,-1.24609375,0.16796875,-17.0
7235783347000,-2.30078125,-2.228515625,-1.65234375,-1.16796875,0.18359375,-14.203125
7235785791000,-2.490234375,-2.2578125,-1.62109375,-1.49609375,0.2578125,-11.4140625
7235790637000,-2.96875,-2.1875,-1.578125,-1.46484375,0.2890625,-11.5078125
7235793572000,-3.228515625,-2.09765625,-1.56640625,-1.91015625,0.34375,-9.234375
7235795651000,-3.490234375,-2.03125,-1.52734375,-2.375,0.0859375,-7.3125
7235798321000,-3.775390625,-1.9453125,-1.49609375,-2.3671875,0.1015625,-7.3515625
7235800540000,-4.04296875,-1.87890625,-1.435546875,-3.05859375,-1.125,-3.9921875
7235803234000,-4.291015625,-1.8359375,-1.353515625,-3.05078125,-1.125,-4.03125
7235805560000,-4.52734375,-1.802734375,-1.26953125,-3.2734375,-1.984375,-2.5390625
7235813065000,-4.9921875,-1.8359375,-0.919921875,-4.1171875,-3.421875,-0.0546875
7235818505000,-5.0859375,-1.939453125,-0.646484375,-4.6015625,-4.09375,1.20703125
7235825582000,-4.90625,-2.14453125,-0.181640625,-5.1953125,-5.1171875,4.9609375
7235829957000,-4.78125,-2.232421875,-0.009765625,-5.19921875,-5.953125,7.0234375
7235833056000,-4.373046875,-2.359375,0.341796875,-4.96484375,-6.8671875,9.02734375
7235835592000,-4.07421875,-2.38671875,0.54296875,-4.62890625,-7.52734375,10.828125
7235838103000,-3.724609375,-2.421875,0.751953125,-4.61328125,-7.56640625,10.765625
7235841893000,-3.322265625,-2.43359375,0.966796875,-4.26171875,-7.890625,12.37890625
7235845423000,-2.38671875,-2.498046875,1.4609375,-4.23046875,-7.9765625,12.26171875
7235848053000,-1.8671875,-2.537109375,1.712890625,-3.8515625,-8.18359375,13.48046875
7235850592000,-1.330078125,-2.59765625,1.95703125,-3.625,-8.125,14.43359375
7235853267000,-0.78125,-2.6640625,2.201171875,-3.6171875,-8.1875,14.36328125
7235855506000,-0.271484375,-2.708984375,2.40625,-3.41015625,-7.83984375,15.3046875
7235857831000,0.22265625,-2.767578125,2.603515625,-3.2109375,-7.4140625,16.1015625
7235860520000,0.6640625,-2.8125,2.78125,-3.13671875,-7.11328125,17.0390625
7235862952000,1.0625,-2.876953125,2.90625,-2.8828125,-6.9296875,17.78125
7235869203000,1.748046875,-2.8984375,3.078125,-2.3984375,-6.9921875,18.43359375
7235876913000,2.5859375,-2.658203125,3.1640625,-0.9375,-7.1796875,19.37890625
7235883048000,3.353515625,-2.328125,3.173828125,0.23828125,-6.3671875,19.1953125
7235887975000,3.87109375,-2.162109375,3.150390625,0.75390625,-5.70703125,18.69921875
7235890528000,4.12109375,-2.1015625,3.138671875,1.4453125,-4.9375,18.015625
7235892936000,4.412109375,-2.01953125,3.107421875,1.4453125,-5.0,17.9765625
7235895378000,4.701171875,-1.88671875,3.06640625,1.4453125,-5.0625,17.9453125
7235897898000,4.974609375,-1.75390625,3.04296875,2.5859375,-4.38671875,17.1484375
7235900433000,5.25390625,-1.626953125,2.97265625,3.609375,-3.95703125,16.1796875
7235902997000,5.556640625,-1.56640625,2.8828125,4.42578125,-3.5703125,14.79296875
7235908047000,6.263671875,-1.474609375,2.65234375,4.41015625,-3.671875,14.76171875
7235910845000,6.685546875,-1.427734375,2.486328125,5.109375,-3.078125,13.1484375
7235912925000,7.130859375,-1.404296875,2.314453125,5.45703125,-2.16796875,11.6484375
7235915350000,7.5703125,-1.349609375,2.115234375,5.45703125,-2.19140625,11.6484375
7235917923000,7.939453125,-1.30078125,1.89453125,5.61328125,-1.25390625,10.421875
7235920223000,8.310546875,-1.271484375,1.66015625,5.79296875,-0.2734375,9.3203125
7235922752000,8.6015625,-1.24609375,1.439453125,6.25390625,0.734375,8.19921875
7235930350000,8.93359375,-1.05078125,0.720703125,7.4140625,2.41796875,5.93359375
7235935337000,8.64453125,-0.81640625,0.21484375,7.68359375,2.90234375,4.82421875
7235947445000,7.08203125,0.115234375,-0.8359375,9.23046875,3.828125,1.0234375
7235950270000,5.837890625,0.818359375,-1.359375,9.2578125,3.94140625,-0.70703125
7235952754000,5.150390625,1.224609375,-1.609375,9.203125,3.59375,-2.515625
7235955215000,4.365234375,1.63671875,-1.841796875,9.203125,3.6484375,-2.46875
7235957816000,3.556640625,2.0703125,-2.0703125,9.203125,3.71875,-2.40625
7235960264000,2.677734375,2.544921875,-2.28125,9.26171875,3.27734375,-4.28515625
7235962811000,1.775390625,3.091796875,-2.5,9.43359375,2.77734375,-6.29296875
7235970330000,-0.7734375,4.810546875,-3.10546875,9.3359375,2.08203125,-8.58203125
7235974791000,-1.458984375,5.29296875,-3.28515625,8.65234375,-0.08203125,-15.8515625
7235985360000,-2.98828125,6.09765625,-4.162109375,5.4375,-3.4296875,-28.39453125
7235990177000,-2.869140625,5.517578125,-4.375,5.3671875,-3.2734375,-28.12890625
7235992615000,-2.732421875,5.05859375,-4.41015625,4.1328125,-4.1328125,-31.4765625
7235995202000,-2.5703125,4.4921875,-4.4296875,3.125,-4.71875,-33.8046875
7235997785000,-2.39453125,3.78125,-4.357421875,3.09375,-4.6328125,-33.7109375
7236000027000,-2.181640625,2.953125,-4.240234375,1.55859375,-4.49609375,-35.46875
7236006037000,-1.78125,1.400390625,-3.86328125,0.97265625,-3.83203125,-34.37890625
7236012588000,-1.455078125,-0.6796875,-3.228515625,0.52734375,-2.27734375,-29.0078125
7236021898000,-1.728515625,-2.26171875,-2.640625,-0.50390625,-0.83203125,-21.12109375
7236024981000,-2.134765625,-2.8828125,-2.36328125,-0.46484375,-0.75390625,-21.23046875
7236027684000,-2.404296875,-3.05078125,-2.255859375,-1.07421875,-0.2421875,-17.3203125
7236030122000,-2.646484375,-3.08984375,-2.169921875,-1.40234375,-0.11328125,-14.0546875
7236032614000,-2.9296875,-3.091796875,-2.08984375,-1.37890625,-0.08203125,-14.125
7236035149000,-3.1796875,-3.0234375,-2.013671875,-1.56640625,-0.3359375,-11.09765625
7236037613000,-3.4609375,-2.912109375,-1.921875,-1.68359375,-0.859375,-8.171875
7236040109000,-3.708984375,-2.798828125,-1.84765625,-2.05078125,-1.6015625,-5.640625
7236044968000,-4.162109375,-2.494140625,-1.67578125,-2.01953125,-1.578125,-5.75
7236047463000,-4.349609375,-2.337890625,-1.5703125,-2.64453125,-2.19140625,-3.51953125
7236050036000,-4.494140625,-2.21484375,-1.439453125,-3.47265625,-2.71875,-1.609375
7236052755000,-4.587890625,-2.12109375,-1.30078125,-3.45703125,-2.7109375,-1.6484375
7236055012000,-4.666015625,-2.060546875,-1.119140625,-4.12890625,-3.34375,-0.05078125
7236057708000,-4.6953125,-2.037109375,-0.931640625,-4.62109375,-3.89453125,1.14453125
7236059980000,-4.68359375,-2.05859375,-0.732421875,-5.234375,-4.06640625,2.33984375
7236062509000,-4.638671875,-2.109375,-0.52734375,-5.75390625,-4.1015625,3.57421875
7236068623000,-4.46484375,-2.3125,-0.076171875,-5.89453125,-4.109375,5.01953125
7236076538000,-4.140625,-2.771484375,0.580078125,-5.578125,-4.30078125,7.5078125
7236084399000,-3.755859375,-3.29296875,1.1796875,-4.5,-5.0234375,11.01953125
7236087457000,-3.609375,-3.60546875,1.56640625,-3.93359375,-5.5390625,12.9609375
7236090081000,-3.546875,-3.708984375,1.7421875,-3.390625,-6.1171875,14.80859375
7236092522000,-3.490234375,-3.78515625,1.921875,-3.3671875,-6.171875,14.73046875
7236094924000,-3.421875,-3.826171875,2.1171875,-2.80859375,-6.7734375,16.4296875
7236099913000,-3.232421875,-3.78125,2.474609375,-2.77734375,-6.9140625,16.25
7236107361000,-2.58984375,-3.568359375,2.974609375,-1.76953125,-8.27734375,18.89453125
7236111659000,-2.2578125,-3.46875,3.119140625,-0.65234375,-8.8046875,20.734375
7236122452000,-0.103515625,-2.626953125,3.5234375,0.50390625,-8.87890625,22.1640625
7236124874000,0.392578125,-2.416015625,3.521484375,1.7109375,-7.9140625,23.1640625
7236127412000,0.939453125,-2.197265625,3.513671875,1.71875,-8.0,23.109375
7236129871000,1.517578125,-1.97265625,3.48828125,2.41796875,-7.1875,22.7734375
7236134927000,2.734375,-1.57421875,3.404296875,2.41015625,-7.3515625,22.6953125
7236137706000,3.369140625,-1.40625,3.3203125,3.01953125,-6.421875,21.83203125
7236139911000,3.978515625,-1.265625,3.203125,3.65234375,-5.34375,20.55078125
7236142444000,4.564453125,-1.125,3.072265625,4.4296875,-4.12109375,19.03125
7236149772000,5.994140625,-0.6875,2.544921875,5.0859375,-3.00390625,17.65625
7236154903000,6.6015625,-0.58984375,2.091796875,5.15625,-0.9453125,14.9921875
7236166552000,7.251953125,-0.27734375,1.078125,6.75390625,-0.07421875,10.953125
7236169805000,7.36328125,0.01953125,0.60546875,6.74609375,-0.09765625,11.015625
7236172091000,7.34375,0.224609375,0.384765625,8.8046875,0.875,8.1484375
7236174680000,7.271484375,0.45703125,0.17578125,8.8046875,0.8828125,8.1875
7236177084000,7.171875,0.697265625,-0.03125,8.8046875,0.8828125,8.2265625
7236179612000,7.017578125,0.97265625,-0.28515625,9.55078125,2.3046875,5.0546875
7236182313000,6.84765625,1.279296875,-0.52734375,9.55078125,2.328125,5.1171875
7236184716000,6.6640625,1.634765625,-0.814453125,9.8671875,2.49609375,3.11328125
7236187166000,6.4921875,1.994140625,-1.1171875,9.8671875,2.53515625,3.18359375
7236189528000,6.23828125,2.359375,-1.44921875,10.14453125,2.28515625,0.90625
7236192139000,5.974609375,2.751953125,-1.787109375,10.14453125,2.34765625,0.9921875
7236194824000,5.642578125,3.162109375,-2.142578125,10.34765625,2.046875,-1.48046875
7236197160000,5.265625,3.556640625,-2.4765625,10.33984375,2.1171875,-1.38671875
7236199811000,4.875,3.9609375,-2.783203125,9.36328125,0.96875,-7.43359375
7236205507000,3.982421875,4.71484375,-3.3515625,8.41015625,0.70703125,-10.28515625
7236212156000,2.3125,5.65625,-4.04296875,5.82421875,0.50390625,-15.23828125
7236221212000,0.46484375,5.978515625,-4.560546875,4.38671875,-0.203125,-20.1328125
7236224617000,-0.689453125,5.9921875,-4.84765625,4.31640625,0.0234375,-19.859375
7236227326000,-1.208984375,5.939453125,-4.955078125,4.1171875,-0.76953125,-22.22265625
7236229665000,-1.646484375,5.83984375,-5.025390625,4.09375,-1.73828125,-24.8359375
7236232186000,-2.013671875,5.6640625,-5.07421875,4.046875,-1.63671875,-24.6953125
7236234503000,-2.287109375,5.41015625,-5.1015625,3.8671875,-2.5859375,-27.39453125
7236236986000,-2.486328125,5.087890625,-5.111328125,3.6015625,-3.3671875,-29.90234375
7236239724000,-2.580078125,4.63671875,-5.060546875,2.9296875,-4.12890625,-31.7109375
7236244531000,-2.607421875,3.484375,-4.947265625,2.84375,-3.94921875,-31.5234375
7236246985000,-2.611328125,3.005859375,-4.857421875,2.9609375,-4.20703125,-32.5234375
7236249562000,-2.619140625,2.509765625,-4.7578125,2.8984375,-4.0546875,-31.99609375
7236252432000,-2.6015625,2.0546875,-4.62109375,2.859375,-3.9609375,-31.92578125
7236254481000,-2.603515625,1.58203125,-4.482421875,2.5859375,-3.5703125,-30.6953125
7236257010000,-2.609375,1.12890625,-4.283203125,2.421875,-3.109375,-29.03125
7236259468000,-2.60546875,0.693359375,-4.046875,2.38671875,-2.578125,-27.08203125
7236261986000,-2.607421875,0.2265625,-3.75390625,0.53125,-1.86328125,-24.82421875
7236268273000,-2.71484375,-0.7734375,-3.255859375,-1.09375,-1.33984375,-22.05859375
7236276050000,-3.21484375,-1.900390625,-2.68359375,-2.49609375,-1.05859375,-15.2734375
7236283739000,-4.08984375,-2.4609375,-2.328125,-3.30859375,-1.140625,-9.55078125
7236286850000,-4.6953125,-2.59375,-2.189453125,-3.65234375,-1.4296875,-7.5234375
7236289433000,-4.97265625,-2.634765625,-2.115234375,-3.5390625,-1.6875,-5.80078125
7236292063000,-5.216796875,-2.626953125,-2.048828125,-3.5234375,-1.6875,-5.84765625
7236294441000,-5.455078125,-2.572265625,-1.94921875,-3.39453125,-2.12890625,-4.30859375
7236299375000,-5.822265625,-2.4921875,-1.677734375,-3.36328125,-2.14453125,-4.38671875
7236306918000,-6.17578125,-2.486328125,-1.19140625,-4.09375,-3.1171875,-1.4609375
7236311287000,-6.205078125,-2.556640625,-1.015625,-5.19921875,-4.4609375,1.3359375
7236321805000,-5.90234375,-3.263671875,0.025390625,-5.234375,-7.0859375,5.63671875
7236326807000,-5.6484375,-3.603515625,0.51171875,-5.1796875,-7.1875,5.50390625
7236329479000,-5.490234375,-3.763671875,0.798828125,-5.04296875,-8.015625,7.1875
7236331731000,-5.30859375,-3.908203125,1.06640625,-5.05078125,-8.89453125,8.984375
7236334377000,-5.0859375,-4.015625,1.36328125,-5.01953125,-8.96484375,8.8984375
7236336944000,-4.849609375,-4.140625,1.669921875,-5.07421875,-9.88671875,10.73046875
7236339223000,-4.55078125,-4.2734375,1.96484375,-4.97265625,-10.703125,12.359375
7236341906000,-4.212890625,-4.4140625,2.279296875,-4.80859375,-11.34765625,13.81640625
7236349374000,-3.068359375,-4.71875,3.267578125,-4.1796875,-12.0234375,14.94140625
7236356781000,-1.796875,-4.78515625,4.15234375,-2.77734375,-12.43359375,17.17578125
7236366044000,-0.560546875,-4.57421875,4.73046875,-0.16015625,-11.83203125,19.546875
7236369299000,0.2421875,-4.19921875,4.904296875,-0.14453125,-12.08203125,19.328125
7236371716000,0.615234375,-3.96875,4.966796875,1.8671875,-10.859375,20.4140625
7236374093000,0.955078125,-3.716796875,4.9921875,1.8671875,-10.984375,20.3125
7236376871000,1.298828125,-3.419921875,4.994140625,1.8671875,-11.1015625,20.2265625
7236379188000,1.6171875,-3.138671875,4.966796875,2.61328125,-10.328125,20.4609375
7236381623000,1.904296875,-2.853515625,4.9453125,3.27734375,-9.421875,20.44140625
7236384126000,2.216796875,-2.5625,4.912109375,3.83203125,-8.421875,19.984375
7236389216000,2.83203125,-2.0390625,4.771484375,4.703125,-7.66015625,19.02734375
7236396875000,3.755859375,-1.19140625,4.515625,6.8671875,-5.671875,16.43359375
7236404216000,4.6875,-0.4765625,4.060546875,6.87890625,-3.0625,12.859375
7236409092000,5.001953125,-0.287109375,3.859375,6.34765625,-2.16015625,11.25390625
7236411687000,5.595703125,-0.021484375,3.376953125,6.1015625,-1.28125,9.85546875
7236414048000,5.859375,0.080078125,3.130859375,6.0859375,-1.3515625,9.88671875
7236416573000,6.048828125,0.201171875,2.859375,6.59765625,-0.578125,8.625
7236419101000,6.20703125,0.341796875,2.578125,7.484375,0.13671875,7.3671875
7236424071000,6.365234375,0.724609375,1.998046875,8.3046875,0.7578125,5.765625
7236431636000,6.318359375,1.447265625,1.07421875,9.0859375,1.984375,2.42578125
7236440686000,5.83984375,2.453125,0.099609375,9.59375,3.4609375,-1.00390625
7236443920000,5.287109375,3.220703125,-0.51953125,9.5625,3.5078125,-0.80078125
7236446650000,4.97265625,3.603515625,-0.79296875,9.6015625,4.06640625,-2.96875
7236449028000,4.623046875,3.98046875,-1.068359375,9.2109375,4.2734375,-5.7265625
7236451560000,4.3046875,4.3046875,-1.306640625,8.66015625,4.4453125,-8.89453125
7236454001000,3.9609375,4.576171875,-1.517578125,8.65234375,4.5,-8.76171875
7236456367000,3.599609375,4.748046875,-1.73046875,7.359375,4.77734375,-12.0546875
7236459337000,3.21875,4.841796875,-1.9296875,5.90234375,5.1796875,-15.27734375
7236466486000,1.96875,4.80078125,-2.525390625,3.69140625,5.5,-20.8671875
7236471409000,1.001953125,4.564453125,-2.94140625,3.203125,5.33203125,-23.3125
7236483390000,-0.853515625,3.865234375,-3.66796875,3.27734375,3.48046875,-29.9609375
7236486582000,-1.56640625,3.310546875,-3.8828125,2.90234375,2.90234375,-31.58203125
7236488826000,-1.8359375,2.85546875,-3.9609375,2.953125,2.65625,-32.67578125
7236491447000,-2.0625,2.375,-4.0078125,2.9453125,2.734375,-32.62109375
7236493901000,-2.267578125,1.9453125,-4.041015625,2.9375,2.8046875,-32.57421875
7236496254000,-2.4296875,1.55078125,-4.041015625,2.8828125,2.703125,-32.4765625
7236499025000,-2.548828125,1.125,-4.05078125,2.25,2.6484375,-31.54296875
7236501473000,-2.640625,0.68359375,-4.025390625,1.4375,2.6640625,-30.21484375
7236506381000,-2.681640625,-0.26953125,-3.90234375,1.453125,2.7890625,-30.21484375
7236509305000,-2.673828125,-0.78125,-3.8203125,0.49609375,2.9453125,-28.515625
7236511419000,-2.626953125,-1.33203125,-3.7265625,-0.3359375,2.97265625,-26.23828125
7236513823000,-2.59375,-1.849609375,-3.60546875,-0.3125,3.02734375,-26.26953125
7236516404000,-2.556640625,-2.33984375,-3.48828125,-0.8828125,2.83984375,-23.453125
7236518706000,-2.521484375,-2.787109375,-3.333984375,-1.3125,2.33984375,-20.60546875
7236521354000,-2.48828125,-3.205078125,-3.19140625,-1.66796875,1.5625,-17.8984375
7236526327000,-2.431640625,-3.859375,-2.837890625,-1.86328125,0.734375,-15.1796875
7236533978000,-2.53125,-4.47265625,-2.267578125,-2.01171875,-1.0703125,-8.9921875
7236541358000,-2.890625,-4.783203125,-1.8203125,-2.58984375,-2.87109375,-2.30078125
7236546096000,-3.046875,-4.8046875,-1.705078125,-3.1640625,-3.81640625,0.953125
7236548919000,-3.318359375,-4.734375,-1.474609375,-3.55078125,-4.76953125,3.87890625
7236551208000,-3.4453125,-4.650390625,-1.349609375,-3.52734375,-4.75390625,3.78515625
7236553722000,-3.541015625,-4.53515625,-1.177734375,-3.66015625,-5.80859375,6.4140625
7236556399000,-3.630859375,-4.4296875,-0.98828125,-3.63671875,-5.80078125,6.296875
7236558632000,-3.685546875,-4.341796875,-0.751953125,-3.53515625,-6.953125,8.34375
7236561254000,-3.68359375,-4.228515625,-0.484375,-3.26953125,-7.9765625,9.8125
7236568726000,-3.482421875,-3.98046875,0.46484375,-2.84375,-8.796875,10.78125
7236576228000,-3.005859375,-3.896484375,1.4609375,-2.0390625,-9.4921875,12.875
7236583624000,-2.265625,-3.875,2.27734375,-0.85546875,-9.4453125,15.46875
7236588671000,-1.603515625,-3.876953125,2.65625,-0.84765625,-9.5703125,15.2734375
7236591162000,-1.244140625,-3.859375,2.802734375,-0.4296875,-9.51953125,16.3671875
7236593659000,-0.876953125,-3.798828125,2.919921875,-0.09375,-9.40625,17.4453125
7236596318000,-0.521484375,-3.763671875,3.02734375,-0.09375,-9.4765625,17.3515625
7236598565000,-0.12109375,-3.728515625,3.083984375,0.453125,-9.02734375,19.11328125
7236601174000,0.25,-3.673828125,3.13671875,0.4453125,-9.10546875,19.01953125
7236603700000,0.626953125,-3.58984375,3.1875,0.8671875,-8.9609375,19.65234375
7236606105000,0.9921875,-3.5,3.236328125,1.5703125,-8.63671875,20.0625
7236608722000,1.34375,-3.384765625,3.244140625,1.5625,-8.72265625,19.9765625
7236611180000,1.671875,-3.25,3.275390625,2.42578125,-8.3046875,20.17578125
7236613588000,1.966796875,-3.126953125,3.28125,2.41796875,-8.3828125,20.10546875
7236616153000,2.2578125,-2.986328125,3.27734375,3.26171875,-7.79296875,20.16015625
7236618675000,2.515625,-2.849609375,3.283203125,3.96484375,-7.10546875,20.05859375
7236624213000,3.08203125,-2.58203125,3.232421875,4.52734375,-6.34765625,19.49609375
7236630985000,4.06640625,-2.00390625,2.9609375,5.765625,-4.41796875,18.22265625
7236633547000,4.3828125,-1.80078125,2.794921875,5.7890625,-3.46875,17.52734375
7236635909000,4.69921875,-1.646484375,2.623046875,5.7734375,-3.53125,17.50390625
7236643423000,5.720703125,-1.34375,1.91796875,5.79296875,-2.6796875,16.50390625
7236646106000,6.091796875,-1.255859375,1.638671875,5.77734375,-1.8515625,15.3359375
7236648611000,6.4609375,-1.181640625,1.33203125,5.94921875,-1.140625,14.078125
7236651004000,6.833984375,-1.125,1.044921875,5.94140625,-1.171875,14.09375
7236653532000,7.1953125,-1.068359375,0.728515625,6.1953125,-0.58984375,12.76171875
7236655852000,7.55078125,-1.029296875,0.435546875,6.4453125,-0.0703125,11.4921875
7236658518000,7.86328125,-0.9765625,0.146484375,6.73046875,0.48828125,10.3359375
7236661077000,8.150390625,-0.951171875,-0.111328125,7.02734375,1.0859375,9.02734375
7236666046000,8.623046875,-0.90234375,-0.626953125,7.19921875,1.58984375,7.6640625
7236673496000,9.0078125,-0.8203125,-1.3203125,7.66796875,2.51953125,4.9609375
7236679046000,8.916015625,-0.6484375,-1.72265625,8.265625,2.984375,3.8828125
7236681117000,8.775390625,-0.52734375,-1.9453125,8.5234375,2.99609375,2.83203125
7236683340000,8.54296875,-0.359375,-2.154296875,8.5390625,3.04296875,2.87109375
7236685949000,8.283203125,-0.130859375,-2.39453125,8.8984375,2.75390625,1.7109375
7236688283000,7.994140625,0.134765625,-2.630859375,8.984375,2.53125,0.08203125
7236690869000,7.7421875,0.4609375,-2.89453125,9.0078125,2.6015625,0.12109375
7236693456000,7.482421875,0.794921875,-3.1796875,9.015625,2.6796875,0.17578125
7236695748000,7.240234375,1.138671875,-3.451171875,8.90625,2.4296875,-1.66796875
7236698436000,6.986328125,1.478515625,-3.767578125,8.375,2.15234375,-3.76171875
7236700938000,6.720703125,1.802734375,-4.052734375,7.4921875,1.70703125,-6.06640625
7236705839000,6.193359375,2.42578125,-4.6328125,7.53125,1.92578125,-5.91796875
7236708336000,5.9140625,2.662109375,-4.88671875,6.40625,1.27734375,-8.42578125
7236710887000,5.6484375,2.869140625,-5.111328125,5.12890625,0.375,-11.25390625
7236713515000,5.369140625,3.037109375,-5.333984375,5.13671875,0.515625,-11.16015625
7236715878000,5.099609375,3.150390625,-5.525390625,3.83203125,-0.86328125,-14.12890625
7236718404000,4.845703125,3.22265625,-5.677734375,2.81640625,-2.640625,-17.01171875
7236720816000,4.55859375,3.267578125,-5.818359375,1.828125,-4.50390625,-19.76171875
7236726126000,3.91796875,3.23828125,-5.943359375,0.9453125,-6.2109375,-22.375
7236733585000,2.7578125,3.0390625,-5.845703125,-1.17578125,-9.7265625,-26.4921875
7236740701000,1.46484375,2.466796875,-5.470703125,-2.79296875,-12.4453125,-28.62109375
7236745381000,1.03125,2.203125,-5.259765625,-3.1640625,-13.16796875,-28.875
7236748282000,0.224609375,1.62109375,-4.720703125,-3.3203125,-13.3828125,-28.3671875
7236753290000,-0.4765625,1.0234375,-4.06640625,-3.359375,-13.1640625,-28.296875
7236756219000,-0.796875,0.791015625,-3.685546875,-3.34375,-13.07421875,-27.44140625
7236758167000,-1.08984375,0.4765625,-3.3359375,-3.62890625,-12.98046875,-26.015625
7236760646000,-1.33984375,0.119140625,-2.986328125,-3.984375,-12.19140625,-24.27734375
7236768118000,-1.87109375,-1.228515625,-1.875,-4.09375,-10.93359375,-22.38671875
7236775677000,-2.236328125,-2.296875,-1.091796875,-4.5625,-7.0078125,-14.55859375
7236783231000,-2.599609375,-2.94921875,-0.560546875,-4.71484375,-4.45703125,-9.2734375
7236788228000,-2.796875,-3.298828125,-0.345703125,-4.69921875,-4.45703125,-9.390625
7236790965000,-2.86328125,-3.37890625,-0.275390625,-4.7109375,-3.3671875,-7.2578125
7236793184000,-2.962890625,-3.39453125,-0.19921875,-4.63671875,-2.65625,-4.859375
7236795635000,-3.0625,-3.38671875,-0.15234375,-4.62890625,-2.6640625,-4.9375
7236798046000,-3.201171875,-3.271484375,-0.072265625,-3.69140625,-2.1171875,-0.01953125
7236800605000,-3.341796875,-3.169921875,-0.03125,-3.68359375,-2.125,-0.08984375
7236802990000,-3.513671875,-2.9765625,0.08203125,-3.68359375,-2.125,-0.14453125
7236805657000,-3.685546875,-2.779296875,0.181640625,-2.65234375,-2.02734375,1.4765625
7236808209000,-3.853515625,-2.615234375,0.2578125,-2.828125,-2.18359375,2.93359375
7236810696000,-4.02734375,-2.4609375,0.345703125,-2.828125,-2.19921875,2.89453125
7236813131000,-4.23046875,-2.32421875,0.466796875,-2.29296875,-2.1484375,4.07421875
7236815954000,-4.412109375,-2.216796875,0.607421875,-2.27734375,-2.1640625,4.02734375
7236818121000,-4.611328125,-2.111328125,0.767578125,-1.6953125,-2.375,6.65625
7236822876000,-4.9765625,-1.90234375,1.17578125,-1.6875,-2.4296875,6.59375
7236825635000,-5.12109375,-1.833984375,1.43359375,-1.5078125,-2.56640625,7.5390625
7236828088000,-5.26171875,-1.8359375,1.669921875,-1.75,-2.8515625,8.4921875
7236830554000,-5.412109375,-1.853515625,1.904296875,-1.734375,-2.8984375,8.46875
7236833078000,-5.548828125,-1.91796875,2.12109375,-1.9140625,-3.2265625,9.58984375
7236835473000,-5.666015625,-2.001953125,2.349609375,-1.87109375,-3.60546875,10.8125
7236838203000,-5.751953125,-2.09375,2.587890625,-1.56640625,-3.984375,12.29296875
7236840578000,-5.82421875,-2.171875,2.84375,-1.55859375,-4.046875,12.26171875
7236842873000,-5.826171875,-2.25390625,3.0703125,-1.24609375,-4.52734375,13.921875
7236850448000,-5.736328125,-2.46875,3.72265625,-0.9453125,-5.09765625,15.4296875
7236855106000,-5.61328125,-2.513671875,3.900390625,0.17578125,-5.4375,18.44921875
7236859074000,-5.220703125,-2.525390625,4.23046875,1.03515625,-5.96484375,19.87890625
7236862856000,-4.580078125,-2.3828125,4.474609375,2.03125,-6.2734375,21.015625
7236865477000,-4.138671875,-2.244140625,4.560546875,2.921875,-6.11328125,21.796875
7236870349000,-3.001953125,-1.943359375,4.65625,2.9296875,-6.33984375,21.6953125
7236872920000,-2.337890625,-1.78125,4.650390625,3.62109375,-5.77734375,22.1875
7236875293000,-1.623046875,-1.625,4.59765625,4.12890625,-4.9375,22.29296875
7236878238000,-0.876953125,-1.49609375,4.509765625,4.4765625,-3.953125,22.234375
7236882571000,-0.0703125,-1.365234375,4.40234375,5.453125,-2.84765625,21.640625
7236886374000,1.4921875,-1.189453125,4.029296875,5.26953125,-1.8046875,20.96484375
7236892985000,3.623046875,-0.677734375,3.244140625,6.85546875,0.45703125,19.28125
7236897854000,4.66796875,-0.421875,2.564453125,7.0234375,1.31640625,18.20703125
7236900542000,5.08203125,-0.30859375,2.212890625,6.82421875,2.1171875,16.73828125
7236905464000,5.75,-0.162109375,1.443359375,6.80859375,2.015625,16.75390625
7236908090000,6.029296875,-0.10546875,1.048828125,6.75,2.68359375,15.3515625
7236910247000,6.259765625,-0.03515625,0.6796875,6.96484375,3.1875,13.99609375
7236912856000,6.46875,0.068359375,0.326171875,6.96484375,3.171875,14.02734375
7236915191000,6.658203125,0.1875,-0.001953125,7.35546875,3.35546875,12.7578125
7236917869000,6.7578125,0.357421875,-0.29296875,7.9609375,3.48828125,11.57421875
7236920316000,6.82421875,0.533203125,-0.54296875,8.48828125,3.8046875,10.4453125
7236925284000,6.794921875,0.951171875,-0.990234375,8.49609375,3.828125,10.53125
7236928172000,6.697265625,1.193359375,-1.18359375,9.02734375,4.2421875,9.30078125
7236930312000,6.556640625,1.474609375,-1.33984375,9.34375,4.54296875,7.89453125
7236932951000,6.35546875,1.794921875,-1.5546875,9.34375,4.58203125,7.96484375
7236935152000,6.1015625,2.134765625,-1.765625,9.5703125,4.6796875,6.390625
7236937766000,5.798828125,2.529296875,-1.99609375,9.953125,4.45703125,4.37890625
7236940149000,5.462890625,2.94140625,-2.255859375,10.18359375,3.8359375,1.95703125
7236947824000,4.2421875,4.314453125,-3.0546875,9.796875,2.58984375,-3.828125
7236952927000,3.236328125,5.203125,-3.626953125,9.01953125,2.00390625,-7.171875
7236963000000,0.87890625,6.677734375,-4.6328125,5.3515625,-0.63671875,-17.25390625
7236967687000,-0.255859375,7.046875,-5.05078125,4.171875,-1.78515625,-20.8046875
7236970160000,-0.767578125,7.103515625,-5.19921875,2.984375,-3.06640625,-24.20703125
7236972719000,-1.21484375,7.05078125,-5.326171875,2.953125,-2.94140625,-24.03515625
7236975193000,-1.619140625,6.90234375,-5.39453125,1.93359375,-4.09765625,-26.9921875
7236980172000,-2.357421875,6.310546875,-5.39453125,1.85546875,-3.86328125,-26.6796875
7236983140000,-2.642578125,5.876953125,-5.296875,1.0859375,-5.05078125,-29.12109375
7236985009000,-2.84765625,5.34765625,-5.154296875,0.453125,-6.23828125,-31.28125
7236987641000,-2.9921875,4.755859375,-4.970703125,-0.15234375,-6.9296875,-32.77734375
7236990317000,-3.0703125,4.060546875,-4.732421875,-0.19921875,-6.8359375,-32.66796875
7236992654000,-3.125,3.34375,-4.486328125,-0.625,-7.01953125,-33.34765625
7236995566000,-3.169921875,2.638671875,-4.21484375,-0.671875,-6.93359375,-33.26171875
7236997595000,-3.251953125,1.935546875,-3.943359375,-1.3046875,-6.37109375,-31.37109375
7237003751000,-3.537109375,0.6015625,-3.435546875,-2.03515625,-5.6796875,-29.5390625
7237010481000,-4.326171875,-1.1171875,-2.71875,-1.7734375,-4.52734375,-25.27734375
7237015159000,-5.0625,-1.9609375,-2.310546875,-1.7578125,-4.48828125,-25.32421875
7237017698000,-5.443359375,-2.314453125,-2.1328125,-1.375,-3.90234375,-20.4453125
7237022646000,-6.236328125,-2.888671875,-1.810546875,-1.34375,-3.90234375,-20.5234375
7237025011000,-6.62890625,-3.11328125,-1.658203125,-1.24609375,-3.53125,-15.63671875
7237027442000,-6.99609375,-3.333984375,-1.521484375,-1.23046875,-3.5546875,-15.69140625
7237030100000,-7.328125,-3.52734375,-1.38671875,-1.20703125,-3.578125,-15.75390625
7237032408000,-7.658203125,-3.701171875,-1.24609375,-1.4296875,-3.80859375,-13.03125
7237035105000,-7.951171875,-3.880859375,-1.125,-1.65625,-4.41796875,-10.53515625
7237037788000,-8.23046875,-4.033203125,-1.0,-1.96875,-5.078125,-8.11328125
7237042557000,-8.642578125,-4.310546875,-0.71484375,-1.921875,-5.15625,-8.25390625
7237046817000,-8.771484375,-4.416015625,-0.57421875,-2.80859375,-6.71875,-3.02734375
7237054693000,-8.84765625,-4.673828125,-0.09765625,-3.68359375,-8.3515625,2.30078125
7237062484000,-8.171875,-4.857421875,0.794921875,-3.80078125,-10.11328125,6.69140625
7237064859000,-7.87109375,-4.861328125,1.08984375,-3.43359375,-10.80859375,8.6484375
7237069934000,-7.0546875,-4.896484375,1.73828125,-3.38671875,-10.94140625,8.4296875
7237072380000,-6.5625,-4.896484375,2.08203125,-2.953125,-11.36328125,10.25390625
7237074909000,-6.044921875,-4.888671875,2.439453125,-2.5234375,-11.43359375,11.90625
7237077410000,-5.4921875,-4.87109375,2.76953125,-1.859375,-11.3671875,13.41796875
7237079976000,-4.8984375,-4.8359375,3.076171875,-1.14453125,-11.18359375,14.82421875
7237084938000,-3.732421875,-4.74609375,3.62109375,-0.48828125,-11.00390625,15.8828125
7237092467000,-2.126953125,-4.515625,4.150390625,0.4453125,-10.27734375,17.2421875
7237101499000,-0.77734375,-4.27734375,4.3984375,1.69140625,-9.49609375,17.453125
7237104781000,-0.029296875,-4.0078125,4.453125,2.60546875,-9.3046875,17.48046875
7237107376000,0.296875,-3.833984375,4.44140625,3.5859375,-8.8671875,17.53125
7237109748000,0.61328125,-3.650390625,4.4453125,3.5703125,-8.96875,17.4453125
7237112287000,0.875,-3.427734375,4.431640625,3.5546875,-9.078125,17.359375
7237114973000,1.142578125,-3.203125,4.390625,4.1328125,-8.42578125,17.35546875
7237117299000,1.408203125,-2.9765625,4.326171875,4.421875,-7.44921875,17.31640625
7237119879000,1.6484375,-2.75390625,4.25390625,4.453125,-6.3046875,17.05078125
7237124901000,2.146484375,-2.306640625,4.064453125,4.76953125,-5.30859375,16.6171875
7237132287000,2.900390625,-1.71484375,3.626953125,5.08203125,-3.60546875,15.9921875
7237139825000,3.763671875,-1.390625,3.013671875,5.3828125,-2.1796875,14.73828125
7237144542000,4.115234375,-1.287109375,2.763671875,5.89453125,-1.3984375,14.109375
7237147661000,4.85546875,-1.0703125,2.2421875,6.515625,-0.8203125,13.31640625
7237152203000,5.59375,-0.818359375,1.681640625,6.4921875,-0.921875,13.33984375
7237155281000,5.96484375,-0.673828125,1.3984375,6.96484375,-0.58203125,12.26171875
7237157468000,6.28125,-0.525390625,1.103515625,7.3984375,-0.125,11.0859375
7237159743000,6.56640625,-0.390625,0.8203125,7.765625,0.51171875,10.16015625
7237167156000,7.087890625,0.158203125,-0.03125,8.16015625,1.234375,9.47265625
7237172270000,7.173828125,0.736328125,-0.615234375,9.48828125,2.28125,8.04296875
7237182289000,7.072265625,2.31640625,-1.9140625,10.69921875,3.06640625,3.7265625
7237187040000,6.947265625,3.193359375,-2.54296875,10.73046875,3.16796875,3.953125
7237189769000,6.8515625,3.625,-2.853515625,10.765625,3.2109375,1.9140625
7237192084000,6.744140625,4.052734375,-3.14453125,10.3203125,2.984375,-0.7578125
7237194750000,6.626953125,4.46875,-3.4296875,10.3359375,3.0703125,-0.609375
7237196997000,6.439453125,4.861328125,-3.662109375,8.45703125,2.65625,-6.94140625
7237199596000,6.205078125,5.2265625,-3.88671875,8.46484375,2.765625,-6.78515625
7237202046000,5.9375,5.556640625,-4.091796875,8.48046875,2.875,-6.62109375
7237204533000,5.623046875,5.84375,-4.279296875,7.0625,2.73046875,-9.67578125
7237207144000,5.291015625,6.02734375,-4.451171875,5.68359375,2.6171875,-12.81640625
7237209741000,4.8828125,6.154296875,-4.615234375,5.68359375,2.75,-12.64453125
7237212125000,4.498046875,6.208984375,-4.76171875,4.671875,2.4765625,-16.15625
7237214622000,4.072265625,6.203125,-4.916015625,4.6640625,2.625,-15.984375
7237217023000,3.630859375,6.12890625,-5.08203125,2.78125,1.50390625,-22.84765625
7237219632000,3.13671875,5.99609375,-5.2421875,2.765625,1.64453125,-22.69140625
7237222191000,2.578125,5.8046875,-5.37109375,2.75,1.79296875,-22.53515625
7237224470000,1.94921875,5.583984375,-5.44921875,2.171875,0.9375,-24.77734375
7237227154000,1.30078125,5.33984375,-5.4921875,1.79296875,0.1015625,-26.87890625
7237229507000,0.669921875,5.0546875,-5.46875,1.76171875,0.2265625,-26.76171875
7237232061000,0.05078125,4.751953125,-5.42578125,1.671875,-0.67578125,-28.90234375
7237235026000,-0.505859375,4.404296875,-5.31640625,1.4296875,-1.58203125,-30.4921875
7237236930000,-0.978515625,3.94921875,-5.171875,0.62890625,-2.34765625,-31.66015625
7237239445000,-1.390625,3.38671875,-5.02734375,0.59765625,-2.23046875,-31.57421875
7237242148000,-1.75,2.822265625,-4.818359375,0.421875,-2.53125,-31.83984375
7237244380000,-2.041015625,2.2421875,-4.607421875,0.3984375,-2.4375,-31.78515625
7237247102000,-2.306640625,1.646484375,-4.380859375,0.0,-2.609375,-31.09765625
7237249436000,-2.55859375,1.087890625,-4.158203125,-0.015625,-2.53125,-31.06640625
7237251996000,-2.7734375,0.515625,-3.93359375,-0.55078125,-2.55859375,-29.38671875
7237254509000,-2.98828125,-0.0625,-3.732421875,-1.1640625,-2.49609375,-27.4140625
7237257188000,-3.1484375,-0.65625,-3.49609375,-1.83203125,-2.39453125,-25.23046875
7237264443000,-3.458984375,-2.306640625,-2.88671875,-2.39453125,-1.9375,-19.90234375
7237269699000,-3.603515625,-3.08984375,-2.486328125,-2.203125,-1.73828125,-16.5546875
7237281400000,-3.8828125,-3.734375,-1.8515625,-1.49609375,-1.953125,-6.7265625
7237284432000,-4.02734375,-3.630859375,-1.66796875,-1.49609375,-2.41796875,-3.9921875
7237286861000,-4.091796875,-3.509765625,-1.5859375,-1.671875,-2.91796875,-1.66796875
7237289330000,-4.166015625,-3.33203125,-1.541015625,-1.6484375,-2.91015625,-1.73828125
7237291885000,-4.263671875,-3.150390625,-1.474609375,-1.6328125,-2.90234375,-1.80859375
7237294433000,-4.33203125,-2.958984375,-1.4140625,-1.89453125,-3.44140625,0.03515625
7237296820000,-4.416015625,-2.791015625,-1.31640625,-2.4140625,-4.2734375,1.49609375
7237299344000,-4.462890625,-2.646484375,-1.208984375,-3.2890625,-5.234375,2.734375
7237304283000,-4.5,-2.53515625,-0.873046875,-3.25,-5.234375,2.6328125
7237307267000,-4.5,-2.55859375,-0.65625,-4.18359375,-6.1015625,3.44921875
7237309436000,-4.439453125,-2.646484375,-0.408203125,-4.71875,-6.89453125,4.24609375
7237312042000,-4.396484375,-2.7734375,-0.11328125,-4.7109375,-6.91015625,4.19140625
7237314431000,-4.330078125,-2.9375,0.173828125,-4.87109375,-7.62109375,4.84375
7237316697000,-4.267578125,-3.134765625,0.490234375,-4.8359375,-8.2109375,5.5390625
7237319350000,-4.189453125,-3.34765625,0.8125,-4.59765625,-8.8359375,6.5234375
7237324281000,-3.939453125,-3.732421875,1.455078125,-4.16796875,-9.55078125,7.58203125
7237331704000,-3.10546875,-4.22265625,2.400390625,-2.84765625,-9.73828125,10.14453125
7237339306000,-1.859375,-4.611328125,3.275390625,-1.203125,-8.9296875,12.734375
7237343958000,-1.421875,-4.716796875,3.51953125,-0.765625,-8.2578125,14.015625
7237346915000,-0.564453125,-4.884765625,3.853515625,-0.1484375,-7.66796875,15.03515625
7237351785000,0.1953125,-4.900390625,4.03515625,-0.1328125,-7.86328125,14.79296875
7237354493000,0.53515625,-4.86328125,4.06640625,0.75,-7.34375,15.88671875
7237356796000,0.85546875,-4.77734375,4.08984375,2.078125,-6.9296875,16.76171875
7237359284000,1.169921875,-4.6484375,4.07421875,3.37109375,-6.49609375,17.3828125
7237366749000,2.111328125,-3.96875,3.908203125,4.23046875,-6.12109375,17.7109375
7237371707000,2.697265625,-3.3671875,3.68359375,5.4921875,-4.05859375,17.99609375
7237381657000,3.7890625,-2.421875,2.9375,5.1484375,-1.0234375,16.640625
7237386647000,4.376953125,-2.18359375,2.380859375,5.1171875,-1.15625,16.5546875
7237389007000,4.69140625,-2.083984375,2.076171875,5.1875,-0.328125,15.9296875
7237391669000,4.97265625,-1.994140625,1.73828125,5.58984375,0.2109375,15.31640625
7237394338000,5.251953125,-1.869140625,1.400390625,5.58203125,0.1640625,15.29296875
7237396777000,5.54296875,-1.734375,1.05859375,6.421875,0.7109375,14.30078125
7237399118000,5.833984375,-1.611328125,0.701171875,6.421875,0.6796875,14.28515625
7237401556000,6.14453125,-1.478515625,0.357421875,6.4140625,0.6484375,14.27734375
7237404056000,6.4375,-1.35546875,0.03515625,6.5546875,0.87890625,13.79296875
7237406613000,6.763671875,-1.24609375,-0.318359375,6.61328125,1.16015625,13.3125
7237409412000,7.08984375,-1.15625,-0.658203125,6.60546875,1.16015625,13.3125
7237411574000,7.423828125,-1.064453125,-0.96875,6.87109375,1.6171875,12.70703125
7237414456000,7.748046875,-0.94921875,-1.271484375,6.87109375,1.6328125,12.71484375
7237416615000,8.083984375,-0.845703125,-1.5546875,8.09765625,2.078125,11.19921875
7237422441000,8.6875,-0.603515625,-2.09765625,8.8671875,2.1796875,10.0234375
7237429070000,9.4375,-0.15625,-2.966796875,9.6484375,2.6875,7.12890625
7237438222000,9.662109375,0.486328125,-3.87890625,10.1640625,3.73828125,4.46875
7237441512000,9.388671875,1.060546875,-4.560546875,10.1875,3.91796875,4.5625
7237444021000,9.134765625,1.3984375,-4.919921875,9.9453125,3.89453125,2.875
7237446322000,8.783203125,1.75390625,-5.244140625,9.56640625,3.3203125,1.14453125
7237449005000,8.40234375,2.138671875,-5.580078125,9.58203125,3.453125,1.21484375
7237451502000,7.9140625,2.55078125,-5.880859375,9.3125,2.75,-0.83984375
7237454031000,7.384765625,2.95703125,-6.130859375,8.765625,1.83984375,-3.203125
7237456524000,6.822265625,3.375,-6.353515625,8.015625,0.94140625,-5.73046875
7237461525000,5.533203125,4.1484375,-6.607421875,8.015625,1.26171875,-5.53515625
7237465416000,4.837890625,4.54296875,-6.654296875,6.25390625,-1.171875,-11.5
7237473146000,2.455078125,5.650390625,-6.51171875,4.4140625,-4.80859375,-17.34765625
7237480933000,0.16796875,6.140625,-6.154296875,1.94140625,-8.765625,-23.3984375
7237483927000,-0.974609375,5.95703125,-5.87109375,1.34375,-9.94140625,-25.890625
7237486312000,-1.423828125,5.75390625,-5.673828125,0.88671875,-10.8203125,-28.03125
7237488858000,-1.8125,5.50390625,-5.4921875,0.84765625,-10.6875,-27.890625
7237491545000,-2.134765625,5.146484375,-5.26171875,0.359375,-11.1328125,-29.4296875
7237496539000,-2.66015625,4.154296875,-4.771484375,-0.3359375,-11.0703125,-29.984375
7237498719000,-2.890625,3.505859375,-4.490234375,-1.0078125,-11.16796875,-29.73828125
7237503921000,-3.21484375,1.9921875,-3.861328125,-1.61328125,-11.078125,-28.71484375
7237511244000,-3.634765625,-0.048828125,-2.857421875,-2.05859375,-9.66796875,-25.25390625
7237518890000,-3.994140625,-1.892578125,-1.81640625,-3.1640625,-8.94140625,-20.83203125
7237523981000,-4.208984375,-2.798828125,-1.271484375,-3.15625,-8.91796875,-20.89453125
7237526195000,-4.384765625,-3.126953125,-1.060546875,-3.1171875,-7.98828125,-17.62109375
7237528735000,-4.619140625,-3.34765625,-0.875,-2.9296875,-7.1484375,-14.0546875
7237531209000,-4.919921875,-3.49609375,-0.73046875,-2.9140625,-7.15625,-14.109375
7237533767000,-5.251953125,-3.568359375,-0.626953125,-2.890625,-6.421875,-10.7109375
7237536342000,-5.619140625,-3.537109375,-0.55078125,-2.6640625,-5.59765625,-7.55859375
7237538955000,-6.0,-3.4140625,-0.48828125,-2.33984375,-5.1796875,-5.19140625
7237546217000,-7.19140625,-2.74609375,-0.333984375,-2.1015625,-5.45703125,-1.98046875
7237551210000,-7.865234375,-2.33203125,-0.15625,-2.5546875,-5.72265625,-1.0234375
7237563310000,-8.896484375,-2.19140625,0.501953125,-3.9921875,-6.3046875,2.92578125
7237566211000,-9.236328125,-2.484375,0.943359375,-3.9609375,-6.421875,2.91015625
7237568737000,-9.283203125,-2.623046875,1.193359375,-3.70703125,-6.86328125,4.140625
7237571203000,-9.298828125,-2.751953125,1.490234375,-3.25,-7.32421875,5.16015625
7237573682000,-9.259765625,-2.890625,1.779296875,-3.2265625,-7.41015625,5.12890625
7237576211000,-9.16796875,-3.013671875,2.06640625,-2.8984375,-7.8203125,6.6796875
7237578653000,-9.052734375,-3.142578125,2.353515625,-2.77734375,-8.296875,8.44140625
7237581162000,-8.923828125,-3.23046875,2.609375,-2.5546875,-8.71484375,10.15625
7237586102000,-8.583984375,-3.400390625,3.08203125,-2.1640625,-9.08984375,11.40234375
7237593891000,-7.720703125,-3.486328125,3.75,-1.13671875,-9.84375,13.41796875
7237602388000,-6.53125,-3.44140625,4.3125,0.125,-10.23828125,15.44921875
7237606180000,-5.70703125,-3.283203125,4.56640625,0.6015625,-10.296875,16.34765625
7237608622000,-5.294921875,-3.173828125,4.65625,0.8828125,-10.15234375,17.24609375
7237613703000,-4.53125,-2.90625,4.765625,0.8984375,-10.41015625,17.09765625
7237616458000,-4.173828125,-2.73828125,4.79296875,1.40625,-9.8984375,18.24609375
7237621846000,-3.427734375,-2.330078125,4.802734375,1.68359375,-9.7734375,18.8359375
7237628697000,-2.361328125,-1.544921875,4.775390625,2.453125,-8.90625,19.5546875
7237637707000,-1.09765625,-0.884765625,4.64453125,3.171875,-7.6171875,19.1875
7237641013000,-0.169921875,-0.388671875,4.4921875,3.140625,-7.8359375,19.1484375
7237643498000,0.29296875,-0.17578125,4.400390625,3.23828125,-7.16015625,18.9296875
7237645997000,0.744140625,0.037109375,4.283203125,3.484375,-6.640625,18.44921875
7237648435000,1.189453125,0.220703125,4.126953125,3.4609375,-6.7421875,18.45703125
7237650982000,1.62109375,0.400390625,3.970703125,3.59765625,-6.23046875,17.9453125
7237653498000,2.03515625,0.576171875,3.806640625,3.99609375,-5.703125,17.00390625
7237655969000,2.4453125,0.748046875,3.630859375,4.3828125,-5.1953125,15.90625
7319420369000,2.087890625,-0.55859375,1.8046875,3.32421875,-2.96484375,9.76953125
7319422927000,2.294921875,-0.41796875,1.65625,3.7578125,-2.47265625,8.7734375
7319425263000,2.509765625,-0.2734375,1.509765625,3.75,-2.51171875,8.7734375
7319427966000,2.75,-0.080078125,1.34765625,4.5625,-2.07421875,7.44921875
7319430315000,2.99609375,0.138671875,1.208984375,5.453125,-1.703125,6.26171875
7319432985000,3.224609375,0.3984375,1.052734375,6.2890625,-1.21875,5.33984375
7319437778000,3.576171875,1.046875,0.74609375,6.28125,-1.265625,5.39453125
7319440443000,3.681640625,1.408203125,0.5546875,6.73828125,-0.97265625,4.73046875
7319442922000,3.75390625,1.8125,0.353515625,6.80859375,-0.796875,3.9921875
7319445638000,3.7890625,2.25390625,0.12890625,6.80859375,-0.8046875,4.0625
7319447904000,3.794921875,2.76171875,-0.109375,6.98828125,-0.62109375,3.30078125
7319450333000,3.775390625,3.29296875,-0.333984375,7.02734375,-0.18359375,2.390625
7319452755000,3.736328125,3.85546875,-0.56640625,6.7890625,0.20703125,1.33203125
7319455406000,3.638671875,4.41015625,-0.787109375,6.7890625,0.22265625,1.45703125
7319457664000,3.5625,4.943359375,-1.015625,6.30078125,0.4765625,0.015625
7319460276000,3.4453125,5.431640625,-1.19921875,5.88671875,0.87109375,-1.5234375
7319462738000,3.306640625,5.857421875,-1.361328125,5.88671875,0.90234375,-1.3828125
7319465241000,3.1484375,6.2578125,-1.505859375,5.5234375,1.24609375,-3.046875
7319467952000,2.98046875,6.6015625,-1.642578125,5.3828125,1.49609375,-5.15625
7319472824000,2.66015625,7.24609375,-1.8359375,4.92578125,1.63671875,-7.53125
7319477806000,2.388671875,7.68359375,-2.005859375,4.171875,1.87890625,-10.09375
7319485162000,2.171875,7.64453125,-2.189453125,1.1953125,3.04296875,-14.6875
7319492761000,1.75,6.55078125,-2.478515625,-1.74609375,3.71484375,-17.078125
7319497598000,1.2265625,5.505859375,-2.619140625,-1.81640625,3.85546875,-16.796875
7319500398000,0.87890625,4.900390625,-2.677734375,-2.71484375,4.1640625,-17.21875
7319502547000,0.52734375,4.21875,-2.705078125,-3.859375,3.94140625,-17.47265625
7319505100000,0.130859375,3.544921875,-2.6796875,-3.890625,4.01171875,-17.37890625
7319507758000,-0.263671875,2.890625,-2.640625,-3.5703125,3.0390625,-17.31640625
7319510064000,-0.677734375,2.2734375,-2.548828125,-3.59375,3.0859375,-17.26171875
7319512731000,-1.083984375,1.703125,-2.40625,-2.9453125,2.60546875,-16.5625
7319515091000,-1.533203125,1.16796875,-2.23046875,-2.29296875,2.125,-15.4296875
7319517602000,-1.974609375,0.685546875,-2.0390625,-2.30078125,2.1640625,-15.3984375
7319520191000,-2.42578125,0.2734375,-1.822265625,-1.76953125,1.71875,-14.25390625
7319522584000,-2.876953125,-0.080078125,-1.62890625,-1.76953125,1.734375,-14.25390625
7319525086000,-3.275390625,-0.404296875,-1.455078125,-1.390625,1.2734375,-13.234375
7319527750000,-3.654296875,-0.650390625,-1.314453125,-1.0078125,0.79296875,-12.23828125
7319535175000,-4.4453125,-1.2421875,-1.02734375,-0.6796875,0.24609375,-11.140625
7319540657000,-4.759765625,-1.583984375,-0.9375,-0.390625,-0.51171875,-8.63671875
7319552694000,-4.900390625,-2.271484375,-0.75390625,-0.59375,-1.69140625,-5.0390625
7319554970000,-4.736328125,-2.591796875,-0.61328125,-1.04296875,-2.21875,-3.89453125
7319560051000,-4.447265625,-2.935546875,-0.44921875,-0.99609375,-2.265625,-4.04296875
7319563051000,-4.279296875,-3.123046875,-0.341796875,-1.48046875,-2.859375,-2.53125
7319565042000,-4.060546875,-3.29296875,-0.244140625,-2.0390625,-3.6328125,-0.734375
7319567520000,-3.833984375,-3.482421875,-0.123046875,-2.515625,-4.48046875,1.34375
7319569988000,-3.572265625,-3.673828125,0.01171875,-2.90625,-5.171875,3.18359375
7319572445000,-3.283203125,-3.8515625,0.171875,-2.8828125,-5.1953125,3.08984375
7319575030000,-2.927734375,-4.033203125,0.359375,-2.93359375,-5.70703125,4.76953125
7319577446000,-2.529296875,-4.205078125,0.552734375,-2.625,-6.09375,6.12890625
7319579927000,-2.04296875,-4.353515625,0.755859375,-2.609375,-6.125,6.02734375
7319582522000,-1.50390625,-4.44140625,0.951171875,-2.0859375,-6.41796875,7.34765625
7319584878000,-0.91796875,-4.51953125,1.134765625,-2.0625,-6.45703125,7.24609375
7319587406000,-0.283203125,-4.544921875,1.328125,-1.4453125,-6.52734375,8.421875
7319590134000,0.34375,-4.583984375,1.46875,-0.796875,-6.296875,9.73828125
7319594894000,1.595703125,-4.568359375,1.669921875,-0.765625,-6.3671875,9.51953125
7319597919000,2.23046875,-4.494140625,1.728515625,-0.0625,-5.82421875,10.71484375
7319600083000,2.880859375,-4.365234375,1.73828125,0.671875,-5.09765625,11.4921875
7319602322000,3.51953125,-4.21875,1.71484375,0.6875,-5.12109375,11.3984375
7319604906000,4.169921875,-4.0390625,1.65234375,1.44140625,-4.29296875,11.78515625
7319607384000,4.783203125,-3.84375,1.564453125,2.1875,-3.39453125,11.75390625
7319609792000,5.380859375,-3.65625,1.466796875,3.046875,-2.48046875,11.609375
7319614841000,6.412109375,-3.287109375,1.154296875,3.91796875,-1.66796875,11.09375
7319622549000,7.587890625,-2.69140625,0.5625,5.21875,-0.7734375,9.66796875
7319629858000,8.287109375,-1.8828125,-0.16796875,5.828125,0.28515625,7.8828125
7319634681000,8.3828125,-1.53125,-0.41796875,5.5703125,0.69140625,7.1875
7319637367000,8.388671875,-0.865234375,-0.912109375,5.4140625,1.00390625,6.53125
7319642397000,8.10546875,-0.1796875,-1.3671875,5.421875,1.08203125,6.546875
7319645430000,7.841796875,0.19140625,-1.54296875,5.32421875,1.578125,5.91015625
7319647304000,7.5,0.5703125,-1.716796875,5.046875,1.8046875,5.26953125
7319649819000,7.1015625,0.974609375,-1.865234375,5.02734375,1.78515625,4.58203125
7319657382000,5.669921875,2.244140625,-2.142578125,4.90234375,1.234375,2.6015625
7319664791000,4.05078125,3.615234375,-2.28125,4.9453125,0.5,-0.1484375
7319672306000,2.310546875,5.06640625,-2.341796875,4.359375,0.48828125,-3.09375
7319677334000,1.078125,5.912109375,-2.439453125,4.3203125,0.62109375,-2.8203125
7319679722000,0.486328125,6.259765625,-2.51953125,3.51171875,0.72265625,-4.36328125
7319682266000,-0.09765625,6.552734375,-2.5859375,2.65625,0.8046875,-6.1640625
7319684748000,-0.61328125,6.791015625,-2.67578125,2.6171875,0.875,-6.0078125
7319687126000,-1.10546875,6.943359375,-2.765625,1.7421875,1.00390625,-7.8984375
7319689645000,-1.548828125,7.0234375,-2.841796875,0.5859375,1.23046875,-9.6640625
7319692182000,-1.9296875,6.97265625,-2.927734375,-0.8125,1.44921875,-11.13671875
7319697348000,-2.533203125,6.4609375,-3.048828125,-2.26953125,1.671875,-12.40625
7319704757000,-3.029296875,4.71484375,-3.095703125,-4.55859375,1.953125,-13.91015625
7319712892000,-3.310546875,2.263671875,-2.859375,-5.05859375,1.81640625,-13.58203125
7319717237000,-3.4921875,0.81640625,-2.5234375,-4.6171875,1.5,-13.03125
7319719687000,-3.607421875,0.212890625,-2.322265625,-4.0234375,0.8984375,-12.1796875
7319724415000,-3.828125,-0.748046875,-1.912109375,-4.0234375,0.9296875,-12.1796875
7319727449000,-3.94921875,-1.095703125,-1.728515625,-2.19140625,-0.296875,-10.4453125
7319731990000,-4.140625,-1.560546875,-1.435546875,-2.16796875,-0.296875,-10.484375
7319734869000,-4.2265625,-1.716796875,-1.318359375,-1.453125,-0.8984375,-9.64453125
7319736983000,-4.28515625,-1.8515625,-1.2265625,-1.2265625,-1.2890625,-8.69140625
7319739538000,-4.330078125,-1.990234375,-1.15625,-1.2109375,-1.296875,-8.73046875
7319742082000,-4.3515625,-2.111328125,-1.099609375,-1.18359375,-1.85546875,-7.49609375
7319744576000,-4.38671875,-2.240234375,-1.037109375,-1.29296875,-2.50390625,-6.12890625
7319747194000,-4.400390625,-2.359375,-0.962890625,-1.65234375,-3.16015625,-4.87109375
7319752140000,-4.375,-2.611328125,-0.771484375,-1.60546875,-3.19140625,-4.95703125
7319756061000,-4.34375,-2.740234375,-0.638671875,-2.9609375,-4.73046875,-1.91015625
7319763762000,-4.1015625,-3.1171875,-0.107421875,-4.0390625,-6.11328125,0.99609375
7319771772000,-3.53125,-3.431640625,0.541015625,-4.08984375,-7.24609375,4.125
7319774702000,-2.97265625,-3.556640625,1.033203125,-3.73828125,-7.5625,5.4453125
7319779456000,-2.25390625,-3.67578125,1.52734375,-3.68359375,-7.65625,5.2890625
7319781823000,-1.83984375,-3.74609375,1.78515625,-3.10546875,-7.59765625,6.41796875
7319784516000,-1.396484375,-3.77734375,2.041015625,-2.17578125,-7.27734375,7.1953125
7319787154000,-0.953125,-3.771484375,2.279296875,-1.3828125,-6.64453125,7.75
7319789518000,-0.48046875,-3.765625,2.484375,-0.65234375,-5.90234375,8.0859375
7319795037000,0.47265625,-3.693359375,2.810546875,-0.06640625,-5.13671875,8.30078125
7319803041000,1.810546875,-3.57421875,2.958984375,1.0234375,-3.50390625,8.92578125
7319810904000,2.890625,-3.287109375,2.76171875,2.08203125,-2.0625,9.1328125
7319814447000,3.439453125,-3.01171875,2.5234375,2.59765625,-1.51953125,9.0625
7319816934000,3.650390625,-2.8671875,2.3984375,3.1015625,-0.92578125,8.97265625
7319819292000,3.8671875,-2.71875,2.236328125,3.1015625,-0.96484375,8.91796875
7319821745000,4.064453125,-2.568359375,2.09375,3.58203125,-0.52734375,8.6640625
7319824314000,4.2265625,-2.40625,1.935546875,4.078125,0.0,8.359375
7319829292000,4.5078125,-2.080078125,1.634765625,4.0859375,-0.0703125,8.265625
7319834315000,4.69921875,-1.703125,1.33203125,5.17578125,0.71484375,7.53125
7319842020000,4.826171875,-1.0,0.810546875,6.140625,1.30859375,6.3515625
7319849594000,4.650390625,0.107421875,0.28125,6.07421875,1.79296875,5.14453125
7319853842000,4.544921875,0.41015625,0.0859375,5.7890625,1.76953125,4.26171875
7319857216000,4.255859375,1.052734375,-0.328125,5.51953125,1.75390625,3.390625
7319859321000,4.130859375,1.40234375,-0.53515625,5.46484375,1.72265625,2.44140625
7319861853000,3.935546875,1.755859375,-0.7578125,5.46484375,1.75390625,2.48828125
7319864325000,3.728515625,2.158203125,-0.93359375,5.65625,1.87890625,1.77734375
7319869319000,3.197265625,2.9453125,-1.255859375,5.6484375,1.94921875,1.91015625
7319871849000,2.876953125,3.333984375,-1.376953125,5.84375,2.21875,1.48828125
7319874255000,2.53515625,3.724609375,-1.515625,5.95703125,2.3125,0.63671875
7319876737000,2.19921875,4.091796875,-1.646484375,5.94140625,2.3515625,0.73828125
7319879171000,1.87890625,4.48046875,-1.78125,5.92578125,2.33984375,-0.703125
7319881699000,1.572265625,4.849609375,-1.921875,5.9296875,2.30859375,-2.3671875
7319884391000,1.287109375,5.2421875,-2.080078125,5.8984375,2.36328125,-2.2421875
7319886682000,1.013671875,5.6171875,-2.244140625,5.6171875,2.38671875,-3.93359375
7319889227000,0.728515625,5.970703125,-2.423828125,4.9609375,2.66015625,-5.328125
7319891793000,0.44921875,6.224609375,-2.607421875,4.01171875,2.88671875,-6.69140625
7319896758000,-0.087890625,6.51171875,-2.9375,2.95703125,3.06640625,-7.9765625
7319904371000,-0.7578125,6.193359375,-3.3984375,0.39453125,3.11328125,-10.58984375
7319911826000,-1.185546875,5.037109375,-3.638671875,-1.921875,2.84375,-12.27734375
7319916526000,-1.283203125,4.431640625,-3.63671875,-2.5234375,2.5859375,-12.87890625
7319919128000,-1.509765625,3.162109375,-3.501953125,-2.609375,2.171875,-13.015625
7319921580000,-1.638671875,2.5625,-3.36328125,-2.640625,2.2421875,-12.9453125
7319924100000,-1.77734375,2.03515625,-3.201171875,-2.69140625,1.7421875,-12.6875
7319926645000,-1.927734375,1.54296875,-3.033203125,-2.6875,1.234375,-12.03515625
7319931588000,-2.287109375,0.671875,-2.6484375,-2.71875,1.3203125,-11.97265625
7319934531000,-2.45703125,0.302734375,-2.47265625,-2.5703125,0.7734375,-11.23046875
7319936691000,-2.62109375,-0.021484375,-2.3046875,-2.15625,0.26171875,-10.37890625
7319939202000,-2.76953125,-0.271484375,-2.150390625,-2.15625,0.29296875,-10.37109375
7319941540000,-2.890625,-0.46875,-2.017578125,-1.66796875,-0.27734375,-9.51171875
7319943881000,-2.9609375,-0.625,-1.90625,-1.37109375,-0.625,-8.62890625
7319946528000,-3.01171875,-0.76953125,-1.802734375,-1.140625,-0.8359375,-7.53515625
7319949016000,-3.060546875,-0.904296875,-1.7109375,-1.140625,-0.828125,-7.54296875
7319951521000,-3.099609375,-1.03125,-1.611328125,-1.171875,-1.0234375,-6.46875
7319954105000,-3.109375,-1.16015625,-1.53515625,-1.1640625,-1.015625,-6.484375
7319956587000,-3.119140625,-1.271484375,-1.443359375,-1.39453125,-1.1953125,-5.43359375
7319958992000,-3.12109375,-1.390625,-1.349609375,-1.6640625,-1.51171875,-4.33984375
7319961524000,-3.095703125,-1.49609375,-1.265625,-1.6484375,-1.51171875,-4.36328125
7319963852000,-3.0703125,-1.611328125,-1.140625,-1.9453125,-1.84765625,-3.46484375
7319966890000,-3.001953125,-1.71875,-1.01953125,-2.33203125,-2.23828125,-2.671875
7319971303000,-2.94140625,-1.8203125,-0.88671875,-2.6796875,-2.5078125,-1.796875
7319975355000,-2.767578125,-2.048828125,-0.568359375,-2.90625,-2.80859375,-0.94921875
7319982978000,-2.48046875,-2.443359375,-0.025390625,-3.3125,-3.46875,1.1015625
7319990946000,-2.12890625,-2.869140625,0.609375,-3.67578125,-4.5703125,4.078125
7319993915000,-1.85546875,-3.126953125,1.064453125,-3.640625,-5.08984375,5.4140625
7319996394000,-1.66796875,-3.234375,1.302734375,-3.4921875,-5.42578125,6.40234375
7319998961000,-1.455078125,-3.33984375,1.52734375,-3.4609375,-5.47265625,6.32421875
7320001470000,-1.1796875,-3.412109375,1.751953125,-3.12109375,-5.6640625,7.2421875
7320006452000,-0.46484375,-3.494140625,2.22265625,-3.06640625,-5.7734375,7.0859375
7320008969000,-0.0546875,-3.505859375,2.443359375,-1.6953125,-5.7109375,8.1484375
7320014007000,0.89453125,-3.5234375,2.734375,-1.640625,-5.8203125,7.984375
7320016848000,1.3828125,-3.501953125,2.857421875,-1.07421875,-5.1640625,8.32421875
7320018789000,1.892578125,-3.46875,2.943359375,-0.390625,-4.328125,8.39453125
7320021429000,2.40234375,-3.447265625,3.0078125,-0.3671875,-4.390625,8.30078125
7320023986000,2.890625,-3.4296875,3.0234375,0.1171875,-3.640625,8.37890625
7320026293000,3.359375,-3.380859375,3.001953125,0.67578125,-3.0625,8.578125
7320028737000,3.806640625,-3.296875,2.935546875,1.34375,-2.36328125,8.65234375
7320033816000,4.60546875,-3.13671875,2.73046875,1.74609375,-1.73828125,8.59375
7320041378000,5.59375,-2.783203125,2.275390625,3.0703125,-0.1328125,7.9140625
7320048974000,6.3515625,-2.478515625,1.71875,4.5078125,1.5390625,6.37890625
7320053629000,6.51953125,-2.322265625,1.51171875,5.85546875,2.453125,5.43359375
7320056287000,6.693359375,-1.751953125,1.056640625,5.66015625,3.1953125,5.03125
7320058788000,6.681640625,-1.5078125,0.794921875,5.66015625,3.203125,4.9921875
7320061338000,6.580078125,-1.326171875,0.50390625,5.19140625,3.8515625,4.58984375
7320063783000,6.423828125,-1.138671875,0.203125,4.44140625,3.890625,3.89453125
7320068729000,5.939453125,-0.703125,-0.482421875,4.44140625,3.9375,3.85546875
7320076251000,5.0234375,0.373046875,-1.361328125,4.5859375,3.4375,1.9375
7320080810000,4.666015625,0.806640625,-1.564453125,5.03515625,3.0546875,0.6015625
7320088730000,2.755859375,2.44140625,-2.05859375,4.6953125,2.76171875,-0.8671875
7320091080000,2.24609375,2.84375,-2.150390625,4.6484375,2.65234375,-1.984375
7320096194000,1.216796875,3.640625,-2.306640625,4.609375,2.76953125,-1.828125
7320098610000,0.71875,3.986328125,-2.380859375,4.125,2.640625,-2.98828125
7320101145000,0.220703125,4.27734375,-2.455078125,3.5,2.4921875,-4.1796875
7320103842000,-0.25,4.525390625,-2.53515625,3.4765625,2.5546875,-4.0703125
7320106163000,-0.69140625,4.740234375,-2.642578125,2.11328125,2.046875,-6.92578125
7320108638000,-1.09375,4.9375,-2.734375,2.08203125,2.109375,-6.80078125
7320111146000,-1.470703125,5.078125,-2.837890625,1.2265625,1.953125,-8.0625
7320113618000,-1.806640625,5.16796875,-2.93359375,0.25,1.94921875,-9.3671875
7320116177000,-2.103515625,5.193359375,-3.021484375,0.2109375,2.01171875,-9.234375
7320118593000,-2.375,5.138671875,-3.0859375,-0.796875,2.03515625,-10.515625
7320121084000,-2.607421875,4.98828125,-3.15625,-0.84375,2.08984375,-10.390625
7320123469000,-2.814453125,4.748046875,-3.22265625,-1.78125,2.15625,-11.625
7320126114000,-2.984375,4.423828125,-3.236328125,-2.52734375,2.14453125,-12.6953125
7320131728000,-3.185546875,3.5078125,-3.201171875,-3.2265625,2.15625,-13.2578125
7320139574000,-3.390625,1.62890625,-2.921875,-3.84765625,1.84375,-13.37109375
7320147656000,-3.62890625,0.1015625,-2.509765625,-3.63671875,1.1796875,-11.53515625
7320151111000,-3.939453125,-0.75,-2.21875,-3.44140625,0.99609375,-10.40234375
7320153500000,-4.119140625,-1.1171875,-2.080078125,-3.05859375,0.49609375,-9.48828125
7320158499000,-4.486328125,-1.66015625,-1.83984375,-3.05078125,0.50390625,-9.51171875
7320161233000,-4.634765625,-1.859375,-1.728515625,-2.67578125,-0.13671875,-8.78125
7320163382000,-4.779296875,-2.037109375,-1.63671875,-2.51953125,-0.62890625,-8.046875
7320165956000,-4.8984375,-2.212890625,-1.5546875,-2.28125,-1.19140625,-7.1953125
7320168530000,-5.021484375,-2.37109375,-1.44921875,-2.1484375,-1.8984375,-6.10546875
7320171030000,-5.138671875,-2.55078125,-1.3828125,-2.1328125,-1.9140625,-6.14453125
7320173561000,-5.267578125,-2.7109375,-1.265625,-2.59765625,-2.50390625,-4.84375
7320178466000,-5.5078125,-3.056640625,-1.033203125,-2.55859375,-2.53515625,-4.9296875
7320181466000,-5.60546875,-3.248046875,-0.875,-3.1796875,-3.1875,-3.60546875
7320183457000,-5.689453125,-3.4296875,-0.703125,-3.640625,-3.9375,-2.5703125
7320186012000,-5.71875,-3.619140625,-0.505859375,-4.00390625,-4.7109375,-1.9921875
7320188441000,-5.71875,-3.8125,-0.27734375,-4.28515625,-5.3984375,-1.62109375
7320193436000,-5.63671875,-4.18359375,0.224609375,-4.42578125,-6.12890625,-0.95703125
7320202234000,-5.40625,-4.775390625,1.10546875,-4.04296875,-7.5078125,0.921875
7320208423000,-5.06640625,-5.439453125,2.068359375,-3.30078125,-8.3515625,2.05078125
7320213397000,-4.693359375,-5.8046875,2.724609375,-2.8203125,-8.484375,2.49609375
7320215878000,-4.470703125,-5.978515625,3.03125,-2.33203125,-8.33984375,3.16015625
7320218290000,-4.232421875,-6.1640625,3.328125,-2.30078125,-8.42578125,3.02734375
7320220872000,-4.001953125,-6.326171875,3.6015625,-1.72265625,-8.31640625,3.67578125
7320223250000,-3.759765625,-6.474609375,3.845703125,-1.30859375,-8.08203125,4.3203125
7320225813000,-3.5078125,-6.6328125,4.0546875,-1.28515625,-8.19921875,4.1640625
7320228432000,-3.265625,-6.771484375,4.251953125,-0.84765625,-7.828125,4.9375
7320236233000,-2.52734375,-7.01953125,4.62890625,0.546875,-7.1171875,6.0234375
7320240832000,-2.046875,-6.98046875,4.771484375,1.7734375,-6.7890625,6.30859375
7320253109000,-1.572265625,-6.107421875,4.96484375,2.5546875,-5.08984375,8.53515625
7320255768000,-1.39453125,-6.029296875,4.88671875,3.234375,-4.71484375,8.265625
7320260901000,-1.06640625,-5.6640625,4.751953125,3.1875,-4.94921875,7.96875
7320263597000,-0.865234375,-5.455078125,4.66015625,3.59765625,-4.62109375,7.73828125
7320265843000,-0.62890625,-5.208984375,4.564453125,4.046875,-4.25390625,7.84375
7320268136000,-0.40625,-4.984375,4.4375,4.5703125,-3.8671875,7.91796875
7320275743000,0.255859375,-4.26953125,3.9921875,5.859375,-2.91796875,7.6875
7320283158000,0.873046875,-3.46875,3.380859375,5.9140625,-2.47265625,7.0
7320290880000,1.623046875,-2.552734375,2.62109375,6.73046875,-1.3125,6.5390625
7320295668000,2.154296875,-1.841796875,2.1015625,6.68359375,-1.4453125,6.46875
7320298284000,2.4375,-1.486328125,1.8125,7.16015625,-0.80078125,6.40625
7320300635000,2.6796875,-1.08203125,1.505859375,7.546875,-0.453125,6.1328125
7320303150000,2.98046875,-0.6953125,1.17578125,7.53125,-0.5,6.1328125
7320305795000,3.25,-0.265625,0.82421875,7.734375,-0.4140625,5.41015625
7320308154000,3.541015625,0.166015625,0.44140625,7.8671875,-0.1953125,4.3828125
7320310726000,3.830078125,0.609375,0.072265625,7.88671875,0.1640625,3.1484375
7320315560000,4.435546875,1.4921875,-0.708984375,7.90234375,0.1328125,3.25
7320318403000,4.701171875,1.953125,-1.072265625,8.04296875,0.26953125,2.21484375
7320320717000,4.87109375,2.400390625,-1.458984375,8.26171875,0.890625,2.07421875
7320323313000,4.91796875,2.798828125,-1.82421875,7.52734375,1.765625,2.8671875
7320325648000,4.875,3.212890625,-2.181640625,7.04296875,1.89453125,2.32421875
7320327893000,4.80078125,3.6640625,-2.541015625,7.08203125,1.92578125,2.43359375
7320330624000,4.681640625,4.171875,-2.876953125,7.09375,1.98046875,1.640625
7320338095000,4.232421875,5.9765625,-3.697265625,7.05859375,1.94921875,1.01171875
7320343117000,3.982421875,7.380859375,-4.080078125,6.83984375,1.19140625,-2.25
7320350537000,3.541015625,9.07421875,-4.337890625,5.56640625,0.72265625,-6.0
7320354880000,3.34765625,9.453125,-4.306640625,4.66015625,0.48828125,-7.80859375
7320357926000,2.869140625,9.83984375,-4.205078125,4.68359375,0.71484375,-7.31640625
7320360454000,2.66796875,9.8515625,-4.12890625,1.83203125,-0.0703125,-12.015625
7320362919000,2.509765625,9.763671875,-4.025390625,1.82421875,0.0390625,-11.765625
7320365591000,2.384765625,9.56640625,-3.93359375,-0.18359375,0.109375,-14.234375
7320373109000,2.333984375,7.966796875,-3.591796875,-3.3828125,0.375,-17.61328125
7320377996000,2.205078125,6.458984375,-3.376953125,-5.3203125,1.109375,-16.80078125
7320389983000,0.904296875,2.798828125,-2.7109375,-8.125,1.0546875,-12.1796875
7320392887000,-0.08203125,1.142578125,-2.109375,-7.06640625,0.40234375,-11.1484375
7320398086000,-0.994140625,-0.111328125,-1.34765625,-7.07421875,0.48046875,-11.125
7320400727000,-1.36328125,-0.55859375,-0.98046875,-5.83984375,-0.26171875,-10.18359375
7320402684000,-1.66015625,-0.8984375,-0.615234375,-5.01953125,-0.82421875,-9.28125
7320405460000,-1.900390625,-1.203125,-0.296875,-4.828125,-0.9296875,-8.36328125
7320407993000,-2.05078125,-1.455078125,0.0,-4.6015625,-1.2265625,-7.20703125
7320410366000,-2.17578125,-1.712890625,0.27734375,-4.59375,-1.25,-7.24609375
7320412894000,-2.2109375,-1.99609375,0.5234375,-3.9765625,-1.828125,-6.0390625
7320415324000,-2.232421875,-2.28515625,0.7578125,-3.56640625,-2.328125,-4.7265625
7320417803000,-2.20703125,-2.611328125,0.98828125,-3.55078125,-2.359375,-4.7890625
7320420401000,-2.125,-2.9296875,1.205078125,-3.32421875,-2.7890625,-3.58203125
7320422757000,-2.001953125,-3.267578125,1.4453125,-3.30859375,-2.828125,-3.65234375
7320425271000,-1.81640625,-3.599609375,1.67578125,-3.12109375,-3.24609375,-2.3046875
7320427993000,-1.599609375,-3.935546875,1.91796875,-2.87890625,-3.58203125,-0.98828125
7320432882000,-1.005859375,-4.53125,2.380859375,-2.83203125,-3.70703125,-1.19140625
7320435472000,-0.61328125,-4.775390625,2.599609375,-2.375,-3.9296875,-0.046875
7320437751000,-0.216796875,-4.970703125,2.796875,-1.7578125,-3.96484375,1.00390625
7320440437000,0.224609375,-5.171875,2.953125,-1.7421875,-4.03515625,0.87890625
7320442823000,0.65234375,-5.359375,3.09375,-1.16015625,-3.7890625,1.828125
7320445382000,1.126953125,-5.537109375,3.203125,-0.65625,-3.3671875,2.7578125
7320447860000,1.609375,-5.712890625,3.26953125,-0.33203125,-2.921875,3.70703125
7320455095000,3.12890625,-6.1796875,3.203125,1.34765625,-1.74609375,5.47265625
7320460268000,4.005859375,-6.15625,3.05859375,2.3828125,-1.140625,6.13671875
7320472213000,5.197265625,-5.52734375,2.44140625,4.71875,0.25390625,7.08203125
7320475175000,5.56640625,-5.091796875,1.982421875,4.75390625,0.81640625,6.65625
7320477716000,5.724609375,-4.896484375,1.72265625,4.70703125,1.29296875,6.15234375
7320480274000,5.875,-4.693359375,1.44921875,4.69921875,1.25390625,6.06640625
7320482636000,5.96875,-4.466796875,1.16015625,4.75,1.6640625,5.55859375
7320487837000,6.115234375,-3.984375,0.56640625,4.734375,1.609375,5.41796875
7320491724000,6.1171875,-3.7578125,0.275390625,4.78125,2.2734375,5.7265625
7320499742000,5.826171875,-2.951171875,-0.484375,5.03125,2.4765625,5.98046875
7320510150000,4.71484375,-1.2578125,-1.42578125,4.63671875,2.0078125,4.7421875
7320515092000,4.25390625,-0.630859375,-1.734375,4.65234375,2.0703125,4.7421875
7320517658000,4.052734375,-0.27734375,-1.919921875,4.31640625,1.6015625,3.7265625
7320520244000,3.849609375,0.109375,-2.064453125,4.859375,1.35546875,2.640625
7320522552000,3.62109375,0.548828125,-2.1796875,4.8671875,1.39453125,2.65625
7320525233000,3.37109375,0.982421875,-2.25390625,5.96875,1.4296875,1.49609375
7320527482000,3.076171875,1.43359375,-2.314453125,5.984375,1.4765625,1.53515625
7320530041000,2.73046875,1.931640625,-2.38671875,5.51953125,1.55078125,0.84375
7320532637000,2.369140625,2.41796875,-2.521484375,4.98046875,1.59375,-0.07421875
7320534959000,1.998046875,2.876953125,-2.650390625,4.99609375,1.65625,-0.00390625
7320537658000,1.6328125,3.359375,-2.78515625,5.16796875,1.48046875,-1.19140625
7320542490000,0.927734375,4.4296875,-3.060546875,5.19140625,1.62890625,-0.99609375
7320545281000,0.603515625,4.947265625,-3.193359375,5.6015625,0.765625,-3.71484375
7320550610000,-0.02734375,6.08203125,-3.439453125,5.69140625,0.60546875,-5.18359375
7320558378000,-0.9296875,7.44140625,-3.794921875,4.5234375,0.515625,-8.0703125
7320566675000,-1.6953125,8.216796875,-4.0546875,3.375,0.171875,-11.1171875
7320569989000,-2.00390625,8.314453125,-4.158203125,2.796875,-0.19921875,-12.90625
7320572548000,-2.08984375,8.201171875,-4.19921875,2.046875,-0.74609375,-15.0234375
7320577374000,-2.048828125,7.57421875,-4.275390625,1.9609375,-0.56640625,-14.6484375
7320579872000,-1.931640625,7.056640625,-4.3125,0.49609375,-0.59765625,-16.4921875
7320582585000,-1.75390625,6.29296875,-4.359375,-1.71484375,-0.4453125,-17.41015625
7320585322000,-1.58203125,5.419921875,-4.384765625,-3.41015625,-0.06640625,-17.46484375
7320592584000,-1.095703125,2.6875,-4.36328125,-6.17578125,0.70703125,-15.19140625
7320599959000,-1.052734375,0.0546875,-4.01953125,-6.28125,0.63671875,-13.48828125
7320609245000,-1.3828125,-2.072265625,-3.298828125,-3.37109375,-0.8125,-9.21875
7320612278000,-1.650390625,-2.865234375,-2.78515625,-3.34765625,-0.703125,-9.3203125
7320614804000,-1.802734375,-3.12890625,-2.548828125,-2.40234375,-1.17578125,-7.9765625
7320617264000,-1.919921875,-3.380859375,-2.34765625,-1.609375,-1.59375,-6.6875
7320619895000,-2.015625,-3.591796875,-2.154296875,-1.5859375,-1.546875,-6.765625
7320622188000,-2.12109375,-3.78125,-2.0,-1.0078125,-1.890625,-5.37890625
7320624791000,-2.22265625,-3.91015625,-1.859375,-0.8125,-2.0625,-3.82421875
7320627422000,-2.330078125,-3.986328125,-1.7421875,-1.0625,-2.10546875,-2.09375
7320632335000,-2.587890625,-4.044921875,-1.53125,-1.20703125,-2.171875,-0.1875
7320639924000,-3.181640625,-3.98828125,-1.224609375,-1.5546875,-2.671875,3.58203125
7320647127000,-3.76171875,-3.830078125,-0.8125,-2.296875,-3.375,6.75390625
7320652282000,-4.068359375,-3.6640625,-0.458984375,-2.58984375,-3.8828125,8.20703125
7320654742000,-4.185546875,-3.583984375,-0.2578125,-2.8125,-4.4609375,9.65234375
7320659813000,-4.314453125,-3.421875,0.203125,-2.78125,-4.4921875,9.51171875
7320662498000,-4.34375,-3.3359375,0.451171875,-2.82421875,-5.12890625,10.91796875
7320664768000,-4.328125,-3.279296875,0.703125,-2.75,-5.703125,11.97265625
7320667380000,-4.23828125,-3.19140625,0.955078125,-2.6640625,-6.109375,12.8125
7320674751000,-3.67578125,-3.048828125,1.658203125,-2.84765625,-6.453125,14.28125
7320679705000,-3.064453125,-3.009765625,2.05859375,-2.75,-6.5625,15.13671875
7320689682000,-1.48046875,-2.849609375,2.6171875,-0.85546875,-6.4375,17.02734375
7320694705000,-0.509765625,-2.716796875,2.81640625,-0.83984375,-6.5703125,16.89453125
7320697012000,0.025390625,-2.669921875,2.873046875,0.64453125,-5.9140625,16.91015625
7320699632000,0.58984375,-2.6171875,2.890625,0.65234375,-5.984375,16.83984375
7320702053000,1.173828125,-2.5078125,2.912109375,1.81640625,-5.10546875,16.06640625
7320707055000,2.28515625,-2.185546875,2.8828125,1.82421875,-5.24609375,15.94921875
7320709716000,2.79296875,-1.89453125,2.8359375,3.0625,-4.37109375,15.140625
7320712171000,3.24609375,-1.7578125,2.775390625,3.8359375,-3.38671875,14.6796875
7320714505000,3.66796875,-1.728515625,2.6796875,3.8359375,-3.44921875,14.640625
7320717150000,4.041015625,-1.73046875,2.55859375,3.75,-2.75390625,14.25
7320719704000,4.376953125,-1.71484375,2.4140625,4.21875,-2.08984375,13.53125
7320722045000,4.69921875,-1.681640625,2.255859375,4.21875,-2.13671875,13.4921875
7320724566000,4.9921875,-1.603515625,2.083984375,6.06640625,-1.44140625,11.18359375
7320726974000,5.271484375,-1.4609375,1.89453125,6.06640625,-1.48828125,11.14453125
7320729552000,5.53125,-1.314453125,1.71484375,6.82421875,-1.31640625,9.7421875
7320732154000,5.796875,-1.142578125,1.501953125,6.82421875,-1.35546875,9.7109375
7320734487000,6.017578125,-0.890625,1.294921875,7.99609375,-1.00390625,8.2421875
7320736993000,6.197265625,-0.603515625,1.03125,7.99609375,-1.03515625,8.234375
7320739702000,6.37109375,-0.337890625,0.794921875,8.30078125,-0.73046875,7.01171875
7320742018000,6.46484375,-0.09765625,0.53125,8.1875,-0.23046875,5.96484375
7320744619000,6.52734375,0.1640625,0.25390625,7.765625,0.328125,5.16796875
7320746855000,6.5078125,0.404296875,-0.046875,7.765625,0.328125,5.17578125
7320749462000,6.4296875,0.650390625,-0.33984375,7.390625,0.76953125,4.67578125
7320757033000,5.892578125,1.58984375,-1.060546875,7.37109375,0.8984375,4.0078125
7320761951000,5.42578125,2.40625,-1.404296875,7.9375,0.24609375,0.99609375
7320772169000,4.423828125,4.0390625,-1.7109375,6.98046875,0.05078125,-6.14453125
7320777026000,3.806640625,4.728515625,-1.78125,6.97265625,0.14453125,-5.92578125
7320779604000,3.427734375,5.02734375,-1.806640625,5.921875,0.2578125,-8.1953125
7320781931000,3.01953125,5.306640625,-1.833984375,4.6328125,0.41015625,-10.35546875
7320784587000,2.56640625,5.54296875,-1.85546875,3.79296875,0.6171875,-12.2734375
7320786807000,2.044921875,5.748046875,-1.861328125,3.3359375,0.69140625,-14.23828125
7320791989000,0.986328125,6.037109375,-1.892578125,2.88671875,0.79296875,-16.2109375
7320799439000,-0.5234375,6.03515625,-1.94921875,2.21484375,0.9921875,-20.34765625
7320808849000,-1.677734375,5.494140625,-2.0859375,1.30859375,1.47265625,-23.83203125
7320811753000,-2.259765625,4.896484375,-2.28515625,0.59765625,1.578125,-24.9609375
7320814365000,-2.5078125,4.525390625,-2.421875,-0.03515625,1.484375,-25.375
7320816885000,-2.732421875,4.1171875,-2.552734375,-0.07421875,1.53125,-25.2734375
7320819361000,-2.9296875,3.685546875,-2.697265625,-0.56640625,1.3671875,-24.9296875
7320821815000,-3.12890625,3.24609375,-2.8203125,-0.59765625,1.40625,-24.84375
7320824506000,-3.326171875,2.783203125,-2.908203125,-0.87109375,1.1171875,-23.80859375
7320826782000,-3.521484375,2.318359375,-2.96484375,-0.828125,0.62890625,-22.46484375
7320832430000,-3.87109375,1.416015625,-2.953125,-0.64453125,0.30859375,-20.87890625
7320840060000,-4.162109375,-0.08984375,-2.615234375,-0.44140625,-0.69140625,-18.04296875
7320848026000,-4.197265625,-1.3671875,-2.185546875,-0.4609375,-0.8203125,-14.3671875
7320851617000,-4.23046875,-2.01953125,-1.923828125,-0.6875,-0.7109375,-12.546875
7320854224000,-4.267578125,-2.296875,-1.826171875,-0.6015625,-0.75,-11.02734375
7320859209000,-4.365234375,-2.765625,-1.654296875,-0.5625,-0.734375,-11.12109375
7320862175000,-4.45703125,-2.951171875,-1.578125,0.0,-0.83203125,-9.9453125
7320864172000,-4.53515625,-3.087890625,-1.501953125,0.84765625,-0.95703125,-8.9296875
7320866678000,-4.6328125,-3.1875,-1.447265625,1.6171875,-0.96484375,-7.82421875
7320874172000,-5.064453125,-3.330078125,-1.302734375,2.19921875,-1.078125,-5.24609375
7320879181000,-5.41015625,-3.248046875,-1.26953125,1.9609375,-1.296875,-3.6171875
7320890974000,-6.181640625,-2.671875,-1.2421875,0.69140625,-3.3671875,1.48046875
7320894103000,-6.513671875,-2.265625,-1.2109375,0.09375,-4.3203125,2.8359375
7320896611000,-6.63671875,-2.05859375,-1.171875,-0.609375,-5.18359375,4.00390625
7320899088000,-6.70703125,-1.880859375,-1.1328125,-0.6015625,-5.19921875,3.97265625
7320901704000,-6.716796875,-1.693359375,-1.05859375,-1.5703125,-5.98046875,4.91796875
7320906617000,-6.548828125,-1.42578125,-0.9296875,-1.5625,-6.00390625,4.87109375
7320914043000,-5.931640625,-1.22265625,-0.703125,-3.546875,-7.07421875,6.90234375
7320918433000,-5.640625,-1.203125,-0.630859375,-5.09765625,-7.2734375,9.6796875
7320929226000,-3.919921875,-1.060546875,-0.1640625,-6.87109375,-7.80078125,14.0
7320934047000,-3.068359375,-0.94921875,-0.00390625,-6.86328125,-7.83203125,13.96875
7320936501000,-2.607421875,-0.884765625,0.095703125,-6.94140625,-7.9921875,14.98046875
7320938986000,-2.15625,-0.8359375,0.232421875,-6.64453125,-8.08203125,15.81640625
7320941614000,-1.71875,-0.794921875,0.376953125,-6.26171875,-8.1171875,16.52734375
7320943995000,-1.255859375,-0.818359375,0.53125,-6.0234375,-8.1015625,17.01953125
7320946535000,-0.81640625,-0.86328125,0.71875,-6.015625,-8.1171875,16.99609375
7320949059000,-0.37109375,-0.927734375,0.90625,-5.74609375,-7.9765625,17.26171875
7320951428000,0.05859375,-0.958984375,1.1015625,-5.6171875,-7.828125,17.55859375
7320954066000,0.484375,-1.005859375,1.2890625,-5.6171875,-7.859375,17.52734375
7320956460000,0.91796875,-1.04296875,1.482421875,-5.72265625,-7.55859375,17.609375
7320958922000,1.35546875,-1.0859375,1.669921875,-5.71484375,-7.59765625,17.5859375
7320961644000,1.7890625,-1.146484375,1.84765625,-5.8046875,-7.3125,17.48828125
7320963948000,2.228515625,-1.251953125,2.01171875,-5.421875,-7.07421875,17.3515625
7320968786000,3.05859375,-1.52734375,2.330078125,-5.40625,-7.16015625,17.28125
7320971917000,3.4609375,-1.69140625,2.466796875,-4.6328125,-6.9765625,16.99609375
7320974021000,3.837890625,-1.833984375,2.59765625,-3.66015625,-6.74609375,16.5390625
7320976540000,4.21484375,-1.96484375,2.703125,-3.65234375,-6.80078125,16.4921875
7320978888000,4.572265625,-2.048828125,2.7890625,-2.58984375,-6.36328125,15.87109375
7320981562000,4.890625,-2.048828125,2.849609375,-1.05078125,-5.7578125,15.08984375
7320983975000,5.193359375,-1.91015625,2.923828125,0.30859375,-5.04296875,14.609375
7320986413000,5.45703125,-1.806640625,2.92578125,0.6875,-4.09375,14.078125
7320991540000,5.880859375,-1.73828125,2.87890625,1.765625,-2.91015625,12.73828125
7320998867000,6.462890625,-1.796875,2.59375,4.0625,-0.4453125,9.5859375
7321008486000,7.01171875,-1.341796875,2.1328125,5.140625,1.765625,7.1953125
7321011405000,7.20703125,-1.244140625,1.66015625,5.16015625,2.5234375,5.90625
7321013825000,7.2421875,-1.2578125,1.34375,5.28515625,3.20703125,4.6875
7321016423000,7.279296875,-1.244140625,1.01171875,5.29296875,3.19140625,4.6640625
7321018883000,7.26171875,-1.208984375,0.681640625,5.9453125,3.6328125,3.5078125
7321023780000,7.142578125,-0.962890625,0.060546875,6.59375,3.80078125,2.47265625
7321031397000,6.662109375,-0.21875,-0.5703125,7.3203125,3.7578125,1.3515625
7321038798000,5.701171875,0.732421875,-0.875,7.63671875,3.14453125,-1.22265625
7321046267000,4.32421875,1.544921875,-0.97265625,6.01171875,2.296875,-6.27734375
7321051268000,3.302734375,2.029296875,-0.943359375,6.00390625,2.359375,-6.18359375
7321053639000,2.828125,2.271484375,-0.900390625,5.2109375,2.12109375,-7.91015625
7321056298000,2.36328125,2.5234375,-0.869140625,4.63671875,1.87890625,-9.72265625
7321058744000,1.927734375,2.7265625,-0.83203125,4.62890625,1.90234375,-9.66015625
7321061111000,1.537109375,2.912109375,-0.810546875,4.078125,1.75,-11.41796875
7321063686000,1.158203125,3.025390625,-0.798828125,3.6953125,1.57421875,-13.00390625
7321066119000,0.83203125,3.08984375,-0.794921875,3.3828125,1.3203125,-14.859375
7321068740000,0.560546875,3.19140625,-0.865234375,3.8828125,1.53515625,-17.00390625
7321071312000,0.3359375,3.341796875,-0.96875,3.875,1.55078125,-16.91796875
7321073581000,0.162109375,3.484375,-1.041015625,4.375,1.67578125,-19.26171875
7321078858000,-0.126953125,3.7578125,-1.279296875,4.34375,1.73046875,-19.08203125
7321081657000,-0.259765625,3.841796875,-1.474609375,4.08203125,1.88671875,-21.3828125
7321083785000,-0.396484375,3.880859375,-1.69140625,3.578125,2.18359375,-23.859375
7321086143000,-0.515625,3.890625,-1.94140625,2.94140625,2.5390625,-26.19140625
7321093650000,-0.845703125,3.5703125,-2.71484375,1.6640625,2.27734375,-29.68359375
7321101183000,-1.111328125,2.66015625,-3.37890625,-0.0234375,1.84765625,-30.12890625
7321108874000,-1.46484375,1.17578125,-3.65234375,-0.83203125,0.84765625,-28.45703125
7321113537000,-1.697265625,0.068359375,-3.517578125,-0.86328125,0.98828125,-28.41796875
7321116065000,-1.8046875,-0.482421875,-3.38671875,-1.36328125,0.3203125,-27.27734375
7321118419000,-1.908203125,-1.02734375,-3.234375,-2.15625,-0.44921875,-25.55859375
7321121096000,-2.041015625,-1.556640625,-3.056640625,-2.15625,-0.39453125,-25.57421875
7321123450000,-2.17578125,-2.08984375,-2.876953125,-2.921875,-1.1171875,-23.0390625
7321125926000,-2.3359375,-2.583984375,-2.669921875,-3.15625,-1.94921875,-19.8984375
7321128613000,-2.525390625,-3.0546875,-2.451171875,-3.05078125,-2.66796875,-16.8203125
7321133536000,-2.892578125,-3.861328125,-1.95703125,-3.01953125,-2.60546875,-16.9609375
7321136346000,-3.064453125,-4.17578125,-1.72265625,-2.890625,-3.24609375,-14.1328125
7321138477000,-3.24609375,-4.439453125,-1.47265625,-2.5859375,-3.9296875,-11.22265625
7321141053000,-3.388671875,-4.63671875,-1.25390625,-2.31640625,-4.515625,-8.09765625
7321143401000,-3.556640625,-4.791015625,-1.060546875,-2.109375,-5.046875,-5.03125
7321145913000,-3.697265625,-4.875,-0.86328125,-2.09375,-5.046875,-5.1328125
7321148505000,-3.8359375,-4.904296875,-0.6953125,-2.0625,-5.046875,-5.234375
7321151012000,-3.966796875,-4.873046875,-0.55078125,-1.69140625,-5.66796875,-2.453125
7321153523000,-4.091796875,-4.7890625,-0.408203125,-1.34375,-6.296875,0.23046875
7321155869000,-4.201171875,-4.677734375,-0.28515625,-1.328125,-6.3125,0.13671875
7321158387000,-4.298828125,-4.509765625,-0.162109375,-1.00390625,-6.8671875,2.609375
7321160986000,-4.37890625,-4.33984375,-0.013671875,-0.98828125,-6.8828125,2.5234375
7321163445000,-4.423828125,-4.173828125,0.138671875,-0.21875,-7.875,6.3359375
7321168454000,-4.41796875,-3.875,0.494140625,-0.1953125,-7.9140625,6.1796875
7321172832000,-4.392578125,-3.759765625,0.66796875,0.09765625,-8.89453125,8.79296875
7321180527000,-4.1796875,-3.59375,1.279296875,0.0390625,-10.06640625,10.6328125
7321188301000,-3.703125,-3.662109375,2.078125,0.13671875,-11.046875,12.22265625
7321190977000,-3.537109375,-3.69140625,2.265625,0.46875,-11.40625,13.21875
7321195715000,-3.150390625,-3.796875,2.6171875,0.4921875,-11.53125,13.0546875
7321198456000,-2.94140625,-3.85546875,2.7890625,0.99609375,-11.87890625,14.203125
7321200919000,-2.697265625,-3.892578125,2.943359375,1.6875,-12.12890625,15.375
7321203519000,-2.431640625,-3.91015625,3.072265625,2.5546875,-12.36328125,16.40234375
7321205907000,-2.16015625,-3.900390625,3.19140625,3.42578125,-12.453125,17.28515625
7321208324000,-1.84375,-3.861328125,3.29296875,3.42578125,-12.53125,17.19921875
7321210835000,-1.529296875,-3.818359375,3.38671875,4.26953125,-12.60546875,18.12109375
7321215769000,-0.83984375,-3.63671875,3.48046875,4.27734375,-12.76953125,17.93359375
7321218786000,-0.46484375,-3.451171875,3.44921875,5.38671875,-12.78515625,18.671875
7321220672000,-0.0859375,-3.294921875,3.4453125,6.1328125,-12.3984375,19.42578125
7321223306000,0.302734375,-3.11328125,3.416015625,7.53515625,-11.8515625,19.8359375
7321225882000,0.701171875,-2.8203125,3.40234375,8.86328125,-11.12109375,20.140625
7321228218000,1.060546875,-2.46875,3.36328125,8.85546875,-11.19921875,20.0703125
7321230801000,1.380859375,-2.048828125,3.318359375,10.0078125,-9.6875,20.453125
7321233412000,1.6171875,-1.607421875,3.267578125,9.98046875,-9.24609375,20.0625
7321235792000,1.841796875,-1.177734375,3.134765625,9.98046875,-9.33203125,20.03125
7321238284000,2.0625,-0.79296875,2.927734375,9.92578125,-8.75,19.26171875
7321240644000,2.29296875,-0.453125,2.669921875,9.91796875,-8.8203125,19.25390625
7321243231000,2.544921875,-0.15234375,2.3671875,9.8046875,-7.9921875,17.71484375
7321245801000,2.826171875,0.140625,2.068359375,9.86328125,-7.32421875,16.11328125
7321254897000,3.734375,0.962890625,1.173828125,9.9609375,-6.4921875,13.87890625
7321258861000,4.30078125,1.4609375,0.60546875,9.8828125,-6.16015625,13.0
7321270654000,5.208984375,2.3125,-0.287109375,9.87890625,-5.4609375,10.10546875
7321273311000,5.525390625,2.740234375,-0.626953125,9.9921875,-5.19921875,8.921875
7321278246000,5.806640625,3.20703125,-0.880859375,10.0,-5.17578125,9.09375
7321280899000,5.927734375,3.451171875,-0.98828125,9.8671875,-4.9921875,7.625
7321283110000,6.0546875,3.712890625,-1.08984375,9.73046875,-4.6953125,5.84375
7321285709000,6.154296875,3.939453125,-1.16796875,9.578125,-4.16796875,3.921875
7321293236000,6.23046875,4.66796875,-1.361328125,9.3203125,-2.6796875,-0.390625
7321300481000,6.00390625,5.486328125,-1.544921875,8.578125,-0.44140625,-6.21484375
7321308067000,5.453125,6.267578125,-1.830078125,6.86328125,1.9921875,-13.5
7321313137000,4.89453125,6.65234375,-2.1328125,6.81640625,2.125,-13.171875
7321315496000,4.568359375,6.81640625,-2.314453125,5.578125,3.32421875,-17.2578125
7321318128000,4.166015625,6.939453125,-2.513671875,4.12890625,4.3515625,-20.87109375
7321320368000,3.689453125,7.015625,-2.724609375,4.08984375,4.4375,-20.71484375
7321323078000,3.142578125,7.01171875,-2.966796875,2.640625,5.31640625,-23.546875
7321325596000,2.546875,6.94921875,-3.185546875,1.3515625,6.03125,-26.125
7321327922000,1.93359375,6.80078125,-3.392578125,0.44921875,6.484375,-29.21484375
7321335680000,0.32421875,5.970703125,-3.810546875,-0.20703125,6.83984375,-32.06640625
7321340557000,-0.486328125,5.0390625,-3.89453125,-1.7734375,6.88671875,-35.4921875
7321349081000,-1.30859375,3.17578125,-3.744140625,-3.6875,6.734375,-35.34765625
7321352849000,-1.69921875,1.77734375,-3.5,-4.61328125,6.65625,-33.7109375
7321355659000,-1.90234375,1.087890625,-3.353515625,-5.31640625,6.46875,-31.7578125
7321360380000,-2.25,-0.1640625,-3.015625,-5.33984375,6.5703125,-31.7265625
7321363109000,-2.40625,-0.72265625,-2.861328125,-5.98828125,5.99609375,-27.12890625
7321367895000,-2.673828125,-1.720703125,-2.521484375,-5.98046875,6.06640625,-27.16015625
7321370678000,-2.79296875,-2.166015625,-2.384765625,-6.25,5.92578125,-24.0859375
7321372803000,-2.8984375,-2.560546875,-2.267578125,-6.34765625,5.890625,-20.6875
7321375520000,-3.013671875,-2.84765625,-2.16015625,-6.33203125,5.9140625,-20.734375
7321377868000,-3.099609375,-3.068359375,-2.07421875,-6.31640625,5.8125,-17.08203125
7321380417000,-3.216796875,-3.21484375,-1.9921875,-6.3046875,5.63671875,-13.296875
7321382973000,-3.34765625,-3.283203125,-1.921875,-6.15625,5.35546875,-9.73046875
7321387880000,-3.59765625,-3.283203125,-1.802734375,-6.1171875,5.37890625,-9.84765625
7321392000000,-3.6875,-3.236328125,-1.7265625,-5.91015625,4.1875,-4.3671875
7321399858000,-3.923828125,-3.0625,-1.53515625,-5.81640625,2.61328125,-0.59375
7321407934000,-4.0390625,-3.0,-1.2109375,-5.84375,0.87890625,1.984375
7321410293000,-4.04296875,-3.072265625,-1.119140625,-5.89453125,-0.09765625,2.9921875
7321415434000,-4.017578125,-3.208984375,-0.8671875,-5.85546875,-0.10546875,2.875
7321418026000,-4.0234375,-3.328125,-0.708984375,-5.6875,-1.47265625,3.84765625
7321420276000,-4.021484375,-3.53125,-0.517578125,-5.9609375,-2.609375,5.49609375
7321422656000,-4.005859375,-3.66796875,-0.326171875,-5.7734375,-3.97265625,6.87109375
7321425309000,-3.9765625,-3.763671875,-0.138671875,-5.30078125,-5.15625,8.6328125
7321430283000,-3.90234375,-3.96484375,0.2890625,-4.99609375,-6.2578125,10.12890625
7321437744000,-3.486328125,-4.509765625,0.931640625,-3.90234375,-8.37890625,12.890625
7321446798000,-2.736328125,-4.796875,1.41796875,-2.21484375,-10.34765625,16.0546875
7321450286000,-2.11328125,-4.830078125,1.673828125,-1.27734375,-11.125,17.4140625
7321452710000,-1.779296875,-4.791015625,1.771484375,-0.5078125,-11.72265625,18.78125
7321455298000,-1.439453125,-4.72265625,1.869140625,-0.484375,-11.76953125,18.671875
7321457599000,-1.078125,-4.630859375,1.970703125,0.15234375,-12.29296875,19.90234375
7321460195000,-0.7421875,-4.4921875,2.046875,0.859375,-12.76171875,21.11328125
7321465191000,-0.0703125,-4.154296875,2.171875,0.890625,-12.86328125,20.90234375
7321470200000,0.55078125,-3.734375,2.251953125,2.7421875,-13.8515625,22.82421875
7321477705000,1.48046875,-2.81640625,2.333984375,5.76171875,-14.5625,23.5703125
7321485094000,2.41796875,-1.66015625,2.34765625,7.48046875,-14.21875,23.0078125
7321489958000,2.716796875,-1.34765625,2.326171875,8.0078125,-13.5234375,21.703125
7321492705000,3.384765625,-0.74609375,2.26171875,8.015625,-13.625,21.640625
7321497677000,4.06640625,-0.158203125,2.095703125,8.45703125,-12.921875,19.9921875
7321500374000,4.396484375,0.0859375,2.013671875,8.984375,-12.23046875,18.32421875
7321505195000,5.0,0.58203125,1.79296875,9.59765625,-11.60546875,16.64453125
7321507988000,5.26953125,0.8046875,1.66796875,10.16015625,-10.80859375,14.65625
7321510090000,5.5078125,0.986328125,1.544921875,10.671875,-9.875,12.37109375
7321512576000,5.6953125,1.173828125,1.4296875,10.6796875,-9.90625,12.38671875
7321515179000,5.86328125,1.337890625,1.318359375,10.921875,-8.86328125,10.1875
7321517453000,6.0,1.482421875,1.193359375,11.07421875,-7.81640625,8.21484375
7321520054000,6.080078125,1.630859375,1.0546875,11.07421875,-7.83984375,8.25390625
7321522726000,6.111328125,1.78125,0.92578125,11.2265625,-6.80859375,6.48046875
7321524967000,6.109375,1.955078125,0.80859375,11.37109375,-5.80078125,4.7109375
7321527516000,6.09375,2.146484375,0.673828125,11.53515625,-4.92578125,2.83984375
7321532614000,5.9375,2.548828125,0.408203125,11.74609375,-4.03125,0.80078125
7321540261000,5.58984375,3.1875,0.044921875,11.84375,-2.62109375,-5.0625
7321548533000,5.244140625,3.69921875,-0.33984375,10.1953125,-1.2109375,-11.5
7321552403000,4.900390625,3.90234375,-0.64453125,9.359375,-0.41015625,-13.91796875
7321555049000,4.68359375,4.0,-0.802734375,8.7109375,0.6328125,-16.44921875
7321560028000,4.11328125,4.142578125,-1.095703125,8.6875,0.703125,-16.26171875
7321562729000,3.798828125,4.1953125,-1.244140625,7.8671875,2.69140625,-22.1953125
7321568162000,3.064453125,4.197265625,-1.552734375,7.4921875,3.53515625,-25.04296875
7321575930000,1.837890625,4.044921875,-2.115234375,6.39453125,4.46484375,-29.84375
7321584068000,0.603515625,3.71875,-2.70703125,4.65234375,5.03125,-33.15234375
7321587290000,-0.119140625,3.30859375,-3.05859375,3.609375,5.296875,-33.8515625
7321589938000,-0.408203125,3.048828125,-3.197265625,2.6953125,5.375,-33.87890625
7321594848000,-0.875,2.455078125,-3.345703125,2.6484375,5.515625,-33.74609375
7321597588000,-1.052734375,2.111328125,-3.365234375,1.79296875,5.6796875,-32.7734375
7321599765000,-1.234375,1.72265625,-3.330078125,0.83203125,5.953125,-31.2578125
7321602343000,-1.380859375,1.337890625,-3.271484375,-0.1875,6.30859375,-29.390625
7321604811000,-1.513671875,0.94921875,-3.173828125,-1.3046875,6.765625,-27.2734375
7321607349000,-1.65234375,0.564453125,-3.07421875,-1.3125,6.8203125,-27.2421875
7321609937000,-1.76953125,0.146484375,-2.9375,-2.4609375,7.484375,-24.734375
7321614790000,-2.03125,-0.783203125,-2.640625,-2.4765625,7.5859375,-24.734375
7321617787000,-2.126953125,-1.21875,-2.49609375,-3.44140625,8.1484375,-22.296875
7321619591000,-2.220703125,-1.65234375,-2.359375,-4.71484375,8.8125,-19.62109375
7321622338000,-2.302734375,-2.03125,-2.25390625,-5.68359375,9.45703125,-17.09765625
7321624790000,-2.384765625,-2.353515625,-2.13671875,-6.26171875,9.79296875,-14.453125
7321629748000,-2.548828125,-2.8828125,-1.919921875,-6.37890625,9.89453125,-11.81640625
7321638588000,-2.80078125,-3.46484375,-1.650390625,-6.1796875,9.04296875,-6.6875
7321644796000,-2.97265625,-3.67578125,-1.5,-5.94921875,7.60546875,-2.05078125
7321649701000,-3.060546875,-3.62890625,-1.447265625,-5.53515625,6.57421875,-0.37109375
7321652243000,-3.11328125,-3.576171875,-1.439453125,-5.12890625,5.28515625,1.0546875
7321654672000,-3.1328125,-3.51953125,-1.447265625,-5.12109375,5.30078125,0.984375
7321657236000,-3.134765625,-3.44921875,-1.439453125,-4.7890625,3.78515625,2.203125
7321659561000,-3.11328125,-3.400390625,-1.43359375,-4.6171875,2.2421875,3.53125
7321662231000,-3.076171875,-3.35546875,-1.435546875,-4.6015625,2.265625,3.46875
7321664848000,-3.046875,-3.3359375,-1.419921875,-4.64453125,0.77734375,4.87109375
7321669625000,-2.9296875,-3.3671875,-1.369140625,-4.62890625,0.81640625,4.73828125
7321672040000,-2.869140625,-3.396484375,-1.3203125,-4.80078125,-0.7578125,6.171875
7321674639000,-2.80859375,-3.447265625,-1.244140625,-4.78515625,-2.50390625,7.65234375
7321677146000,-2.7421875,-3.5,-1.154296875,-4.77734375,-2.48828125,7.58984375
7321679611000,-2.708984375,-3.544921875,-1.044921875,-4.64453125,-4.2734375,9.1640625
7321682257000,-2.64453125,-3.6171875,-0.9140625,-4.4140625,-6.078125,10.62890625
7321684618000,-2.61328125,-3.6640625,-0.748046875,-4.4375,-7.86328125,11.73828125
7321692033000,-2.501953125,-3.91796875,-0.234375,-3.6484375,-11.109375,13.54296875
7321697098000,-2.44921875,-4.04296875,0.158203125,-3.375,-12.55078125,14.84375
7321709086000,-2.560546875,-3.76953125,1.041015625,-1.8046875,-15.96484375,18.46484375
7321711981000,-2.677734375,-3.583984375,1.412109375,-1.78125,-16.02734375,18.30859375
7321714508000,-2.697265625,-3.517578125,1.5859375,-1.33203125,-18.05859375,21.29296875
7321717078000,-2.681640625,-3.431640625,1.728515625,-1.32421875,-18.10546875,21.21484375
7321719504000,-2.62109375,-3.28515625,1.8515625,-0.53125,-18.91796875,22.6171875
7321724470000,-2.30078125,-2.810546875,2.119140625,-0.5078125,-19.01953125,22.484375
7321731998000,-1.3515625,-1.92578125,2.55859375,1.8515625,-19.625,23.8984375
7321736594000,-0.931640625,-1.650390625,2.701171875,4.34765625,-19.234375,23.99609375
7321746996000,1.5390625,-0.177734375,3.21484375,7.30859375,-17.296875,21.41796875
7321751973000,2.470703125,0.33203125,3.29296875,7.32421875,-17.4609375,21.41015625
7321754738000,2.8828125,0.537109375,3.291015625,7.734375,-16.2578125,20.44140625
7321757017000,3.271484375,0.716796875,3.2734375,8.18359375,-14.94140625,19.20703125
7321759432000,3.638671875,0.8984375,3.212890625,8.87109375,-13.7265625,17.546875
7321761986000,3.986328125,1.07421875,3.1484375,9.6171875,-12.43359375,15.3671875
7321764261000,4.31640625,1.2109375,3.09375,9.6171875,-12.49609375,15.3828125
7321767020000,4.625,1.345703125,2.98828125,10.26953125,-11.31640625,13.01953125
7321769500000,4.9296875,1.455078125,2.904296875,10.9375,-10.21875,10.7421875
7321774312000,5.435546875,1.619140625,2.701171875,10.9375,-10.359375,10.8046875
7321776859000,5.6015625,1.69140625,2.587890625,11.47265625,-9.2890625,8.6796875
7321779478000,5.72265625,1.763671875,2.4765625,11.80859375,-8.18359375,6.79296875
7321782034000,5.771484375,1.857421875,2.369140625,11.875,-7.00390625,4.97265625
7321784243000,5.76171875,1.9609375,2.255859375,11.875,-7.05859375,5.01953125
7321786850000,5.662109375,2.076171875,2.150390625,11.76171875,-5.91015625,3.2265625
7321794262000,5.052734375,2.51171875,1.89453125,11.859375,-5.0234375,1.4140625
7321799411000,4.369140625,2.783203125,1.775390625,11.59375,-2.87109375,-2.0625
7321809462000,3.048828125,3.107421875,1.66015625,10.8515625,-0.3671875,-7.50390625
7321814413000,2.634765625,3.126953125,1.60546875,10.8359375,-0.4296875,-7.33984375
7321816613000,2.46484375,3.109375,1.5703125,10.79296875,0.61328125,-8.8984375
7321819190000,2.34765625,3.0859375,1.52734375,10.71875,1.60546875,-10.41015625
7321821943000,2.25,3.080078125,1.44921875,10.8359375,2.64453125,-12.140625
7321824259000,2.1484375,3.087890625,1.357421875,10.90625,3.72265625,-14.16796875
7321826845000,2.099609375,3.095703125,1.25390625,10.890625,3.69921875,-14.08203125
7321829159000,2.046875,3.115234375,1.111328125,10.9296875,4.796875,-16.59765625
7321834302000,1.916015625,3.177734375,0.76953125,10.90625,4.7578125,-16.42578125
7321836995000,1.822265625,3.23828125,0.544921875,10.796875,5.83984375,-19.2421875
7321839117000,1.728515625,3.322265625,0.287109375,10.4453125,6.85546875,-22.0546875
7321841758000,1.576171875,3.4296875,-0.001953125,9.75,7.73828125,-24.734375
7321844136000,1.40234375,3.541015625,-0.32421875,8.796875,8.5390625,-27.140625
7321846715000,1.2265625,3.654296875,-0.65625,8.78125,8.5546875,-27.0546875
7321849247000,1.013671875,3.73828125,-1.005859375,7.75,9.09375,-29.20703125
7321851626000,0.802734375,3.779296875,-1.3671875,6.73046875,9.34375,-30.9140625
7321854244000,0.59375,3.79296875,-1.6953125,6.70703125,9.3828125,-30.828125
7321856602000,0.392578125,3.783203125,-2.037109375,5.76171875,9.44921875,-32.2109375
7321859109000,0.212890625,3.71875,-2.318359375,5.73828125,9.50390625,-32.1171875
7321861678000,0.048828125,3.6328125,-2.568359375,4.66796875,9.3671875,-33.0859375
7321864186000,-0.103515625,3.466796875,-2.78515625,3.41015625,9.21875,-33.36328125
7321869238000,-0.3828125,2.978515625,-3.08203125,3.37109375,9.359375,-33.20703125
7321871926000,-0.509765625,2.67578125,-3.14453125,1.8828125,9.3671875,-32.75390625
7321874032000,-0.646484375,2.3515625,-3.1875,0.484375,9.5546875,-31.72265625
7321876701000,-0.791015625,2.00390625,-3.1796875,0.46875,9.625,-31.67578125
7321879236000,-0.974609375,1.626953125,-3.13671875,-0.875,9.87890625,-30.09375
7321881568000,-1.1328125,1.2109375,-3.048828125,-2.29296875,10.23046875,-28.04296875
7321884191000,-1.328125,0.767578125,-2.962890625,-3.46875,10.63671875,-25.62890625
7321889023000,-1.513671875,0.294921875,-2.837890625,-4.52734375,10.77734375,-23.359375
7321893046000,-1.873046875,-0.65625,-2.5390625,-4.89453125,10.78515625,-21.453125
7321896598000,-2.177734375,-1.396484375,-2.205078125,-5.21875,10.62890625,-19.30078125
7321899018000,-2.330078125,-1.69140625,-2.0390625,-5.72265625,10.421875,-16.88671875
7321904092000,-2.56640625,-2.177734375,-1.810546875,-5.69921875,10.4765625,-16.96484375
7321906595000,-2.673828125,-2.375,-1.7265625,-6.27734375,10.38671875,-14.26953125
7321909131000,-2.7890625,-2.533203125,-1.69921875,-6.8046875,10.23046875,-11.42578125
7321911621000,-2.8828125,-2.671875,-1.6796875,-6.7890625,10.24609375,-11.48046875
7321914024000,-2.974609375,-2.783203125,-1.6953125,-7.05078125,9.8671875,-8.8515625
7321916340000,-3.025390625,-2.86328125,-1.732421875,-7.08203125,9.140625,-6.578125
7321919072000,-3.064453125,-2.89453125,-1.755859375,-7.05859375,9.1640625,-6.640625
7321921599000,-3.087890625,-2.9140625,-1.802734375,-6.9765625,8.13671875,-4.765625
7321923961000,-3.048828125,-2.908203125,-1.853515625,-6.9296875,6.87890625,-3.203125
7321926585000,-3.02734375,-2.91015625,-1.904296875,-7.01171875,5.48046875,-1.48046875
7321931421000,-2.95703125,-2.943359375,-1.958984375,-6.97265625,5.53515625,-1.59765625
7321933935000,-2.90625,-2.966796875,-2.001953125,-7.03125,4.046875,0.1796875
7321936532000,-2.8671875,-2.986328125,-2.017578125,-7.17578125,2.48828125,2.01171875
7321938950000,-2.826171875,-3.015625,-2.01171875,-7.16796875,2.51953125,1.94140625
7321941479000,-2.796875,-3.05859375,-1.990234375,-7.44921875,0.84375,3.66015625
7321943814000,-2.74609375,-3.115234375,-1.98828125,-7.921875,-0.953125,5.28515625
7321946454000,-2.693359375,-3.197265625,-1.931640625,-7.7421875,-3.05859375,6.8515625
7321951334000,-2.619140625,-3.220703125,-1.79296875,-7.91796875,-4.84375,8.75
7321955661000,-2.59375,-3.283203125,-1.6640625,-6.8203125,-6.94921875,9.9453125
7321958892000,-2.54296875,-3.154296875,-1.328125,-6.5390625,-8.6171875,11.59375
7321961444000,-2.564453125,-3.228515625,-1.138671875,-6.578125,-9.93359375,13.30859375
7321966391000,-2.63671875,-3.501953125,-0.703125,-6.80078125,-11.28125,14.6796875
7321968861000,-2.6484375,-3.6015625,-0.51171875,-7.03515625,-12.39453125,16.4140625
7321971365000,-2.669921875,-3.689453125,-0.330078125,-7.02734375,-12.39453125,16.3359375
7321973896000,-2.685546875,-3.755859375,-0.169921875,-6.875,-13.42578125,18.0859375
7321978982000,-2.646484375,-3.81640625,0.16796875,-6.8515625,-13.43359375,17.9140625
7321981801000,-2.595703125,-3.791015625,0.33203125,-5.20703125,-15.328125,21.4140625
7321986336000,-2.390625,-3.6484375,0.666015625,-5.19140625,-15.3671875,21.2578125
7321988915000,-2.232421875,-3.546875,0.849609375,-4.1484375,-16.00390625,22.89453125
7321991256000,-2.03515625,-3.400390625,1.033203125,-3.14453125,-16.4453125,24.25390625
7321993750000,-1.8046875,-3.240234375,1.20703125,-3.13671875,-16.4765625,24.17578125
7321996486000,-1.546875,-3.09375,1.3671875,-2.3828125,-16.85546875,25.3515625
7321998814000,-1.251953125,-2.91796875,1.48828125,-1.625,-17.14453125,26.23828125
7322001447000,-0.955078125,-2.736328125,1.609375,-0.82421875,-17.4140625,26.67578125
7322003769000,-0.615234375,-2.564453125,1.7109375,-0.82421875,-17.453125,26.61328125
7322006349000,-0.25,-2.34765625,1.787109375,0.171875,-17.74609375,26.73046875
7322008723000,0.10546875,-2.115234375,1.86328125,0.171875,-17.79296875,26.66796875
7322011105000,0.48828125,-1.810546875,1.951171875,1.47265625,-18.05078125,26.55859375
7322013889000,0.8671875,-1.46875,2.0234375,2.70703125,-18.09765625,26.48046875
7322016344000,1.220703125,-1.154296875,2.119140625,2.70703125,-18.14453125,26.44921875
7322018917000,1.578125,-0.912109375,2.19140625,3.25390625,-17.703125,25.84375
7322021229000,1.9296875,-0.69921875,2.26953125,3.81640625,-16.89453125,24.296875
7322023580000,2.2734375,-0.505859375,2.337890625,4.44921875,-16.03125,22.2421875
7322028776000,2.998046875,-0.19921875,2.421875,5.31640625,-15.08984375,20.3203125
7322037645000,3.990234375,0.138671875,2.501953125,6.9375,-12.55859375,16.9921875
7322041245000,4.49609375,0.244140625,2.48046875,7.6171875,-11.12109375,15.33203125
7322043571000,4.69140625,0.25390625,2.455078125,8.52734375,-9.73046875,13.875
7322046152000,4.861328125,0.2421875,2.43359375,8.52734375,-9.79296875,13.8828125
7322048650000,4.978515625,0.23828125,2.3828125,9.6953125,-8.59765625,12.49609375
7322051164000,5.068359375,0.25,2.353515625,11.08203125,-7.37109375,11.171875
7322053741000,5.103515625,0.28515625,2.310546875,11.08203125,-7.42578125,11.171875
7322056187000,5.115234375,0.330078125,2.28125,12.5859375,-6.31640625,9.35546875
7322061156000,5.01953125,0.541015625,2.166015625,12.578125,-6.43359375,9.37890625
7322063611000,4.939453125,0.67578125,2.095703125,14.80078125,-4.98828125,4.9296875
7322068761000,4.708984375,1.01953125,1.91015625,14.79296875,-5.08984375,4.9765625
7322071616000,4.578125,1.234375,1.79296875,15.30078125,-4.2734375,3.12890625
7322073494000,4.3984375,1.46875,1.650390625,15.62890625,-3.0078125,1.54296875
7322076151000,4.232421875,1.7265625,1.505859375,15.62890625,-3.046875,1.58984375
7322078710000,4.064453125,1.9921875,1.33984375,15.71875,-1.66015625,-0.55859375
7322081105000,3.904296875,2.2421875,1.173828125,15.79296875,-0.8125,-3.2421875
7322083653000,3.767578125,2.466796875,0.970703125,15.890625,-0.0859375,-5.9296875
7322088548000,3.46875,2.87890625,0.560546875,15.7109375,0.81640625,-8.4921875
7322096089000,3.001953125,3.3203125,-0.142578125,14.4375,2.6875,-13.36328125
7322101078000,2.638671875,3.544921875,-0.625,13.90625,3.33984375,-15.76953125
7322103443000,2.443359375,3.66015625,-0.873046875,13.5625,3.6796875,-18.38671875
7322108277000,2.236328125,3.796875,-1.111328125,12.98046875,3.7890625,-21.1953125
7322111022000,1.830078125,4.015625,-1.58203125,12.359375,3.93359375,-24.33203125
7322116108000,1.453125,4.177734375,-2.05078125,12.328125,4.03515625,-24.13671875
7322118812000,1.279296875,4.2109375,-2.251953125,11.6796875,3.8671875,-27.53515625
7322120982000,1.123046875,4.203125,-2.494140625,10.76171875,3.4921875,-30.859375
7322123362000,0.99609375,4.181640625,-2.71484375,9.73828125,3.06640625,-33.8046875
7322126014000,0.87890625,4.134765625,-2.9296875,8.78515625,2.6171875,-36.375
7322131707000,0.63671875,3.919921875,-3.314453125,7.52734375,2.3515625,-37.60546875
7322141211000,-0.1328125,2.994140625,-3.744140625,4.8046875,2.76953125,-36.734375
7322145950000,-0.5703125,2.384765625,-3.7109375,3.76953125,3.28515625,-35.4296875
7322150969000,-0.990234375,1.69921875,-3.494140625,3.046875,4.046875,-33.5859375
7322153837000,-1.20703125,1.3515625,-3.34375,2.4375,4.875,-31.34765625
7322155952000,-1.404296875,1.03125,-3.1875,1.98046875,5.640625,-29.16015625
7322158425000,-1.607421875,0.73046875,-3.03515625,1.96484375,5.703125,-29.14453125
7322160782000,-1.8125,0.44140625,-2.896484375,0.35546875,7.2421875,-24.1484375
7322163424000,-2.05078125,0.189453125,-2.787109375,0.34765625,7.3046875,-24.1328125
7322165907000,-2.259765625,-0.015625,-2.69921875,-0.63671875,8.01171875,-21.5390625
7322168327000,-2.447265625,-0.19921875,-2.623046875,-0.63671875,8.05859375,-21.5390625
7322170890000,-2.626953125,-0.36328125,-2.583984375,-1.66015625,8.66015625,-19.13671875
7322173480000,-2.767578125,-0.505859375,-2.556640625,-2.69921875,9.12890625,-16.875
7322178500000,-2.966796875,-0.76171875,-2.548828125,-2.69921875,9.21484375,-16.8828125
7322181151000,-3.03515625,-0.837890625,-2.548828125,-4.25,9.7421875,-12.7421875
7322186509000,-3.083984375,-0.91796875,-2.556640625,-5.51171875,9.78125,-11.0078125
7322194586000,-3.05078125,-1.240234375,-2.57421875,-8.0390625,9.296875,-7.546875
7322198193000,-3.03125,-1.400390625,-2.6171875,-9.015625,8.55078125,-6.09765625
7322202316000,-2.953125,-1.54296875,-2.6875,-8.4921875,7.62890625,-4.86328125
7322205791000,-2.880859375,-1.818359375,-2.51171875,-8.4921875,7.71484375,-4.91796875
7322208422000,-2.822265625,-2.03125,-2.396484375,-9.0859375,6.171875,-3.75
7322210631000,-2.77734375,-2.203125,-2.30078125,-9.296875,4.57421875,-2.41015625
7322213195000,-2.748046875,-2.34765625,-2.216796875,-9.2890625,4.61328125,-2.45703125
7322215926000,-2.736328125,-2.46484375,-2.080078125,-9.51953125,2.9609375,-0.92578125
7322218250000,-2.755859375,-2.580078125,-1.921875,-9.625,1.32421875,0.80859375
7322220854000,-2.78515625,-2.654296875,-1.765625,-10.01171875,-0.34765625,2.5625
7322223185000,-2.833984375,-2.7265625,-1.6171875,-10.2421875,-2.07421875,4.296875
7322225743000,-2.880859375,-2.787109375,-1.484375,-10.234375,-2.05078125,4.2421875
7322228425000,-2.953125,-2.857421875,-1.326171875,-10.49609375,-3.9140625,5.59765625
7322233236000,-3.083984375,-3.0390625,-1.001953125,-10.48046875,-3.8828125,5.48828125
7322235921000,-3.140625,-3.10546875,-0.814453125,-10.203125,-5.61328125,7.03125
7322238258000,-3.169921875,-3.125,-0.6640625,-10.54296875,-7.7890625,7.9453125
7322240737000,-3.19921875,-3.306640625,-0.4296875,-10.046875,-9.32421875,9.203125
7322243144000,-3.19140625,-3.373046875,-0.2265625,-9.65625,-11.0546875,9.8984375
7322249170000,-3.15625,-3.40234375,0.177734375,-8.953125,-12.24609375,10.97265625
7322255579000,-3.099609375,-3.748046875,0.830078125,-8.76171875,-14.51953125,12.78125
7322260680000,-2.962890625,-4.033203125,1.166015625,-8.59765625,-15.6875,13.921875
7322263087000,-2.87890625,-4.15625,1.28515625,-8.32421875,-17.03125,15.46484375
7322268158000,-2.6328125,-4.330078125,1.5,-8.29296875,-17.1171875,15.27734375
7322270636000,-2.490234375,-4.318359375,1.63671875,-7.4609375,-18.31640625,16.7890625
7322273234000,-2.30078125,-4.24609375,1.76953125,-6.328125,-19.47265625,18.3828125
7322275546000,-2.109375,-4.166015625,1.923828125,-6.3125,-19.52734375,18.296875
7322278171000,-1.89453125,-4.01953125,2.10546875,-5.0390625,-20.59765625,19.8359375
7322280803000,-1.671875,-3.84375,2.287109375,-3.72265625,-21.609375,21.08984375
7322282971000,-1.44921875,-3.64453125,2.466796875,-2.640625,-22.27734375,21.98046875
7322288103000,-1.009765625,-3.05859375,2.794921875,-1.640625,-22.5546875,22.70703125
7322295544000,-0.509765625,-2.212890625,3.154296875,-0.19921875,-21.671875,23.9375
7322302971000,0.029296875,-1.4765625,3.302734375,-0.47265625,-21.55078125,22.6640625
7322305448000,0.26171875,-1.208984375,3.390625,1.671875,-21.38671875,22.1953125
7322307858000,0.546875,-0.908203125,3.5234375,3.80859375,-20.8828125,20.8046875
7322310561000,0.9140625,-0.6328125,3.66796875,3.81640625,-20.9765625,20.78125
7322313141000,1.29296875,-0.390625,3.8359375,5.3671875,-19.765625,19.23046875
7322315498000,1.64453125,-0.201171875,3.984375,5.3671875,-19.8515625,19.22265625
7322318113000,2.046875,-0.072265625,4.08203125,5.94140625,-18.1328125,17.60546875
7322320544000,2.40625,0.01953125,4.13671875,5.98046875,-16.33984375,16.046875
7322323049000,2.751953125,0.03125,4.109375,6.1328125,-14.71484375,14.5625
7322325502000,3.0859375,0.04296875,4.0546875,6.5546875,-13.19921875,13.06640625
7322330515000,3.705078125,-0.056640625,3.8046875,6.546875,-13.38671875,13.07421875
7322333118000,4.00390625,-0.103515625,3.642578125,7.390625,-12.08984375,11.50390625
7322335629000,4.28515625,-0.17578125,3.462890625,8.71484375,-10.78515625,9.97265625
7322337940000,4.560546875,-0.22265625,3.271484375,8.70703125,-10.86328125,9.97265625
7322340643000,4.771484375,-0.271484375,3.080078125,9.93359375,-9.4453125,8.9375
7322342921000,4.96484375,-0.279296875,2.890625,11.21875,-8.109375,8.36328125
7322345477000,5.087890625,-0.244140625,2.720703125,12.53515625,-6.93359375,8.0078125
7322350412000,5.216796875,-0.0078125,2.36328125,14.0,-5.96875,7.484375
7322358004000,5.154296875,0.734375,1.873046875,16.140625,-4.12890625,5.59375
7322365404000,4.916015625,1.703125,1.341796875,17.0234375,-3.48828125,3.95703125
7322370346000,4.701171875,2.40234375,0.916015625,17.58984375,-2.7890625,2.09765625
7322373190000,4.54296875,2.73828125,0.73046875,17.7734375,-1.94140625,0.03515625
7322375244000,4.380859375,3.11328125,0.490234375,17.65625,-0.921875,-2.296875
7322377869000,4.2109375,3.484375,0.28515625,17.1171875,0.16796875,-4.89453125
7322380218000,4.041015625,3.830078125,0.037109375,15.96484375,1.22265625,-7.62890625
7322382885000,3.865234375,4.15234375,-0.19140625,15.95703125,1.23046875,-7.51171875
7322385189000,3.693359375,4.35546875,-0.447265625,14.609375,2.26171875,-10.53125
7322392659000,3.416015625,4.5546875,-1.201171875,13.34765625,3.125,-13.37109375
7322397840000,3.302734375,4.359375,-1.654296875,11.55078125,4.48046875,-18.30078125
7322402094000,3.25390625,4.248046875,-1.84765625,11.1796875,5.30078125,-20.109375
7322405209000,3.052734375,4.0546875,-2.189453125,11.12890625,6.15625,-21.83203125
7322407784000,2.91796875,4.0,-2.333984375,11.15625,6.78125,-23.72265625
7322412615000,2.58203125,3.96484375,-2.615234375,11.1328125,6.921875,-23.51953125
7322415329000,2.4140625,3.984375,-2.779296875,10.95703125,7.21875,-25.80078125
7322417819000,2.234375,4.0625,-2.96484375,10.453125,7.1171875,-28.05859375
7322420278000,2.06640625,4.150390625,-3.1484375,9.56640625,6.72265625,-30.17578125
7322422705000,1.88671875,4.2578125,-3.3515625,9.55078125,6.80859375,-30.06640625
7322425212000,1.673828125,4.359375,-3.541015625,8.484375,6.4140625,-31.89453125
7322427729000,1.443359375,4.43359375,-3.6875,8.4609375,6.5078125,-31.79296875
7322430241000,1.1875,4.501953125,-3.81640625,6.94140625,6.30078125,-33.38671875
7322432666000,0.919921875,4.5546875,-3.93359375,5.3515625,6.5,-34.46484375
7322435232000,0.625,4.548828125,-3.99609375,5.3203125,6.6015625,-34.35546875
7322437829000,0.310546875,4.458984375,-4.009765625,3.5625,7.01953125,-35.15625
7322440205000,0.009765625,4.330078125,-3.984375,1.8671875,7.6796875,-35.4375
7322442628000,-0.306640625,4.09765625,-3.90625,-0.16796875,8.6328125,-34.8359375
7322447678000,-0.998046875,3.306640625,-3.677734375,-2.10546875,9.99609375,-33.49609375
7322456699000,-2.076171875,1.7421875,-3.228515625,-5.3046875,12.23828125,-30.1953125
7322460246000,-2.677734375,0.685546875,-2.822265625,-5.84375,12.65625,-28.640625
7322462784000,-2.90625,0.197265625,-2.58984375,-6.0234375,12.70703125,-26.86328125
7322465161000,-3.08984375,-0.291015625,-2.365234375,-6.03125,12.73828125,-26.85546875
7322467541000,-3.251953125,-0.74609375,-2.177734375,-6.4140625,12.703125,-24.77734375
7322470238000,-3.3671875,-1.193359375,-1.9765625,-6.81640625,12.52734375,-22.47265625
7322472631000,-3.45703125,-1.580078125,-1.833984375,-6.80859375,12.54296875,-22.49609375
7322475037000,-3.51953125,-1.91796875,-1.73046875,-7.1171875,12.234375,-20.1640625
7322477527000,-3.572265625,-2.1953125,-1.6484375,-7.265625,11.66796875,-17.4921875
7322480261000,-3.59375,-2.453125,-1.607421875,-7.25,11.67578125,-17.5390625
7322482655000,-3.615234375,-2.64453125,-1.587890625,-7.30078125,10.73828125,-14.69140625
7322487521000,-3.6796875,-2.921875,-1.611328125,-7.26171875,10.75390625,-14.79296875
7322489952000,-3.734375,-2.984375,-1.650390625,-7.32421875,9.546875,-12.0234375
7322492549000,-3.775390625,-3.021484375,-1.70703125,-7.64453125,8.078125,-9.26953125
7322495043000,-3.8125,-3.033203125,-1.755859375,-7.62109375,8.09375,-9.33984375
7322497447000,-3.837890625,-3.01953125,-1.798828125,-8.07421875,6.49609375,-6.88671875
7322500157000,-3.875,-3.03125,-1.822265625,-8.5390625,4.82421875,-4.74609375
7322502666000,-3.912109375,-3.03515625,-1.822265625,-8.90625,3.125,-2.9609375
7322509900000,-3.978515625,-3.181640625,-1.7109375,-9.609375,-0.109375,0.171875
7322515196000,-4.08203125,-3.4375,-1.53125,-9.89453125,-1.92578125,1.66796875
7322522601000,-4.208984375,-3.947265625,-1.0859375,-9.58203125,-5.91015625,4.48828125
7322525049000,-4.21484375,-4.095703125,-0.8828125,-8.95703125,-8.41015625,5.90625
7322529872000,-4.181640625,-4.44921875,-0.54296875,-8.91796875,-8.42578125,5.7265625
7322532653000,-4.171875,-4.60546875,-0.34375,-8.85546875,-10.22265625,7.484375
7322535006000,-4.140625,-4.7421875,-0.12109375,-7.9609375,-11.8203125,9.2578125
7322537750000,-4.078125,-4.875,0.080078125,-7.9453125,-11.84375,9.1484375
7322540049000,-4.0234375,-4.9921875,0.2734375,-7.578125,-13.83984375,10.609375
7322542415000,-3.9140625,-5.189453125,0.484375,-6.53125,-15.43359375,12.1171875
7322549808000,-3.466796875,-5.51171875,1.0625,-5.671875,-16.85546875,13.2421875
7322557455000,-2.787109375,-5.201171875,1.412109375,-4.5625,-19.44140625,16.4921875
7322559979000,-2.568359375,-5.04296875,1.548828125,-2.84375,-20.78515625,20.9609375
7322565022000,-2.060546875,-4.578125,1.7890625,-2.3671875,-21.34765625,22.296875
7322569812000,-1.501953125,-4.0234375,1.796875,-2.359375,-21.44921875,22.09375
7322572760000,-1.171875,-3.75,1.74609375,-2.2578125,-21.69921875,23.4296875
7322574882000,-0.8359375,-3.4453125,1.708984375,-1.71484375,-21.8984375,24.375
7322577386000,-0.45703125,-3.10546875,1.650390625,-0.5078125,-22.1875,24.96875
7322579734000,-0.060546875,-2.7109375,1.63671875,0.640625,-22.11328125,25.4921875
7322582351000,0.3671875,-2.30859375,1.66796875,0.640625,-22.15234375,25.4296875
7322584629000,0.791015625,-1.919921875,1.72265625,1.80078125,-21.6328125,25.73046875
7322587217000,1.203125,-1.505859375,1.80859375,2.421875,-20.46484375,25.6640625
7322589787000,1.60546875,-1.12890625,1.919921875,2.4296875,-20.51171875,25.6328125
7322592237000,2.015625,-0.86328125,2.01171875,2.4296875,-20.55078125,25.6015625
7322594741000,2.4375,-0.67578125,2.09375,2.44921875,-18.765625,24.8359375
7322597475000,2.90625,-0.552734375,2.13671875,2.71875,-16.98046875,23.13671875
7322599698000,3.408203125,-0.49609375,2.17578125,3.45703125,-15.24609375,21.03125
7322602215000,3.9375,-0.509765625,2.173828125,3.46484375,-15.30859375,21.015625
7322604779000,4.486328125,-0.5546875,2.16015625,4.64453125,-13.6015625,19.02734375
7322607294000,4.9921875,-0.62109375,2.115234375,4.64453125,-13.65625,19.01171875
7322609874000,5.4609375,-0.734375,2.025390625,6.04296875,-12.140625,17.73828125
7322612176000,5.875,-0.853515625,1.927734375,6.04296875,-12.1953125,17.73046875
7322614701000,6.216796875,-0.9375,1.79296875,7.39453125,-10.74609375,17.390625
7322617412000,6.537109375,-0.986328125,1.646484375,8.75390625,-9.2421875,17.47265625
7322619728000,6.86328125,-0.978515625,1.455078125,9.96875,-7.546875,17.37109375
7322624636000,7.56640625,-0.880859375,1.017578125,9.9609375,-7.625,17.34765625
7322628960000,7.970703125,-0.8046875,0.77734375,13.171875,-4.640625,16.24609375
7322636556000,9.39453125,-0.5234375,-0.15625,16.90625,-2.85546875,13.43359375
7322640514000,10.44140625,-0.29296875,-0.908203125,18.3046875,-2.63671875,11.32421875
7322644712000,11.4765625,-0.029296875,-1.767578125,19.05078125,-2.85546875,8.93359375
7322647232000,12.005859375,0.111328125,-2.23046875,19.19140625,-3.140625,6.44921875
7322652151000,12.982421875,0.35546875,-3.15234375,19.19140625,-3.0234375,6.50390625
7322654760000,13.396484375,0.447265625,-3.630859375,18.703125,-2.7109375,4.0
7322657261000,13.740234375,0.5234375,-4.076171875,17.7734375,-1.91015625,1.45703125
7322659610000,14.021484375,0.568359375,-4.517578125,16.99609375,-1.53515625,-1.23046875
7322662208000,14.22265625,0.6015625,-4.9140625,16.40234375,-1.67578125,-3.90625
7322667176000,14.291015625,0.662109375,-5.572265625,15.90234375,-2.3125,-6.234375
7322674654000,13.509765625,0.884765625,-6.080078125,13.5,-4.33203125,-9.96484375
7322679730000,12.2890625,1.150390625,-6.076171875,12.0,-5.44921875,-11.9140625
7322682127000,11.53125,1.314453125,-6.0078125,10.48046875,-7.0546875,-14.23046875
7322687026000,9.8125,1.638671875,-5.712890625,10.44921875,-6.7890625,-14.21484375
7322689418000,8.919921875,1.810546875,-5.5390625,9.49609375,-8.859375,-16.91796875
7322692081000,8.02734375,2.021484375,-5.314453125,8.9609375,-11.0546875,-19.90234375
7322694558000,7.126953125,2.197265625,-5.076171875,8.9375,-10.9296875,-19.88671875
7322696911000,6.224609375,2.384765625,-4.818359375,8.16796875,-12.88671875,-23.1015625
7322699640000,5.314453125,2.58203125,-4.576171875,7.234375,-14.33203125,-25.6953125
7322702153000,4.416015625,2.791015625,-4.328125,5.8984375,-15.609375,-27.80078125
7322707096000,2.6796875,3.17578125,-3.880859375,4.5859375,-16.9375,-29.671875
7322714570000,0.5546875,3.73046875,-3.287109375,2.69140625,-18.34765625,-31.1796875
7322726654000,-0.998046875,4.03125,-2.54296875,0.51171875,-15.8828125,-30.7421875
7322729414000,-1.359375,3.970703125,-2.16015625,-0.0234375,-13.94140625,-29.578125
7322731892000,-1.490234375,3.88671875,-1.9765625,-0.046875,-13.89453125,-29.46875
7322734454000,-1.6171875,3.802734375,-1.78515625,-0.7890625,-11.625,-28.25
7322736823000,-1.732421875,3.689453125,-1.607421875,-0.8125,-11.5859375,-28.15625
7322741877000,-2.005859375,3.3515625,-1.27734375,-1.75,-8.88671875,-26.90625
7322744652000,-2.2109375,3.07421875,-1.115234375,-2.59375,-6.0,-25.63671875
7322746791000,-2.453125,2.728515625,-0.947265625,-3.88671875,-3.015625,-23.921875
7322749471000,-2.744140625,2.349609375,-0.77734375,-3.90234375,-3.0078125,-23.8359375
7322751874000,-3.029296875,1.916015625,-0.62890625,-4.77734375,-0.1484375,-22.60546875
7322754327000,-3.2578125,1.37109375,-0.5078125,-7.4375,2.0546875,-22.3515625
7322757063000,-3.46875,0.837890625,-0.40234375,-7.4453125,2.046875,-22.296875
7322759279000,-3.705078125,0.341796875,-0.298828125,-8.2109375,4.14453125,-21.6796875
7322761794000,-3.962890625,-0.111328125,-0.23828125,-8.6484375,5.28125,-20.2734375
7322764334000,-4.220703125,-0.55078125,-0.19140625,-8.79296875,6.078125,-18.6796875
7322769530000,-4.783203125,-1.287109375,-0.12109375,-8.7734375,6.58984375,-17.09375
7322776786000,-5.603515625,-1.955078125,-0.12890625,-9.24609375,7.09375,-13.41015625
7322785406000,-6.384765625,-2.4140625,-0.28125,-9.53125,6.82421875,-8.90234375
7322789324000,-6.92578125,-2.47265625,-0.408203125,-9.56640625,6.39453125,-6.33984375
7322791960000,-7.197265625,-2.48828125,-0.4453125,-9.51953125,5.63671875,-3.98828125
7322796634000,-7.6640625,-2.541015625,-0.44140625,-9.49609375,5.58984375,-3.99609375
7322799345000,-7.8671875,-2.623046875,-0.423828125,-9.7265625,2.88671875,0.3828125
7322804833000,-8.2109375,-2.861328125,-0.259765625,-9.93359375,1.4609375,2.63671875
7322812856000,-8.623046875,-3.392578125,0.1328125,-10.07421875,-2.1171875,6.89453125
7322820971000,-8.796875,-3.943359375,0.650390625,-9.3125,-6.46875,10.73046875
7322824380000,-8.736328125,-4.22265625,1.044921875,-9.16796875,-8.5,13.09765625
7322827053000,-8.646484375,-4.251953125,1.236328125,-8.03125,-10.57421875,15.00390625
7322831755000,-8.470703125,-3.994140625,1.603515625,-7.984375,-10.69921875,14.89453125
7322834321000,-8.376953125,-3.9453125,1.80078125,-7.25390625,-12.45703125,17.08203125
7322836551000,-8.22265625,-3.873046875,2.009765625,-6.42578125,-13.93359375,18.78125
7322839160000,-8.076171875,-3.76953125,2.20703125,-5.90625,-15.20703125,20.37109375
7322841709000,-7.892578125,-3.65234375,2.392578125,-5.91015625,-16.03125,21.671875
7322847934000,-7.4140625,-3.369140625,2.71484375,-5.83203125,-16.65234375,22.52734375
7322854164000,-6.419921875,-2.7578125,3.08984375,-4.15234375,-17.75390625,23.8671875
7322863612000,-5.22265625,-2.056640625,3.490234375,-2.00390625,-17.91015625,24.05859375
7322866742000,-4.259765625,-1.58203125,3.7578125,-1.5703125,-17.64453125,23.69921875
7322871334000,-3.75,-1.37890625,3.87890625,-1.27734375,-17.1640625,23.19921875
7322874191000,-2.62890625,-1.044921875,4.013671875,-1.25390625,-17.3828125,23.14453125
7322876432000,-2.07421875,-0.890625,4.041015625,-0.71484375,-16.8359375,22.40234375
7322879031000,-1.50390625,-0.734375,4.0859375,0.18359375,-16.109375,21.32421875
7322881421000,-0.927734375,-0.591796875,4.09765625,1.0546875,-15.28515625,20.20703125
7322884065000,-0.359375,-0.46875,4.111328125,1.0546875,-15.37890625,20.18359375
7322886650000,0.177734375,-0.359375,4.123046875,1.96484375,-14.625,19.14453125
7322888903000,0.689453125,-0.26171875,4.134765625,2.9296875,-13.98046875,18.08984375
7322891521000,1.15234375,-0.177734375,4.134765625,2.9296875,-14.08203125,18.08203125
7322894141000,1.572265625,-0.095703125,4.12890625,2.921875,-14.18359375,18.08203125
7322896392000,1.931640625,0.01953125,4.126953125,4.109375,-13.29296875,16.78125
7322898999000,2.259765625,0.09765625,4.109375,5.01953125,-11.95703125,15.2109375
7322901424000,2.5546875,0.126953125,4.103515625,5.63671875,-10.46875,13.21484375
7322906689000,3.146484375,0.080078125,4.015625,5.62109375,-10.6640625,13.22265625
7322909368000,3.421875,0.0078125,3.970703125,6.4375,-9.30078125,11.2578125
7322911523000,3.654296875,-0.095703125,3.91015625,7.203125,-8.15234375,9.7265625
7322913990000,3.8828125,-0.23828125,3.8125,8.35546875,-7.13671875,8.41015625
7322916543000,4.09375,-0.3984375,3.734375,8.34765625,-7.23046875,8.41015625
7322919193000,4.2734375,-0.521484375,3.630859375,9.8359375,-6.3125,7.29296875
7322921391000,4.404296875,-0.64453125,3.544921875,11.4375,-5.2890625,6.23828125
7322928892000,4.623046875,-0.880859375,3.216796875,12.69921875,-4.3671875,5.20703125
7322933915000,4.642578125,-0.873046875,2.919921875,14.6015625,-2.18359375,3.734375
7322945793000,4.40625,-0.41796875,2.224609375,17.8359375,0.37109375,1.8359375
7322948891000,4.2578125,-0.01171875,1.8359375,19.0390625,0.609375,0.32421875
7322951416000,4.2265625,0.25,1.619140625,20.16015625,0.5703125,-1.5390625
7322953845000,4.216796875,0.533203125,1.3828125,20.15234375,0.546875,-1.515625
7322956440000,4.1953125,0.841796875,1.115234375,20.7109375,0.67578125,-3.5546875
7322961352000,4.181640625,1.4921875,0.509765625,20.703125,0.65234375,-3.46875
7322968889000,3.97265625,2.462890625,-0.490234375,20.0078125,1.96875,-7.5859375
7322976426000,3.54296875,3.28515625,-1.4921875,18.875,3.55078125,-11.8125
7322983865000,2.84375,3.97265625,-2.31640625,17.52734375,5.03515625,-19.359375
7322988862000,2.283203125,4.375,-2.791015625,17.51953125,5.18359375,-19.140625
7322991286000,2.0078125,4.5234375,-3.015625,16.9765625,5.015625,-22.01953125
7322993778000,1.685546875,4.65234375,-3.24609375,16.0859375,4.640625,-24.91796875
7322996396000,1.35546875,4.74609375,-3.453125,14.80859375,4.09375,-27.3125
7322998995000,1.015625,4.814453125,-3.64453125,13.32421875,3.77734375,-28.7578125
7323001400000,0.615234375,4.8515625,-3.83984375,13.30078125,3.87109375,-28.6484375
7323003692000,0.189453125,4.83984375,-3.96484375,11.734375,3.8515625,-29.66015625
7323006270000,-0.205078125,4.8046875,-4.08984375,10.38671875,3.84765625,-30.56640625
7323008776000,-0.580078125,4.70703125,-4.150390625,10.35546875,3.94921875,-30.45703125
7323011111000,-0.923828125,4.552734375,-4.20703125,9.23828125,3.91796875,-30.9609375
7323016302000,-1.4921875,4.080078125,-4.21875,9.19140625,4.10546875,-30.7578125
7323021003000,-1.884765625,3.498046875,-4.123046875,6.67578125,4.00390625,-30.34375
7323023673000,-2.052734375,3.19921875,-4.037109375,4.9453125,4.20703125,-29.43359375
7323031260000,-2.61328125,2.13671875,-3.75390625,3.0078125,4.85546875,-27.8359375
7323039793000,-3.24609375,0.935546875,-3.400390625,-2.44140625,7.22265625,-22.59375
7323046290000,-3.767578125,-0.177734375,-2.95703125,-5.1875,7.3828125,-19.21875
7323051114000,-4.0234375,-0.83203125,-2.66015625,-5.1796875,7.4453125,-19.2421875
7323053621000,-4.11328125,-1.13671875,-2.5234375,-6.578125,7.1640625,-17.75390625
7323056152000,-4.1953125,-1.42578125,-2.39453125,-7.95703125,6.55859375,-16.40625
7323058794000,-4.23828125,-1.765625,-2.25390625,-9.45703125,5.7109375,-15.1328125
7323061096000,-4.283203125,-2.12109375,-2.1328125,-10.453125,4.9609375,-13.890625
7323063721000,-4.318359375,-2.4296875,-2.0078125,-10.4375,4.9765625,-13.9375
7323066090000,-4.3515625,-2.677734375,-1.892578125,-11.515625,4.25,-12.3359375
7323068650000,-4.400390625,-2.892578125,-1.794921875,-12.9375,3.22265625,-10.328125
7323071199000,-4.501953125,-3.103515625,-1.73046875,-12.9140625,3.23046875,-10.3984375
7323073449000,-4.609375,-3.341796875,-1.64453125,-13.25390625,1.8828125,-8.57421875
7323078553000,-4.806640625,-3.591796875,-1.771484375,-13.19921875,1.890625,-8.73828125
7323086119000,-5.140625,-3.65234375,-1.666015625,-13.30078125,-1.02734375,-5.4375
7323093462000,-5.349609375,-4.099609375,-1.38671875,-15.0,-5.2890625,-2.06640625
7323101019000,-5.38671875,-4.279296875,-0.7109375,-15.5234375,-10.92578125,3.859375
7323106135000,-5.291015625,-4.37890625,-0.20703125,-15.4765625,-10.96484375,3.6484375
7323108492000,-5.212890625,-4.443359375,-0.001953125,-15.64453125,-12.8046875,5.0
7323110985000,-5.083984375,-4.484375,0.193359375,-15.4296875,-14.54296875,6.08203125
7323113406000,-4.931640625,-4.51171875,0.400390625,-14.69921875,-16.234375,6.859375
7323115887000,-4.7578125,-4.498046875,0.603515625,-14.68359375,-16.2734375,6.75
7323118446000,-4.587890625,-4.5390625,0.810546875,-13.99609375,-17.56640625,7.93359375
7323120854000,-4.38671875,-4.322265625,1.005859375,-12.640625,-18.4375,8.90625
7323128511000,-3.921875,-4.193359375,1.71875,-11.4609375,-19.8046875,11.1796875
7323133412000,-3.62109375,-3.775390625,2.064453125,-11.03515625,-20.203125,12.6015625
7323145525000,-2.80859375,-3.21484375,2.453125,-10.29296875,-20.94140625,13.99609375
7323148395000,-2.064453125,-2.904296875,2.51171875,-9.31640625,-20.5390625,14.125
7323150913000,-1.669921875,-2.818359375,2.564453125,-7.90625,-19.74609375,14.4609375
7323153309000,-1.294921875,-2.787109375,2.646484375,-7.90625,-19.80078125,14.390625
7323155875000,-0.931640625,-2.759765625,2.728515625,-7.9140625,-19.87109375,14.3203125
7323160767000,-0.283203125,-2.71875,2.916015625,-6.53515625,-18.75,14.08203125
7323163392000,0.00390625,-2.724609375,2.998046875,-5.5546875,-17.18359375,13.70703125
7323165939000,0.265625,-2.79296875,3.0390625,-4.8359375,-15.69921875,13.3203125
7323168291000,0.51171875,-2.861328125,3.080078125,-4.84375,-15.77734375,13.2578125
7323170924000,0.7578125,-2.953125,3.0703125,-3.90234375,-14.74609375,12.82421875
7323173328000,1.0,-3.111328125,3.052734375,-2.90625,-14.03125,12.46484375
7323175794000,1.2734375,-3.248046875,3.03125,-2.921875,-14.109375,12.38671875
7323178285000,1.5625,-3.40625,2.98828125,-1.3359375,-13.5078125,12.14453125
7323180834000,1.884765625,-3.552734375,2.931640625,0.02734375,-12.8125,11.90625
7323183554000,2.236328125,-3.703125,2.861328125,1.49609375,-12.1171875,11.75
7323188608000,3.033203125,-4.041015625,2.68359375,3.16015625,-11.453125,11.8046875
7323196136000,4.212890625,-4.43359375,2.39453125,7.0625,-9.69140625,12.4765625
7323203322000,5.2109375,-4.494140625,2.052734375,11.4765625,-7.9140625,12.8125
7323208090000,5.478515625,-4.419921875,1.93359375,13.75,-6.703125,12.1875
7323211072000,5.90625,-4.1484375,1.634765625,15.734375,-5.37890625,11.28125
7323215694000,6.19921875,-3.77734375,1.263671875,15.6796875,-5.49609375,11.171875
7323218640000,6.2421875,-3.55078125,1.052734375,19.05859375,-2.84765625,9.796875
7323223770000,6.1796875,-2.966796875,0.5703125,20.30078125,-1.8046875,9.06640625
7323231600000,5.75,-1.880859375,-0.20703125,21.54296875,-0.6796875,6.97265625
7323243185000,3.9296875,0.544921875,-1.083984375,21.78125,-0.54296875,5.1640625
7323245657000,3.484375,1.07421875,-1.140625,21.1171875,-0.859375,2.03125
7323250747000,2.64453125,2.0546875,-1.138671875,21.140625,-0.828125,2.140625
7323253557000,2.28515625,2.52734375,-1.0703125,20.90625,-1.0546875,0.1015625
7323255473000,1.9921875,2.966796875,-1.01953125,20.55859375,-1.1640625,-2.4296875
7323258037000,1.779296875,3.36328125,-0.935546875,19.97265625,-0.95703125,-5.23828125
7323260583000,1.634765625,3.697265625,-0.888671875,19.1328125,-0.23046875,-8.0234375
7323263040000,1.54296875,3.95703125,-0.8515625,19.1484375,-0.20703125,-7.9296875
7323265642000,1.5234375,4.189453125,-0.873046875,18.4375,0.9765625,-10.4453125
7323270574000,1.48828125,4.5390625,-0.9453125,18.46875,1.015625,-10.2265625
7323273351000,1.48046875,4.671875,-1.02734375,17.83984375,2.390625,-12.48046875
7323275434000,1.48046875,4.78125,-1.158203125,17.30078125,3.8828125,-14.87890625
7323278096000,1.462890625,4.904296875,-1.294921875,16.7421875,5.51953125,-17.15625
7323280502000,1.43359375,4.9765625,-1.443359375,16.00390625,7.1796875,-19.234375
7323283064000,1.3515625,5.060546875,-1.6328125,16.01953125,7.2109375,-19.1015625
7323285582000,1.2578125,5.119140625,-1.830078125,15.390625,8.37890625,-21.50390625
7323287997000,1.20703125,5.166015625,-2.0390625,14.43359375,9.203125,-24.1953125
7323290595000,1.123046875,5.181640625,-2.25390625,14.44921875,9.2578125,-24.0546875
7323293001000,1.0390625,5.1953125,-2.482421875,13.4609375,9.578125,-26.88671875
7323295448000,0.9296875,5.18359375,-2.71484375,13.46875,9.640625,-26.75390625
7323298200000,0.7734375,5.146484375,-2.9609375,12.34765625,9.75,-29.265625
7323300395000,0.568359375,5.095703125,-3.205078125,10.37109375,9.90625,-31.1484375
7323309727000,-0.216796875,4.947265625,-3.962890625,5.734375,10.03515625,-31.921875
7323313778000,-0.884765625,4.7734375,-4.3203125,3.4453125,10.30078125,-31.20703125
7323325242000,-2.3828125,3.388671875,-4.140625,0.12890625,10.2265625,-28.7109375
7323327933000,-2.572265625,2.9765625,-3.927734375,-2.8359375,9.60546875,-25.86328125
7323332900000,-2.873046875,2.181640625,-3.455078125,-2.8359375,9.76171875,-25.75390625
7323335829000,-3.0,1.81640625,-3.224609375,-4.4609375,9.4765625,-24.03515625
7323337894000,-3.119140625,1.447265625,-3.009765625,-6.13671875,9.203125,-22.59375
7323340310000,-3.201171875,1.115234375,-2.83203125,-7.74609375,8.8203125,-21.3828125
7323347966000,-3.30859375,0.126953125,-2.427734375,-10.6640625,7.9921875,-18.18359375
7323355350000,-3.30859375,-0.734375,-2.26171875,-11.90234375,6.6953125,-14.46875
7323364484000,-3.232421875,-1.154296875,-2.158203125,-13.58203125,4.5546875,-11.3203125
7323367892000,-3.232421875,-1.4375,-2.119140625,-13.56640625,4.625,-11.3828125
7323370439000,-3.298828125,-1.634765625,-2.08203125,-14.734375,3.45703125,-9.36328125
7323372704000,-3.32421875,-1.76953125,-2.12109375,-16.0859375,1.62109375,-7.62890625
7323375315000,-3.357421875,-1.841796875,-2.154296875,-16.078125,1.66015625,-7.66796875
7323377751000,-3.396484375,-1.837890625,-2.0859375,-15.87109375,0.30859375,-5.88671875
7323380307000,-3.4453125,-1.8984375,-1.9921875,-16.703125,-1.59375,-4.43359375
7323382927000,-3.490234375,-2.046875,-1.904296875,-17.1171875,-3.0859375,-3.22265625
7323387720000,-3.513671875,-2.36328125,-1.607421875,-17.1015625,-3.03125,-3.32421875
7323390795000,-3.484375,-2.53515625,-1.400390625,-16.9453125,-4.59765625,-2.28515625
7323392797000,-3.462890625,-2.71484375,-1.19921875,-17.18359375,-6.01953125,-0.921875
7323395240000,-3.42578125,-2.890625,-1.005859375,-17.17578125,-6.01171875,-0.984375
7323397691000,-3.380859375,-3.0234375,-0.83203125,-17.265625,-8.75390625,1.96484375
7323400198000,-3.359375,-3.205078125,-0.68359375,-17.25,-8.74609375,1.90234375
7323402623000,-3.31640625,-3.349609375,-0.5390625,-16.8671875,-10.19140625,3.39453125
7323405199000,-3.283203125,-3.5078125,-0.419921875,-15.98828125,-11.640625,4.69921875
7323407713000,-3.26171875,-3.662109375,-0.27734375,-15.98046875,-11.640625,4.62109375
7323410236000,-3.201171875,-3.796875,-0.138671875,-14.9765625,-13.1796875,5.76171875
7323415285000,-3.1015625,-4.009765625,0.2109375,-14.9609375,-13.1875,5.57421875
7323418151000,-3.005859375,-4.11328125,0.42578125,-11.95703125,-16.265625,7.55078125
7323423259000,-2.869140625,-4.3046875,0.84765625,-12.4453125,-17.40625,9.59375
7323431119000,-2.513671875,-4.00390625,1.337890625,-10.41796875,-19.703125,12.93359375
7323439165000,-2.2109375,-3.689453125,1.619140625,-10.21484375,-21.0,15.23828125
7323442491000,-1.7890625,-3.583984375,1.625,-9.44140625,-21.4453125,15.69921875
7323445311000,-1.5078125,-3.53125,1.650390625,-7.79296875,-21.6484375,16.28515625
7323450116000,-0.890625,-3.404296875,1.837890625,-7.80859375,-21.734375,16.12109375
7323452882000,-0.60546875,-3.310546875,2.00390625,-5.90234375,-21.61328125,16.8125
7323455132000,-0.30859375,-3.189453125,2.154296875,-4.30859375,-21.1171875,17.48046875
7323457717000,-0.0546875,-3.056640625,2.33203125,-2.99609375,-20.34765625,18.1796875
7323460046000,0.19140625,-2.923828125,2.482421875,-1.9140625,-19.484375,18.84375
7323462626000,0.380859375,-2.78125,2.60546875,-1.921875,-19.546875,18.78125
7323465012000,0.580078125,-2.640625,2.71875,-0.81640625,-18.640625,19.19921875
7323470220000,1.009765625,-2.390625,2.837890625,-0.83984375,-18.78125,19.08203125
7323473038000,1.26953125,-2.30859375,2.85546875,0.2265625,-17.9765625,19.01171875
7323475036000,1.6015625,-2.255859375,2.837890625,1.38671875,-17.05078125,18.53515625
7323477617000,1.93359375,-2.19921875,2.798828125,2.8203125,-16.0390625,17.89453125
7323480081000,2.30078125,-2.166015625,2.73828125,4.41015625,-15.0,17.24609375
7323485018000,3.048828125,-2.142578125,2.587890625,6.10546875,-14.06640625,16.4296875
7323492593000,4.037109375,-2.154296875,2.3828125,9.91796875,-12.07421875,15.41796875
7323501432000,4.685546875,-2.0703125,2.203125,13.34765625,-9.65625,14.88671875
7323504963000,4.9921875,-1.81640625,2.060546875,14.8984375,-8.19921875,14.4296875
7323507608000,5.130859375,-1.697265625,1.951171875,16.4140625,-6.57421875,13.7421875
7323510016000,5.263671875,-1.533203125,1.833984375,16.3984375,-6.64453125,13.7265625
7323512403000,5.42578125,-1.38671875,1.67578125,17.87890625,-4.8203125,12.5703125
7323514991000,5.583984375,-1.224609375,1.484375,19.2578125,-3.1015625,10.8359375
7323519914000,5.845703125,-0.890625,1.0703125,19.2265625,-3.2109375,10.84375
7323524895000,5.984375,-0.609375,0.544921875,21.6796875,-1.72265625,6.76953125
7323532482000,5.79296875,0.021484375,-0.341796875,22.24609375,-1.70703125,3.1875
7323540047000,5.572265625,0.837890625,-1.271484375,20.71875,-0.89453125,-0.7265625
7323544740000,5.521484375,1.068359375,-1.5625,20.8046875,-0.59375,-2.20703125
7323547520000,5.46875,1.4375,-1.9921875,21.19921875,-0.3046875,-3.87109375
7323549808000,5.453125,1.58203125,-2.18359375,21.21484375,-0.28125,-3.81640625
7323552455000,5.447265625,1.724609375,-2.30859375,21.34375,0.1953125,-6.015625
7323554761000,5.47265625,1.865234375,-2.447265625,21.0546875,0.80078125,-8.59765625
7323559805000,5.5546875,2.16796875,-2.7265625,21.1015625,0.90234375,-8.43359375
7323567328000,5.458984375,2.7578125,-3.244140625,19.87109375,2.3671875,-13.68359375
7323571954000,5.34765625,2.984375,-3.462890625,18.2578125,2.984375,-21.19140625
7323579962000,4.783203125,4.142578125,-4.7109375,15.421875,3.4375,-29.06640625
7323582191000,4.60546875,4.35546875,-5.083984375,13.0703125,4.08203125,-32.1484375
7323587130000,4.052734375,4.609375,-5.732421875,13.109375,4.33203125,-31.8984375
7323589691000,3.66796875,4.67578125,-6.005859375,11.14453125,4.546875,-34.875
7323592249000,3.244140625,4.681640625,-6.1796875,9.33984375,4.2421875,-37.44140625
7323594714000,2.765625,4.658203125,-6.310546875,9.34765625,4.390625,-37.32421875
7323597230000,2.271484375,4.529296875,-6.3671875,5.546875,2.4765625,-40.875
7323599760000,1.80078125,4.349609375,-6.380859375,5.546875,2.6328125,-40.7578125
7323602172000,1.36328125,4.115234375,-6.3125,3.83203125,1.265625,-40.953125
7323604657000,0.9375,3.810546875,-6.19140625,3.82421875,1.421875,-40.8515625
7323607218000,0.583984375,3.5078125,-6.033203125,2.24609375,0.1171875,-40.07421875
7323609624000,0.2578125,3.181640625,-5.81640625,2.23828125,0.265625,-39.98828125
7323612332000,-0.029296875,2.849609375,-5.55078125,0.69140625,-0.859375,-38.55078125
7323614683000,-0.302734375,2.55078125,-5.279296875,-1.03125,-1.5703125,-36.41015625
7323617247000,-0.5859375,2.2421875,-4.94921875,-2.88671875,-1.7421875,-33.6171875
7323622221000,-1.138671875,1.6953125,-4.314453125,-4.640625,-1.3984375,-30.56640625
7323629644000,-2.0625,1.01171875,-3.31640625,-7.08984375,-0.15625,-25.2578125
7323638591000,-2.78515625,0.51171875,-2.427734375,-8.7890625,1.86328125,-20.6015625
7323642017000,-3.068359375,0.1171875,-1.94140625,-8.8046875,1.94921875,-20.5546875
7323644590000,-3.15625,-0.06640625,-1.755859375,-9.46875,2.8515625,-18.48828125
7323646933000,-3.197265625,-0.25390625,-1.62109375,-9.83203125,3.82421875,-16.48046875
7323649633000,-3.23046875,-0.44140625,-1.49609375,-9.83984375,3.85546875,-16.47265625
7323652165000,-3.21484375,-0.66015625,-1.455078125,-10.3671875,4.6953125,-14.51953125
7323654457000,-3.181640625,-0.908203125,-1.396484375,-11.06640625,5.34765625,-12.83203125
7323657135000,-3.1171875,-1.140625,-1.376953125,-11.54296875,5.78515625,-11.41015625
7323659476000,-3.05078125,-1.361328125,-1.37890625,-12.04296875,5.7890625,-10.078125
7323662239000,-2.955078125,-1.576171875,-1.408203125,-12.05078125,5.8125,-10.09375
7323664770000,-2.88671875,-1.75390625,-1.458984375,-12.3671875,5.47265625,-9.078125
7323669538000,-2.6953125,-2.064453125,-1.599609375,-12.359375,5.52734375,-9.140625
7323672348000,-2.623046875,-2.181640625,-1.66015625,-12.578125,4.8515625,-8.203125
7323674530000,-2.58203125,-2.30078125,-1.75,-12.796875,4.03125,-6.546875
7323677157000,-2.587890625,-2.3984375,-1.7734375,-12.80859375,2.98046875,-4.77734375
7323679498000,-2.607421875,-2.501953125,-1.806640625,-13.03515625,1.625,-2.91796875
7323682024000,-2.693359375,-2.560546875,-1.8125,-13.03515625,1.6640625,-2.97265625
7323684535000,-2.8359375,-2.572265625,-1.810546875,-13.40234375,0.49609375,-1.22265625
7323686963000,-3.00390625,-2.568359375,-1.77734375,-13.6015625,-1.17578125,0.5625
7323689537000,-3.22265625,-2.57421875,-1.73046875,-13.6015625,-1.13671875,0.515625
7323691938000,-3.50390625,-2.609375,-1.634765625,-13.78125,-3.05859375,2.37890625
7323694418000,-3.841796875,-2.666015625,-1.521484375,-13.78125,-3.02734375,2.33203125
7323697125000,-4.173828125,-2.744140625,-1.36328125,-13.87890625,-5.234375,3.80078125
7323699477000,-4.509765625,-2.83203125,-1.18359375,-13.8984375,-7.5859375,5.00390625
7323704654000,-5.16015625,-3.0625,-0.732421875,-13.8828125,-7.5625,4.91015625
7323707418000,-5.4296875,-3.21484375,-0.4609375,-13.765625,-9.875,6.1328125
7323709556000,-5.701171875,-3.41796875,-0.17578125,-13.9296875,-12.1015625,7.71875
7323711828000,-5.931640625,-3.642578125,0.123046875,-13.921875,-12.109375,7.65625
7323714385000,-6.107421875,-3.9375,0.49609375,-13.37890625,-13.8515625,9.703125
7323716793000,-6.203125,-3.91015625,0.80078125,-11.89453125,-15.7109375,11.04296875
7323719306000,-6.26953125,-4.32421875,1.244140625,-11.55078125,-16.77734375,13.5703125
7323724358000,-6.138671875,-4.49609375,2.033203125,-9.85546875,-18.296875,15.1640625
7323731984000,-5.779296875,-4.271484375,2.83984375,-7.45703125,-19.27734375,20.6484375
7323739348000,-4.99609375,-4.169921875,3.177734375,-5.67578125,-19.125,22.515625
7323744348000,-4.546875,-4.07421875,3.15625,-4.73046875,-18.7734375,23.0703125
7323746929000,-3.498046875,-3.857421875,3.013671875,-3.0,-18.5,23.51953125
7323751765000,-2.33984375,-3.54296875,2.830078125,-2.9921875,-18.6328125,23.35546875
7323754820000,-1.7578125,-3.322265625,2.716796875,-0.828125,-18.17578125,23.93359375
7323756928000,-1.185546875,-3.064453125,2.642578125,0.98046875,-17.4140625,24.3515625
7323759378000,-0.66796875,-2.818359375,2.568359375,2.08203125,-16.55859375,24.953125
7323766719000,0.685546875,-2.04296875,2.271484375,2.8125,-15.9453125,25.3359375
7323774386000,1.826171875,-1.46875,1.876953125,3.89453125,-15.515625,26.1796875
7323781783000,3.314453125,-1.087890625,1.44921875,5.03125,-14.8515625,25.06640625
7323786658000,4.51953125,-0.865234375,1.15234375,5.03125,-14.9375,25.01953125
7323789413000,5.12109375,-0.759765625,1.01171875,6.0078125,-14.4375,24.2890625
7323791725000,5.650390625,-0.68359375,0.88671875,7.3984375,-13.921875,23.77734375
7323794533000,6.1171875,-0.6015625,0.779296875,7.390625,-13.96875,23.75390625
7323796617000,6.513671875,-0.498046875,0.677734375,10.38671875,-12.6328125,22.921875
7323801843000,7.091796875,-0.251953125,0.544921875,11.62109375,-11.828125,22.0
7323804092000,7.30859375,-0.078125,0.494140625,11.61328125,-11.8671875,22.0
7323806828000,7.509765625,0.095703125,0.45703125,12.859375,-10.875,20.83203125
7323809425000,7.671875,0.279296875,0.390625,12.8671875,-10.9140625,20.83203125
7323811701000,7.841796875,0.44140625,0.328125,14.2734375,-9.66015625,19.26953125
7323814351000,8.017578125,0.59375,0.251953125,15.8359375,-8.109375,17.1328125
7323816853000,8.16796875,0.72265625,0.169921875,16.9375,-6.21484375,14.47265625
7323822369000,8.51953125,0.921875,-0.068359375,17.78515625,-4.23046875,11.83984375
7323829158000,8.900390625,1.01171875,-0.68359375,19.44140625,-1.0,7.4375
7323838128000,8.982421875,1.189453125,-1.490234375,20.34765625,1.359375,3.14453125
7323841744000,8.908203125,1.400390625,-2.099609375,20.34765625,1.3984375,3.21484375
7323844191000,8.822265625,1.515625,-2.408203125,20.98828125,1.99609375,-1.1015625
7323846538000,8.7265625,1.677734375,-2.7265625,20.99609375,2.04296875,-1.0625
7323849027000,8.60546875,1.8515625,-3.04296875,20.765625,2.1171875,-3.70703125
7323851440000,8.529296875,2.0390625,-3.357421875,20.4375,2.0546875,-6.8125
7323854108000,8.44140625,2.232421875,-3.669921875,20.4453125,2.1171875,-6.7578125
7323856646000,8.34765625,2.4140625,-4.0,20.17578125,1.8125,-9.9375
7323864107000,7.783203125,2.98828125,-4.857421875,18.73046875,0.8125,-16.2890625
7323869522000,7.173828125,3.439453125,-5.365234375,17.33203125,0.09765625,-20.1015625
7323881226000,5.41796875,4.361328125,-6.103515625,12.17578125,-4.54296875,-31.24609375
7323884311000,4.359375,4.751953125,-6.3203125,10.39453125,-6.5546875,-34.8984375
7323889115000,3.33984375,5.03515625,-6.4453125,10.34765625,-6.2265625,-34.6875
7323891758000,2.87109375,5.095703125,-6.4375,8.7109375,-8.58203125,-38.23828125
7323894038000,2.427734375,5.0546875,-6.38671875,7.09765625,-11.13671875,-41.75390625
7323896493000,1.998046875,4.953125,-6.294921875,5.26171875,-13.6171875,-44.12890625
7323898862000,1.572265625,4.755859375,-6.158203125,2.93359375,-15.453125,-45.0703125
7323901489000,1.142578125,4.4765625,-5.97265625,2.89453125,-15.3046875,-44.96875
7323904019000,0.71875,4.15234375,-5.728515625,0.41796875,-16.2734375,-44.69140625
7323906412000,0.29296875,3.794921875,-5.453125,-1.55859375,-16.5625,-43.27734375
7323909010000,-0.146484375,3.376953125,-5.083984375,-1.60546875,-16.4375,-43.19140625
7323911408000,-0.609375,2.966796875,-4.703125,-3.18359375,-16.18359375,-41.1484375
7323913903000,-1.080078125,2.55078125,-4.251953125,-3.23046875,-16.08203125,-41.078125
7323916593000,-1.55859375,2.142578125,-3.734375,-4.32421875,-15.38671875,-38.84375
7323918889000,-2.068359375,1.734375,-3.177734375,-5.0703125,-14.328125,-36.1953125
7323926711000,-3.658203125,0.560546875,-1.46875,-6.1953125,-12.80859375,-33.17578125
7323932111000,-4.6875,-0.115234375,-0.435546875,-8.2890625,-8.47265625,-27.1484375
7323943711000,-6.162109375,-1.30078125,1.3125,-8.5703125,-1.671875,-20.6953125
7323946418000,-6.642578125,-1.810546875,1.923828125,-8.55859375,0.20703125,-18.23046875
7323951189000,-7.146484375,-2.27734375,2.306640625,-8.51171875,0.05078125,-18.20703125
7323954279000,-7.39453125,-2.52734375,2.41015625,-8.52734375,1.66796875,-15.609375
7323956501000,-7.646484375,-2.80078125,2.4765625,-8.91015625,2.7421875,-13.16796875
7323958846000,-7.90625,-3.046875,2.505859375,-8.96875,3.44921875,-10.91796875
7323966366000,-8.578125,-3.43359375,2.36328125,-8.46484375,2.34375,-6.8515625
7323973944000,-9.189453125,-3.513671875,2.126953125,-7.734375,-0.00390625,-3.1796875
7323981554000,-9.7578125,-3.537109375,2.0,-7.5703125,-3.10546875,0.15625
7323986111000,-10.0703125,-3.59375,2.078125,-7.53125,-3.26953125,0.0859375
7323988777000,-10.220703125,-3.6328125,2.16796875,-7.265625,-5.32421875,1.625
7323991165000,-10.337890625,-3.7109375,2.2734375,-7.1953125,-7.42578125,3.1171875
7323993802000,-10.443359375,-3.83203125,2.439453125,-7.171875,-7.51171875,3.0546875
7323996267000,-10.53125,-3.986328125,2.595703125,-7.65625,-12.0546875,6.734375
7323998739000,-10.58203125,-4.13671875,2.771484375,-7.640625,-12.140625,6.671875
7324001327000,-10.61328125,-4.3515625,2.98828125,-7.0703125,-14.53125,8.546875
7324006304000,-10.552734375,-4.505859375,3.431640625,-7.0390625,-14.7421875,8.3984375
7324009038000,-10.4453125,-4.626953125,3.626953125,-7.24609375,-16.53515625,10.96875
7324011021000,-10.3359375,-4.529296875,3.869140625,-6.30859375,-17.953125,13.05078125
7324013727000,-10.158203125,-4.314453125,4.1171875,-6.29296875,-18.078125,12.95703125
7324016127000,-9.970703125,-4.138671875,4.33984375,-4.8515625,-19.91796875,17.78515625
7324021968000,-9.533203125,-4.0,4.7421875,-4.234375,-20.33203125,19.30078125
7324028996000,-8.458984375,-3.734375,5.12109375,-3.34765625,-20.484375,20.8671875
7324037842000,-6.951171875,-3.2578125,5.27734375,-0.94921875,-19.69921875,21.92578125
7324041058000,-5.94140625,-2.78125,5.29296875,-0.97265625,-19.94921875,21.76171875
7324043638000,-5.451171875,-2.5625,5.279296875,0.0625,-18.3984375,22.05859375
7324046064000,-4.96875,-2.375,5.251953125,0.046875,-18.515625,21.98828125
7324048599000,-4.53125,-2.142578125,5.21875,1.046875,-18.05859375,22.01171875
7324050970000,-4.08984375,-1.91015625,5.171875,1.203125,-18.3828125,21.73828125
7324053544000,-3.65625,-1.662109375,5.09765625,1.1875,-18.5078125,21.67578125
7324056232000,-3.23828125,-1.431640625,4.978515625,1.18359375,-18.55078125,21.1484375
7324063405000,-1.998046875,-0.806640625,4.673828125,1.67578125,-18.28515625,19.1328125
7324069097000,-1.173828125,-0.46484375,4.466796875,1.9921875,-17.87109375,17.890625
7324080802000,0.58203125,-0.123046875,4.087890625,2.6640625,-16.0390625,13.45703125
7324083325000,1.552734375,-0.201171875,3.83203125,2.76953125,-15.52734375,12.0859375
7324088616000,2.587890625,-0.427734375,3.54296875,2.71484375,-15.71484375,12.09375
7324091265000,3.1015625,-0.544921875,3.419921875,3.421875,-15.0703125,10.94140625
7324093447000,3.595703125,-0.67578125,3.255859375,4.23828125,-14.125,10.203125
7324096033000,4.06640625,-0.783203125,3.08984375,5.27734375,-12.8984375,9.828125
7324098299000,4.537109375,-0.90234375,2.9140625,6.43359375,-11.38671875,9.18359375
7324104358000,5.48828125,-1.083984375,2.57421875,7.890625,-9.9765625,8.14453125
7324110946000,6.83984375,-1.251953125,2.01171875,11.171875,-7.3203125,6.4609375
7324119947000,7.71484375,-1.177734375,1.31640625,13.2421875,-4.734375,5.2890625
7324123406000,8.05859375,-0.951171875,0.765625,14.19140625,-3.6171875,4.5
7324125888000,8.171875,-0.748046875,0.47265625,15.05859375,-2.546875,3.54296875
7324128420000,8.26953125,-0.521484375,0.173828125,15.05859375,-2.5703125,3.61328125
7324130724000,8.33984375,-0.240234375,-0.111328125,15.87109375,-1.65234375,2.17578125
7324133371000,8.416015625,0.0546875,-0.423828125,16.37890625,-0.921875,0.3671875
7324138366000,8.529296875,0.7109375,-1.046875,16.38671875,-0.890625,0.5390625
7324143229000,8.5703125,1.3984375,-1.623046875,16.58984375,0.5625,-3.86328125
7324150798000,8.357421875,2.44140625,-2.408203125,15.46875,2.296875,-9.0546875
7324158295000,7.72265625,3.369140625,-3.033203125,13.3984375,3.4375,-15.83203125
7324163062000,7.466796875,3.638671875,-3.201171875,12.28125,3.7109375,-19.64453125
7324165718000,6.833984375,4.123046875,-3.5,10.72265625,4.328125,-22.59375
7324168228000,6.44921875,4.2890625,-3.6171875,10.73046875,4.4375,-22.4375
7324170686000,6.017578125,4.4140625,-3.69921875,8.91796875,5.2578125,-25.14453125
7324173321000,5.5234375,4.4765625,-3.759765625,7.30859375,6.02734375,-27.60546875
7324178255000,4.517578125,4.408203125,-3.796875,7.30859375,6.24609375,-27.33984375
7324182686000,4.052734375,4.26953125,-3.787109375,5.41015625,6.81640625,-32.48046875
7324190376000,2.93359375,3.509765625,-3.66796875,4.1484375,7.7578125,-34.73046875
7324198112000,1.662109375,2.0390625,-3.603515625,2.921875,8.6640625,-33.7734375
7324200750000,1.37890625,1.705078125,-3.60546875,2.359375,8.73046875,-32.82421875
7324205739000,0.80078125,1.1875,-3.65234375,2.359375,8.91796875,-32.74609375
7324208216000,0.517578125,0.962890625,-3.701171875,1.7734375,8.70703125,-31.21484375
7324210584000,0.212890625,0.794921875,-3.736328125,1.20703125,8.29296875,-29.390625
7324213277000,-0.052734375,0.619140625,-3.79296875,1.21484375,8.37890625,-29.3828125
7324215529000,-0.318359375,0.466796875,-3.822265625,-0.75,7.9296875,-25.125
7324218165000,-0.568359375,0.3125,-3.845703125,-0.75,8.015625,-25.109375
7324220644000,-0.806640625,0.14453125,-3.869140625,-1.83203125,7.92578125,-22.75
7324223009000,-1.03125,-0.04296875,-3.876953125,-1.82421875,8.00390625,-22.75
7324225752000,-1.240234375,-0.255859375,-3.828125,-2.70703125,7.83203125,-20.43359375
7324228109000,-1.416015625,-0.470703125,-3.77734375,-2.69921875,7.91015625,-20.44140625
7324230626000,-1.552734375,-0.6875,-3.69921875,-3.41015625,7.55859375,-18.41796875
7324233241000,-1.67578125,-0.919921875,-3.603515625,-4.1484375,7.01171875,-16.44140625
7324235640000,-1.765625,-1.16015625,-3.48828125,-4.7734375,6.27734375,-14.328125
7324240779000,-1.93359375,-1.654296875,-3.240234375,-5.45703125,5.37890625,-12.1796875
7324247983000,-2.091796875,-2.357421875,-2.859375,-6.85546875,3.7109375,-7.97265625
7324257163000,-2.138671875,-2.892578125,-2.52734375,-7.9296875,2.078125,-4.109375
7324260688000,-2.123046875,-3.267578125,-2.314453125,-7.890625,2.171875,-4.2578125
7324263040000,-2.091796875,-3.4296875,-2.19140625,-8.34375,1.07421875,-2.47265625
7324265638000,-2.072265625,-3.51171875,-2.095703125,-8.15625,0.07421875,-0.68359375
7324267987000,-2.064453125,-3.53515625,-2.00390625,-8.20703125,-0.79296875,1.2890625
7324270457000,-2.064453125,-3.544921875,-1.912109375,-8.19140625,-0.75390625,1.203125
7324273124000,-2.0859375,-3.544921875,-1.8359375,-8.22265625,-1.74609375,2.9375
7324275507000,-2.11328125,-3.525390625,-1.74609375,-8.140625,-2.75,4.33984375
7324277941000,-2.140625,-3.51171875,-1.67578125,-8.0859375,-3.6953125,5.56640625
7324280542000,-2.173828125,-3.486328125,-1.580078125,-8.0703125,-3.6640625,5.48046875
7324282944000,-2.203125,-3.458984375,-1.50390625,-7.9375,-4.734375,6.65625
7324287868000,-2.2578125,-3.38671875,-1.30859375,-7.9140625,-4.6875,6.5
7324290385000,-2.30078125,-3.33203125,-1.18359375,-7.65625,-5.859375,7.609375
7324292976000,-2.328125,-3.271484375,-1.060546875,-7.375,-7.109375,8.56640625
7324295652000,-2.361328125,-3.1953125,-0.921875,-7.05078125,-8.25390625,9.41015625
7324298040000,-2.375,-3.142578125,-0.767578125,-6.92578125,-9.33984375,10.2578125
7324302848000,-2.427734375,-3.0625,-0.4296875,-6.91796875,-9.32421875,10.125
7324305450000,-2.478515625,-3.125,-0.1875,-6.5390625,-10.13671875,11.109375
7324307760000,-2.498046875,-3.01953125,0.01953125,-5.80859375,-11.09375,11.4296875
7324310533000,-2.546875,-3.12890625,0.296875,-5.80078125,-11.109375,11.3671875
7324312959000,-2.552734375,-3.26953125,0.54296875,-6.4375,-12.015625,12.4765625
7324315674000,-2.5234375,-3.232421875,0.794921875,-4.90625,-12.671875,12.7734375
7324319559000,-2.505859375,-3.072265625,1.05859375,-4.4296875,-13.6171875,13.8125
7324323629000,-2.546875,-2.85546875,1.423828125,-4.375,-14.0703125,15.2421875
7324331365000,-2.6328125,-2.896484375,1.755859375,-4.00390625,-14.8359375,16.703125
7324342894000,-1.7109375,-2.578125,2.357421875,-2.08984375,-15.265625,17.4140625
7324345361000,-1.4296875,-2.447265625,2.5234375,1.2421875,-14.46875,18.21484375
7324347800000,-1.103515625,-2.30859375,2.6875,1.2421875,-14.5234375,18.16015625
7324350287000,-0.76171875,-2.203125,2.86328125,2.2578125,-13.75,18.19140625
7324352636000,-0.416015625,-2.08203125,2.990234375,2.62890625,-12.77734375,17.828125
7324355217000,-0.041015625,-1.978515625,3.080078125,2.62890625,-12.85546875,17.78125
7324357883000,0.3671875,-1.884765625,3.123046875,2.79296875,-11.890625,17.14453125
7324360174000,0.751953125,-1.81640625,3.130859375,3.33984375,-11.05859375,16.46484375
7324362858000,1.1640625,-1.75,3.078125,3.33203125,-11.13671875,16.41796875
7324365372000,1.57421875,-1.681640625,3.01171875,4.37890625,-10.37109375,15.6796875
7324370273000,2.349609375,-1.38671875,2.8046875,4.37109375,-10.51171875,15.6015625
7324373051000,2.716796875,-1.18359375,2.6796875,5.76171875,-9.6796875,14.83203125
7324375155000,3.060546875,-0.998046875,2.548828125,6.61328125,-8.74609375,14.16796875
7324377757000,3.35546875,-0.865234375,2.423828125,7.11328125,-7.66796875,13.2109375
7324385209000,4.134765625,-0.625,1.9609375,8.06640625,-5.85546875,11.2734375
7324392637000,4.720703125,-0.33203125,1.515625,9.10546875,-4.5859375,9.83984375
7324400160000,5.10546875,0.068359375,1.087890625,9.8828125,-3.12109375,8.44140625
7324405057000,5.279296875,0.28515625,0.837890625,9.875,-3.18359375,8.48046875
7324407634000,5.359375,0.380859375,0.693359375,10.2890625,-2.296875,7.65234375
7324410226000,5.44921875,0.455078125,0.572265625,10.56640625,-1.45703125,6.671875
7324412647000,5.529296875,0.54296875,0.4296875,10.56640625,-1.48046875,6.703125
7324415210000,5.625,0.625,0.287109375,11.67578125,0.5625,4.64453125
7324417760000,5.708984375,0.697265625,0.146484375,11.67578125,0.546875,4.68359375
7324420191000,5.787109375,0.806640625,-0.00390625,12.35546875,1.45703125,3.65234375
7324425038000,5.857421875,1.029296875,-0.33984375,12.36328125,1.44140625,3.73828125
7324427930000,5.873046875,1.158203125,-0.517578125,12.84375,2.29296875,2.75
7324430090000,5.869140625,1.328125,-0.732421875,13.109375,3.06640625,1.7265625
7324432676000,5.8515625,1.505859375,-0.935546875,13.203125,3.7890625,0.359375
7324435038000,5.83203125,1.71875,-1.177734375,13.18359375,4.37890625,-1.328125
7324437618000,5.8046875,1.955078125,-1.4296875,13.19140625,4.41015625,-1.265625
7324439901000,5.767578125,2.185546875,-1.669921875,13.01171875,4.94921875,-3.30078125
7324442582000,5.71484375,2.44140625,-1.92578125,12.78515625,5.33203125,-5.55859375
7324445095000,5.65234375,2.697265625,-2.181640625,12.77734375,5.38671875,-5.48046875
7324447596000,5.548828125,2.951171875,-2.4453125,12.2578125,5.81640625,-8.0078125
7324452627000,5.26953125,3.44140625,-2.9921875,12.2734375,5.95703125,-7.8125
7324455224000,5.09765625,3.66015625,-3.2578125,10.08984375,7.1796875,-13.6015625
7324460045000,4.591796875,4.02734375,-3.83203125,10.08984375,7.359375,-13.3984375
7324462974000,4.25,4.18359375,-4.099609375,9.11328125,7.49609375,-16.14453125
7324464953000,3.83984375,4.35546875,-4.3671875,7.9921875,7.4765625,-18.5703125
7324467414000,3.345703125,4.498046875,-4.61328125,7.9921875,7.6015625,-18.4609375
7324469964000,2.8046875,4.65234375,-4.859375,6.73046875,7.3828125,-20.9765625
7324472430000,2.248046875,4.791015625,-5.068359375,5.40234375,6.72265625,-23.84375
7324475086000,1.6953125,4.8515625,-5.240234375,4.23828125,5.80859375,-26.6796875
7324479892000,0.693359375,4.826171875,-5.474609375,4.20703125,6.07421875,-26.4453125
7324484008000,0.240234375,4.70703125,-5.509765625,2.7578125,3.1796875,-31.59765625
7324489989000,-0.72265625,3.921875,-5.4375,0.12109375,0.609375,-33.9375
